indicador_id;indicador;universo_do_indicador;grupo_de_comparacao;periodo;etapa;componente;codigo_ibge;capital;uf;valor_numerico;valor_exibido;unidade;estado_do_dado;elegivel_comparacao;incluida_na_comparacao;conferencia;motivo_exclusao;nota;mediana_das_incluidas;capitais_no_grupo;capitais_com_valor;capitais_incluidas;versao_metodologica;dados_gerados_em;hash_dados;fonte;media_simples_das_incluidas;minimo_das_incluidas;maximo_das_incluidas;primeiro_quartil;terceiro_quartil;quartis_exibidos;razao_agregada_do_grupo;politica_de_referencias;parcela_intraorcamentaria_pct_da_funcao
edu.despesa.aplicacao_direta_por_matricula;Despesa liquidada de aplicação direta por matrícula da rede municipal;"Despesa de aplicação direta na função Educação, sem inativos, ensino superior, transferências e delegações ÷ matrículas das escolas municipais. Por matrícula, não por estudante único; não é despesa efetiva da rede por aluno.";"Todas as capitais estaduais; exercício 2022 (despesa) e Censo Escolar 2022 (matrículas), reais correntes. Entram as capitais com valor observado e elegível para comparação pela política de conferência da despesa.";exercício 2022 (despesa) e Censo Escolar 2022 (matrículas);Não se aplica;Valor nominal;2800308;Aracaju;SE;11014.23673;R$ 11.014;R$ correntes por matrícula por ano;Observado;sim;sim;Confere com o RREO;;1 escola(s) do recorte aparecem no arquivo de microdados sem nenhuma contagem de matrícula (campos vazios). O total da Sinopse Estatística do INEP para a rede municipal do município (31.200) é igual à soma das escolas com contagem. o que mostra contribuição nula dessas escolas na tabulação oficial.;11284.99575;26;23;23;1.3;2026-10-09T05:55:59Z;326adb15ec058bd45a0dfe34ef281fe92c02015978641320e7aee317aa4f8608;"Siconfi, MSC de dezembro de 2022 e DCA 2022; INEP, Censo Escolar 2022";11446.9038568;7463.592966;18119.482427;9645.6379365;13071.913907;sim;12014.667101;"média simples (peso igual por capital), mediana, quartis de tipo 7 (exibidos com 8 ou mais valores) e razão agregada dos mesmos pares; ver politica_referencias na gold";34.6639
edu.despesa.aplicacao_direta_por_matricula;Despesa liquidada de aplicação direta por matrícula da rede municipal;"Despesa de aplicação direta na função Educação, sem inativos, ensino superior, transferências e delegações ÷ matrículas das escolas municipais. Por matrícula, não por estudante único; não é despesa efetiva da rede por aluno.";"Todas as capitais estaduais; exercício 2022 (despesa) e Censo Escolar 2022 (matrículas), reais correntes. Entram as capitais com valor observado e elegível para comparação pela política de conferência da despesa.";exercício 2022 (despesa) e Censo Escolar 2022 (matrículas);Não se aplica;Valor nominal;1501402;Belém;PA;10219.346209;R$ 10.219;R$ correntes por matrícula por ano;Observado;sim;sim;Confere com o RREO;;;11284.99575;26;23;23;1.3;2026-10-09T05:55:59Z;326adb15ec058bd45a0dfe34ef281fe92c02015978641320e7aee317aa4f8608;"Siconfi, MSC de dezembro de 2022 e DCA 2022; INEP, Censo Escolar 2022";11446.9038568;7463.592966;18119.482427;9645.6379365;13071.913907;sim;12014.667101;"média simples (peso igual por capital), mediana, quartis de tipo 7 (exibidos com 8 ou mais valores) e razão agregada dos mesmos pares; ver politica_referencias na gold";8.2476
edu.despesa.aplicacao_direta_por_matricula;Despesa liquidada de aplicação direta por matrícula da rede municipal;"Despesa de aplicação direta na função Educação, sem inativos, ensino superior, transferências e delegações ÷ matrículas das escolas municipais. Por matrícula, não por estudante único; não é despesa efetiva da rede por aluno.";"Todas as capitais estaduais; exercício 2022 (despesa) e Censo Escolar 2022 (matrículas), reais correntes. Entram as capitais com valor observado e elegível para comparação pela política de conferência da despesa.";exercício 2022 (despesa) e Censo Escolar 2022 (matrículas);Não se aplica;Valor nominal;3106200;Belo Horizonte;MG;12946.45803;R$ 12.946;R$ correntes por matrícula por ano;Observado;sim;sim;Confere com o RREO;;10 escola(s) do recorte aparecem no arquivo de microdados sem nenhuma contagem de matrícula (campos vazios). O total da Sinopse Estatística do INEP para a rede municipal do município (162.735) é igual à soma das escolas com contagem. o que mostra contribuição nula dessas escolas na tabulação oficial.;11284.99575;26;23;23;1.3;2026-10-09T05:55:59Z;326adb15ec058bd45a0dfe34ef281fe92c02015978641320e7aee317aa4f8608;"Siconfi, MSC de dezembro de 2022 e DCA 2022; INEP, Censo Escolar 2022";11446.9038568;7463.592966;18119.482427;9645.6379365;13071.913907;sim;12014.667101;"média simples (peso igual por capital), mediana, quartis de tipo 7 (exibidos com 8 ou mais valores) e razão agregada dos mesmos pares; ver politica_referencias na gold";9.2635
edu.despesa.aplicacao_direta_por_matricula;Despesa liquidada de aplicação direta por matrícula da rede municipal;"Despesa de aplicação direta na função Educação, sem inativos, ensino superior, transferências e delegações ÷ matrículas das escolas municipais. Por matrícula, não por estudante único; não é despesa efetiva da rede por aluno.";"Todas as capitais estaduais; exercício 2022 (despesa) e Censo Escolar 2022 (matrículas), reais correntes. Entram as capitais com valor observado e elegível para comparação pela política de conferência da despesa.";exercício 2022 (despesa) e Censo Escolar 2022 (matrículas);Não se aplica;Valor nominal;1400100;Boa Vista;RR;11284.99575;R$ 11.285;R$ correntes por matrícula por ano;Observado;sim;sim;Confere com o RREO;;4 escola(s) do recorte aparecem no arquivo de microdados sem nenhuma contagem de matrícula (campos vazios). O total da Sinopse Estatística do INEP para a rede municipal do município (45.153) é igual à soma das escolas com contagem. o que mostra contribuição nula dessas escolas na tabulação oficial.;11284.99575;26;23;23;1.3;2026-10-09T05:55:59Z;326adb15ec058bd45a0dfe34ef281fe92c02015978641320e7aee317aa4f8608;"Siconfi, MSC de dezembro de 2022 e DCA 2022; INEP, Censo Escolar 2022";11446.9038568;7463.592966;18119.482427;9645.6379365;13071.913907;sim;12014.667101;"média simples (peso igual por capital), mediana, quartis de tipo 7 (exibidos com 8 ou mais valores) e razão agregada dos mesmos pares; ver politica_referencias na gold";5.038
edu.despesa.aplicacao_direta_por_matricula;Despesa liquidada de aplicação direta por matrícula da rede municipal;"Despesa de aplicação direta na função Educação, sem inativos, ensino superior, transferências e delegações ÷ matrículas das escolas municipais. Por matrícula, não por estudante único; não é despesa efetiva da rede por aluno.";"Todas as capitais estaduais; exercício 2022 (despesa) e Censo Escolar 2022 (matrículas), reais correntes. Entram as capitais com valor observado e elegível para comparação pela política de conferência da despesa.";exercício 2022 (despesa) e Censo Escolar 2022 (matrículas);Não se aplica;Valor nominal;5002704;Campo Grande;MS;8709.169615;R$ 8.709;R$ correntes por matrícula por ano;Observado;sim;sim;Confere com o RREO;;1 escola(s) do recorte aparecem no arquivo de microdados sem nenhuma contagem de matrícula (campos vazios). O total da Sinopse Estatística do INEP para a rede municipal do município (108.356) é igual à soma das escolas com contagem. o que mostra contribuição nula dessas escolas na tabulação oficial.;11284.99575;26;23;23;1.3;2026-10-09T05:55:59Z;326adb15ec058bd45a0dfe34ef281fe92c02015978641320e7aee317aa4f8608;"Siconfi, MSC de dezembro de 2022 e DCA 2022; INEP, Censo Escolar 2022";11446.9038568;7463.592966;18119.482427;9645.6379365;13071.913907;sim;12014.667101;"média simples (peso igual por capital), mediana, quartis de tipo 7 (exibidos com 8 ou mais valores) e razão agregada dos mesmos pares; ver politica_referencias na gold";12.1527
edu.despesa.aplicacao_direta_por_matricula;Despesa liquidada de aplicação direta por matrícula da rede municipal;"Despesa de aplicação direta na função Educação, sem inativos, ensino superior, transferências e delegações ÷ matrículas das escolas municipais. Por matrícula, não por estudante único; não é despesa efetiva da rede por aluno.";"Todas as capitais estaduais; exercício 2022 (despesa) e Censo Escolar 2022 (matrículas), reais correntes. Entram as capitais com valor observado e elegível para comparação pela política de conferência da despesa.";exercício 2022 (despesa) e Censo Escolar 2022 (matrículas);Não se aplica;Valor nominal;5103403;Cuiabá;MT;11680.808372;R$ 11.681;R$ correntes por matrícula por ano;Observado;sim;sim;Confere com o RREO;;7 escola(s) do recorte aparecem no arquivo de microdados sem nenhuma contagem de matrícula (campos vazios). O total da Sinopse Estatística do INEP para a rede municipal do município (56.963) é igual à soma das escolas com contagem. o que mostra contribuição nula dessas escolas na tabulação oficial.;11284.99575;26;23;23;1.3;2026-10-09T05:55:59Z;326adb15ec058bd45a0dfe34ef281fe92c02015978641320e7aee317aa4f8608;"Siconfi, MSC de dezembro de 2022 e DCA 2022; INEP, Censo Escolar 2022";11446.9038568;7463.592966;18119.482427;9645.6379365;13071.913907;sim;12014.667101;"média simples (peso igual por capital), mediana, quartis de tipo 7 (exibidos com 8 ou mais valores) e razão agregada dos mesmos pares; ver politica_referencias na gold";8.351
edu.despesa.aplicacao_direta_por_matricula;Despesa liquidada de aplicação direta por matrícula da rede municipal;"Despesa de aplicação direta na função Educação, sem inativos, ensino superior, transferências e delegações ÷ matrículas das escolas municipais. Por matrícula, não por estudante único; não é despesa efetiva da rede por aluno.";"Todas as capitais estaduais; exercício 2022 (despesa) e Censo Escolar 2022 (matrículas), reais correntes. Entram as capitais com valor observado e elegível para comparação pela política de conferência da despesa.";exercício 2022 (despesa) e Censo Escolar 2022 (matrículas);Não se aplica;Valor nominal;4106902;Curitiba;PR;13763.020565;R$ 13.763;R$ correntes por matrícula por ano;Observado;sim;sim;Confere com o RREO;;11 escola(s) do recorte aparecem no arquivo de microdados sem nenhuma contagem de matrícula (campos vazios). O total da Sinopse Estatística do INEP para a rede municipal do município (118.252) é igual à soma das escolas com contagem. o que mostra contribuição nula dessas escolas na tabulação oficial.;11284.99575;26;23;23;1.3;2026-10-09T05:55:59Z;326adb15ec058bd45a0dfe34ef281fe92c02015978641320e7aee317aa4f8608;"Siconfi, MSC de dezembro de 2022 e DCA 2022; INEP, Censo Escolar 2022";11446.9038568;7463.592966;18119.482427;9645.6379365;13071.913907;sim;12014.667101;"média simples (peso igual por capital), mediana, quartis de tipo 7 (exibidos com 8 ou mais valores) e razão agregada dos mesmos pares; ver politica_referencias na gold";13.2613
edu.despesa.aplicacao_direta_por_matricula;Despesa liquidada de aplicação direta por matrícula da rede municipal;"Despesa de aplicação direta na função Educação, sem inativos, ensino superior, transferências e delegações ÷ matrículas das escolas municipais. Por matrícula, não por estudante único; não é despesa efetiva da rede por aluno.";"Todas as capitais estaduais; exercício 2022 (despesa) e Censo Escolar 2022 (matrículas), reais correntes. Entram as capitais com valor observado e elegível para comparação pela política de conferência da despesa.";exercício 2022 (despesa) e Censo Escolar 2022 (matrículas);Não se aplica;Valor nominal;4205407;Florianópolis;SC;18119.482427;R$ 18.119;R$ correntes por matrícula por ano;Observado;sim;sim;Confere com o RREO;;14 escola(s) do recorte aparecem no arquivo de microdados sem nenhuma contagem de matrícula (campos vazios). O total da Sinopse Estatística do INEP para a rede municipal do município (36.089) é igual à soma das escolas com contagem. o que mostra contribuição nula dessas escolas na tabulação oficial.;11284.99575;26;23;23;1.3;2026-10-09T05:55:59Z;326adb15ec058bd45a0dfe34ef281fe92c02015978641320e7aee317aa4f8608;"Siconfi, MSC de dezembro de 2022 e DCA 2022; INEP, Censo Escolar 2022";11446.9038568;7463.592966;18119.482427;9645.6379365;13071.913907;sim;12014.667101;"média simples (peso igual por capital), mediana, quartis de tipo 7 (exibidos com 8 ou mais valores) e razão agregada dos mesmos pares; ver politica_referencias na gold";6.0546
edu.despesa.aplicacao_direta_por_matricula;Despesa liquidada de aplicação direta por matrícula da rede municipal;"Despesa de aplicação direta na função Educação, sem inativos, ensino superior, transferências e delegações ÷ matrículas das escolas municipais. Por matrícula, não por estudante único; não é despesa efetiva da rede por aluno.";"Todas as capitais estaduais; exercício 2022 (despesa) e Censo Escolar 2022 (matrículas), reais correntes. Entram as capitais com valor observado e elegível para comparação pela política de conferência da despesa.";exercício 2022 (despesa) e Censo Escolar 2022 (matrículas);Não se aplica;Valor nominal;2304400;Fortaleza;CE;9179.178038;R$ 9.179;R$ correntes por matrícula por ano;Observado;sim;sim;Confere com o RREO;;29 escola(s) do recorte aparecem no arquivo de microdados sem nenhuma contagem de matrícula (campos vazios). O total da Sinopse Estatística do INEP para a rede municipal do município (239.158) é igual à soma das escolas com contagem. o que mostra contribuição nula dessas escolas na tabulação oficial.;11284.99575;26;23;23;1.3;2026-10-09T05:55:59Z;326adb15ec058bd45a0dfe34ef281fe92c02015978641320e7aee317aa4f8608;"Siconfi, MSC de dezembro de 2022 e DCA 2022; INEP, Censo Escolar 2022";11446.9038568;7463.592966;18119.482427;9645.6379365;13071.913907;sim;12014.667101;"média simples (peso igual por capital), mediana, quartis de tipo 7 (exibidos com 8 ou mais valores) e razão agregada dos mesmos pares; ver politica_referencias na gold";11.8901
edu.despesa.aplicacao_direta_por_matricula;Despesa liquidada de aplicação direta por matrícula da rede municipal;"Despesa de aplicação direta na função Educação, sem inativos, ensino superior, transferências e delegações ÷ matrículas das escolas municipais. Por matrícula, não por estudante único; não é despesa efetiva da rede por aluno.";"Todas as capitais estaduais; exercício 2022 (despesa) e Censo Escolar 2022 (matrículas), reais correntes. Entram as capitais com valor observado e elegível para comparação pela política de conferência da despesa.";exercício 2022 (despesa) e Censo Escolar 2022 (matrículas);Não se aplica;Valor nominal;5208707;Goiânia;GO;13351.712833;R$ 13.352;R$ correntes por matrícula por ano;Observado;sim;sim;Confere com o RREO;;4 escola(s) do recorte aparecem no arquivo de microdados sem nenhuma contagem de matrícula (campos vazios). O total da Sinopse Estatística do INEP para a rede municipal do município (100.655) é igual à soma das escolas com contagem. o que mostra contribuição nula dessas escolas na tabulação oficial.;11284.99575;26;23;23;1.3;2026-10-09T05:55:59Z;326adb15ec058bd45a0dfe34ef281fe92c02015978641320e7aee317aa4f8608;"Siconfi, MSC de dezembro de 2022 e DCA 2022; INEP, Censo Escolar 2022";11446.9038568;7463.592966;18119.482427;9645.6379365;13071.913907;sim;12014.667101;"média simples (peso igual por capital), mediana, quartis de tipo 7 (exibidos com 8 ou mais valores) e razão agregada dos mesmos pares; ver politica_referencias na gold";9.0708
edu.despesa.aplicacao_direta_por_matricula;Despesa liquidada de aplicação direta por matrícula da rede municipal;"Despesa de aplicação direta na função Educação, sem inativos, ensino superior, transferências e delegações ÷ matrículas das escolas municipais. Por matrícula, não por estudante único; não é despesa efetiva da rede por aluno.";"Todas as capitais estaduais; exercício 2022 (despesa) e Censo Escolar 2022 (matrículas), reais correntes. Entram as capitais com valor observado e elegível para comparação pela política de conferência da despesa.";exercício 2022 (despesa) e Censo Escolar 2022 (matrículas);Não se aplica;Valor nominal;2507507;João Pessoa;PB;7966.889033;R$ 7.967;R$ correntes por matrícula por ano;Observado;sim;sim;Confere com o RREO;;2 escola(s) do recorte aparecem no arquivo de microdados sem nenhuma contagem de matrícula (campos vazios). O total da Sinopse Estatística do INEP para a rede municipal do município (69.989) é igual à soma das escolas com contagem. o que mostra contribuição nula dessas escolas na tabulação oficial.;11284.99575;26;23;23;1.3;2026-10-09T05:55:59Z;326adb15ec058bd45a0dfe34ef281fe92c02015978641320e7aee317aa4f8608;"Siconfi, MSC de dezembro de 2022 e DCA 2022; INEP, Censo Escolar 2022";11446.9038568;7463.592966;18119.482427;9645.6379365;13071.913907;sim;12014.667101;"média simples (peso igual por capital), mediana, quartis de tipo 7 (exibidos com 8 ou mais valores) e razão agregada dos mesmos pares; ver politica_referencias na gold";5.6528
edu.despesa.aplicacao_direta_por_matricula;Despesa liquidada de aplicação direta por matrícula da rede municipal;"Despesa de aplicação direta na função Educação, sem inativos, ensino superior, transferências e delegações ÷ matrículas das escolas municipais. Por matrícula, não por estudante único; não é despesa efetiva da rede por aluno.";"Todas as capitais estaduais; exercício 2022 (despesa) e Censo Escolar 2022 (matrículas), reais correntes. Entram as capitais com valor observado e elegível para comparação pela política de conferência da despesa.";exercício 2022 (despesa) e Censo Escolar 2022 (matrículas);Não se aplica;Valor nominal;1600303;Macapá;AP;11327.398073;R$ 11.327;R$ correntes por matrícula por ano;Observado;sim;sim;Diferença com o RREO abaixo de 0,1%;;"O RREO do 6º bimestre informa R$ 377.162.679,85; a DCA informa R$ 377.168.373,65. Diferença de R$ 5.693,80 (+0,002% da DCA), abaixo do limiar de 0,1%. 2 escola(s) do recorte aparecem no arquivo de microdados sem nenhuma contagem de matrícula (campos vazios). O total da Sinopse Estatística do INEP para a rede municipal do município (33.297) é igual à soma das escolas com contagem. o que mostra contribuição nula dessas escolas na tabulação oficial.";11284.99575;26;23;23;1.3;2026-10-09T05:55:59Z;326adb15ec058bd45a0dfe34ef281fe92c02015978641320e7aee317aa4f8608;"Siconfi, MSC de dezembro de 2022 e DCA 2022; INEP, Censo Escolar 2022";11446.9038568;7463.592966;18119.482427;9645.6379365;13071.913907;sim;12014.667101;"média simples (peso igual por capital), mediana, quartis de tipo 7 (exibidos com 8 ou mais valores) e razão agregada dos mesmos pares; ver politica_referencias na gold";5.1035
edu.despesa.aplicacao_direta_por_matricula;Despesa liquidada de aplicação direta por matrícula da rede municipal;"Despesa de aplicação direta na função Educação, sem inativos, ensino superior, transferências e delegações ÷ matrículas das escolas municipais. Por matrícula, não por estudante único; não é despesa efetiva da rede por aluno.";"Todas as capitais estaduais; exercício 2022 (despesa) e Censo Escolar 2022 (matrículas), reais correntes. Entram as capitais com valor observado e elegível para comparação pela política de conferência da despesa.";exercício 2022 (despesa) e Censo Escolar 2022 (matrículas);Não se aplica;Valor nominal;2704302;Maceió;AL;13197.369784;R$ 13.197;R$ correntes por matrícula por ano;Observado;sim;sim;Confere com o RREO;;;11284.99575;26;23;23;1.3;2026-10-09T05:55:59Z;326adb15ec058bd45a0dfe34ef281fe92c02015978641320e7aee317aa4f8608;"Siconfi, MSC de dezembro de 2022 e DCA 2022; INEP, Censo Escolar 2022";11446.9038568;7463.592966;18119.482427;9645.6379365;13071.913907;sim;12014.667101;"média simples (peso igual por capital), mediana, quartis de tipo 7 (exibidos com 8 ou mais valores) e razão agregada dos mesmos pares; ver politica_referencias na gold";8.5867
edu.despesa.aplicacao_direta_por_matricula;Despesa liquidada de aplicação direta por matrícula da rede municipal;"Despesa de aplicação direta na função Educação, sem inativos, ensino superior, transferências e delegações ÷ matrículas das escolas municipais. Por matrícula, não por estudante único; não é despesa efetiva da rede por aluno.";"Todas as capitais estaduais; exercício 2022 (despesa) e Censo Escolar 2022 (matrículas), reais correntes. Entram as capitais com valor observado e elegível para comparação pela política de conferência da despesa.";exercício 2022 (despesa) e Censo Escolar 2022 (matrículas);Não se aplica;Valor nominal;1302603;Manaus;AM;7995.043995;R$ 7.995;R$ correntes por matrícula por ano;Observado;sim;sim;Confere com o RREO;;32 escola(s) do recorte aparecem no arquivo de microdados sem nenhuma contagem de matrícula (campos vazios). O total da Sinopse Estatística do INEP para a rede municipal do município (241.569) é igual à soma das escolas com contagem. o que mostra contribuição nula dessas escolas na tabulação oficial.;11284.99575;26;23;23;1.3;2026-10-09T05:55:59Z;326adb15ec058bd45a0dfe34ef281fe92c02015978641320e7aee317aa4f8608;"Siconfi, MSC de dezembro de 2022 e DCA 2022; INEP, Censo Escolar 2022";11446.9038568;7463.592966;18119.482427;9645.6379365;13071.913907;sim;12014.667101;"média simples (peso igual por capital), mediana, quartis de tipo 7 (exibidos com 8 ou mais valores) e razão agregada dos mesmos pares; ver politica_referencias na gold";6.4375
edu.despesa.aplicacao_direta_por_matricula;Despesa liquidada de aplicação direta por matrícula da rede municipal;"Despesa de aplicação direta na função Educação, sem inativos, ensino superior, transferências e delegações ÷ matrículas das escolas municipais. Por matrícula, não por estudante único; não é despesa efetiva da rede por aluno.";"Todas as capitais estaduais; exercício 2022 (despesa) e Censo Escolar 2022 (matrículas), reais correntes. Entram as capitais com valor observado e elegível para comparação pela política de conferência da despesa.";exercício 2022 (despesa) e Censo Escolar 2022 (matrículas);Não se aplica;Valor nominal;2408102;Natal;RN;;;R$ correntes por matrícula por ano;Fora da comparação;;nao;;A MSC de dezembro de 2022, entregue em 27/01/2023, sem intraorçamentárias, soma R$ 362.052.911,44 na função 12 e a DCA informa R$ 475.019.173,72: a MSC está 23,78% abaixo da DCA. A MSC entregue fica abaixo da DCA em todas as funções, não só na Educação (na função 12, 76,2% da DCA): não é um problema de classificação da Educação. O numerador por matrícula não é publicado.;A MSC de dezembro de 2022, entregue em 27/01/2023, sem intraorçamentárias, soma R$ 362.052.911,44 na função 12 e a DCA informa R$ 475.019.173,72: a MSC está 23,78% abaixo da DCA. A MSC entregue fica abaixo da DCA em todas as funções, não só na Educação (na função 12, 76,2% da DCA): não é um problema de classificação da Educação. O numerador por matrícula não é publicado.;11284.99575;26;23;23;1.3;2026-10-09T05:55:59Z;326adb15ec058bd45a0dfe34ef281fe92c02015978641320e7aee317aa4f8608;"Siconfi, MSC de dezembro de 2022 e DCA 2022; INEP, Censo Escolar 2022";11446.9038568;7463.592966;18119.482427;9645.6379365;13071.913907;sim;12014.667101;"média simples (peso igual por capital), mediana, quartis de tipo 7 (exibidos com 8 ou mais valores) e razão agregada dos mesmos pares; ver politica_referencias na gold";7.9118
edu.despesa.aplicacao_direta_por_matricula;Despesa liquidada de aplicação direta por matrícula da rede municipal;"Despesa de aplicação direta na função Educação, sem inativos, ensino superior, transferências e delegações ÷ matrículas das escolas municipais. Por matrícula, não por estudante único; não é despesa efetiva da rede por aluno.";"Todas as capitais estaduais; exercício 2022 (despesa) e Censo Escolar 2022 (matrículas), reais correntes. Entram as capitais com valor observado e elegível para comparação pela política de conferência da despesa.";exercício 2022 (despesa) e Censo Escolar 2022 (matrículas);Não se aplica;Valor nominal;1721000;Palmas;TO;10328.659969;R$ 10.329;R$ correntes por matrícula por ano;Observado;sim;sim;Confere com o RREO;;5 escola(s) do recorte aparecem no arquivo de microdados sem nenhuma contagem de matrícula (campos vazios). O total da Sinopse Estatística do INEP para a rede municipal do município (42.860) é igual à soma das escolas com contagem. o que mostra contribuição nula dessas escolas na tabulação oficial.;11284.99575;26;23;23;1.3;2026-10-09T05:55:59Z;326adb15ec058bd45a0dfe34ef281fe92c02015978641320e7aee317aa4f8608;"Siconfi, MSC de dezembro de 2022 e DCA 2022; INEP, Censo Escolar 2022";11446.9038568;7463.592966;18119.482427;9645.6379365;13071.913907;sim;12014.667101;"média simples (peso igual por capital), mediana, quartis de tipo 7 (exibidos com 8 ou mais valores) e razão agregada dos mesmos pares; ver politica_referencias na gold";6.8246
edu.despesa.aplicacao_direta_por_matricula;Despesa liquidada de aplicação direta por matrícula da rede municipal;"Despesa de aplicação direta na função Educação, sem inativos, ensino superior, transferências e delegações ÷ matrículas das escolas municipais. Por matrícula, não por estudante único; não é despesa efetiva da rede por aluno.";"Todas as capitais estaduais; exercício 2022 (despesa) e Censo Escolar 2022 (matrículas), reais correntes. Entram as capitais com valor observado e elegível para comparação pela política de conferência da despesa.";exercício 2022 (despesa) e Censo Escolar 2022 (matrículas);Não se aplica;Valor nominal;4314902;Porto Alegre;RS;14189.525435;R$ 14.190;R$ correntes por matrícula por ano;Observado;sim;sim;Confere com o RREO;;1 escola(s) do recorte aparecem no arquivo de microdados sem nenhuma contagem de matrícula (campos vazios). O total da Sinopse Estatística do INEP para a rede municipal do município (47.373) é igual à soma das escolas com contagem. o que mostra contribuição nula dessas escolas na tabulação oficial.;11284.99575;26;23;23;1.3;2026-10-09T05:55:59Z;326adb15ec058bd45a0dfe34ef281fe92c02015978641320e7aee317aa4f8608;"Siconfi, MSC de dezembro de 2022 e DCA 2022; INEP, Censo Escolar 2022";11446.9038568;7463.592966;18119.482427;9645.6379365;13071.913907;sim;12014.667101;"média simples (peso igual por capital), mediana, quartis de tipo 7 (exibidos com 8 ou mais valores) e razão agregada dos mesmos pares; ver politica_referencias na gold";34.239
edu.despesa.aplicacao_direta_por_matricula;Despesa liquidada de aplicação direta por matrícula da rede municipal;"Despesa de aplicação direta na função Educação, sem inativos, ensino superior, transferências e delegações ÷ matrículas das escolas municipais. Por matrícula, não por estudante único; não é despesa efetiva da rede por aluno.";"Todas as capitais estaduais; exercício 2022 (despesa) e Censo Escolar 2022 (matrículas), reais correntes. Entram as capitais com valor observado e elegível para comparação pela política de conferência da despesa.";exercício 2022 (despesa) e Censo Escolar 2022 (matrículas);Não se aplica;Valor nominal;1100205;Porto Velho;RO;9462.970761;R$ 9.463;R$ correntes por matrícula por ano;Observado;sim;sim;Confere com o RREO;;41 escola(s) do recorte aparecem no arquivo de microdados sem nenhuma contagem de matrícula (campos vazios). O total da Sinopse Estatística do INEP para a rede municipal do município (43.016) é igual à soma das escolas com contagem. o que mostra contribuição nula dessas escolas na tabulação oficial.;11284.99575;26;23;23;1.3;2026-10-09T05:55:59Z;326adb15ec058bd45a0dfe34ef281fe92c02015978641320e7aee317aa4f8608;"Siconfi, MSC de dezembro de 2022 e DCA 2022; INEP, Censo Escolar 2022";11446.9038568;7463.592966;18119.482427;9645.6379365;13071.913907;sim;12014.667101;"média simples (peso igual por capital), mediana, quartis de tipo 7 (exibidos com 8 ou mais valores) e razão agregada dos mesmos pares; ver politica_referencias na gold";9.8867
edu.despesa.aplicacao_direta_por_matricula;Despesa liquidada de aplicação direta por matrícula da rede municipal;"Despesa de aplicação direta na função Educação, sem inativos, ensino superior, transferências e delegações ÷ matrículas das escolas municipais. Por matrícula, não por estudante único; não é despesa efetiva da rede por aluno.";"Todas as capitais estaduais; exercício 2022 (despesa) e Censo Escolar 2022 (matrículas), reais correntes. Entram as capitais com valor observado e elegível para comparação pela política de conferência da despesa.";exercício 2022 (despesa) e Censo Escolar 2022 (matrículas);Não se aplica;Valor nominal;2611606;Recife;PE;12562.547133;R$ 12.563;R$ correntes por matrícula por ano;Observado;sim;sim;Confere com o RREO;;;11284.99575;26;23;23;1.3;2026-10-09T05:55:59Z;326adb15ec058bd45a0dfe34ef281fe92c02015978641320e7aee317aa4f8608;"Siconfi, MSC de dezembro de 2022 e DCA 2022; INEP, Censo Escolar 2022";11446.9038568;7463.592966;18119.482427;9645.6379365;13071.913907;sim;12014.667101;"média simples (peso igual por capital), mediana, quartis de tipo 7 (exibidos com 8 ou mais valores) e razão agregada dos mesmos pares; ver politica_referencias na gold";5.7609
edu.despesa.aplicacao_direta_por_matricula;Despesa liquidada de aplicação direta por matrícula da rede municipal;"Despesa de aplicação direta na função Educação, sem inativos, ensino superior, transferências e delegações ÷ matrículas das escolas municipais. Por matrícula, não por estudante único; não é despesa efetiva da rede por aluno.";"Todas as capitais estaduais; exercício 2022 (despesa) e Censo Escolar 2022 (matrículas), reais correntes. Entram as capitais com valor observado e elegível para comparação pela política de conferência da despesa.";exercício 2022 (despesa) e Censo Escolar 2022 (matrículas);Não se aplica;Valor nominal;1200401;Rio Branco;AC;9828.305112;R$ 9.828;R$ correntes por matrícula por ano;Observado;sim;sim;Confere com o RREO;;5 escola(s) do recorte aparecem no arquivo de microdados sem nenhuma contagem de matrícula (campos vazios). O total da Sinopse Estatística do INEP para a rede municipal do município (21.774) é igual à soma das escolas com contagem. o que mostra contribuição nula dessas escolas na tabulação oficial.;11284.99575;26;23;23;1.3;2026-10-09T05:55:59Z;326adb15ec058bd45a0dfe34ef281fe92c02015978641320e7aee317aa4f8608;"Siconfi, MSC de dezembro de 2022 e DCA 2022; INEP, Censo Escolar 2022";11446.9038568;7463.592966;18119.482427;9645.6379365;13071.913907;sim;12014.667101;"média simples (peso igual por capital), mediana, quartis de tipo 7 (exibidos com 8 ou mais valores) e razão agregada dos mesmos pares; ver politica_referencias na gold";12.873
edu.despesa.aplicacao_direta_por_matricula;Despesa liquidada de aplicação direta por matrícula da rede municipal;"Despesa de aplicação direta na função Educação, sem inativos, ensino superior, transferências e delegações ÷ matrículas das escolas municipais. Por matrícula, não por estudante único; não é despesa efetiva da rede por aluno.";"Todas as capitais estaduais; exercício 2022 (despesa) e Censo Escolar 2022 (matrículas), reais correntes. Entram as capitais com valor observado e elegível para comparação pela política de conferência da despesa.";exercício 2022 (despesa) e Censo Escolar 2022 (matrículas);Não se aplica;Valor nominal;3304557;Rio de Janeiro;RJ;;;R$ correntes por matrícula por ano;Fora da comparação;;nao;;A Matriz de Saldos Contábeis de dezembro de 2022, entregue em 30/01/2023, não traz linhas de despesa liquidada na função 12 (Educação). Nenhuma das 20.457 linhas da resposta traz código de função. A despesa de aplicação direta da Educação não pode ser separada. A DCA segue válida para a despesa total.;A Matriz de Saldos Contábeis de dezembro de 2022, entregue em 30/01/2023, não traz linhas de despesa liquidada na função 12 (Educação). Nenhuma das 20.457 linhas da resposta traz código de função. A despesa de aplicação direta da Educação não pode ser separada. A DCA segue válida para a despesa total.;11284.99575;26;23;23;1.3;2026-10-09T05:55:59Z;326adb15ec058bd45a0dfe34ef281fe92c02015978641320e7aee317aa4f8608;"Siconfi, MSC de dezembro de 2022 e DCA 2022; INEP, Censo Escolar 2022";11446.9038568;7463.592966;18119.482427;9645.6379365;13071.913907;sim;12014.667101;"média simples (peso igual por capital), mediana, quartis de tipo 7 (exibidos com 8 ou mais valores) e razão agregada dos mesmos pares; ver politica_referencias na gold";30.6866
edu.despesa.aplicacao_direta_por_matricula;Despesa liquidada de aplicação direta por matrícula da rede municipal;"Despesa de aplicação direta na função Educação, sem inativos, ensino superior, transferências e delegações ÷ matrículas das escolas municipais. Por matrícula, não por estudante único; não é despesa efetiva da rede por aluno.";"Todas as capitais estaduais; exercício 2022 (despesa) e Censo Escolar 2022 (matrículas), reais correntes. Entram as capitais com valor observado e elegível para comparação pela política de conferência da despesa.";exercício 2022 (despesa) e Censo Escolar 2022 (matrículas);Não se aplica;Valor nominal;2927408;Salvador;BA;11221.358174;R$ 11.221;R$ correntes por matrícula por ano;Observado;sim;sim;Confere com o RREO;;20 escola(s) do recorte aparecem no arquivo de microdados sem nenhuma contagem de matrícula (campos vazios). O total da Sinopse Estatística do INEP para a rede municipal do município (144.334) é igual à soma das escolas com contagem. o que mostra contribuição nula dessas escolas na tabulação oficial.;11284.99575;26;23;23;1.3;2026-10-09T05:55:59Z;326adb15ec058bd45a0dfe34ef281fe92c02015978641320e7aee317aa4f8608;"Siconfi, MSC de dezembro de 2022 e DCA 2022; INEP, Censo Escolar 2022";11446.9038568;7463.592966;18119.482427;9645.6379365;13071.913907;sim;12014.667101;"média simples (peso igual por capital), mediana, quartis de tipo 7 (exibidos com 8 ou mais valores) e razão agregada dos mesmos pares; ver politica_referencias na gold";8.104
edu.despesa.aplicacao_direta_por_matricula;Despesa liquidada de aplicação direta por matrícula da rede municipal;"Despesa de aplicação direta na função Educação, sem inativos, ensino superior, transferências e delegações ÷ matrículas das escolas municipais. Por matrícula, não por estudante único; não é despesa efetiva da rede por aluno.";"Todas as capitais estaduais; exercício 2022 (despesa) e Censo Escolar 2022 (matrículas), reais correntes. Entram as capitais com valor observado e elegível para comparação pela política de conferência da despesa.";exercício 2022 (despesa) e Censo Escolar 2022 (matrículas);Não se aplica;Valor nominal;2111300;São Luís;MA;;;R$ correntes por matrícula por ano;Fora da comparação;;nao;;"A Matriz de Saldos Contábeis de dezembro de 2022, entregue em 24/01/2023, não traz linhas de despesa liquidada na função 12 (Educação). As linhas de despesa da resposta estão em: função 04 (1.765 linhas); 150 linhas não trazem função. A despesa de aplicação direta da Educação não pode ser separada. A DCA segue válida para a despesa total.";"A Matriz de Saldos Contábeis de dezembro de 2022, entregue em 24/01/2023, não traz linhas de despesa liquidada na função 12 (Educação). As linhas de despesa da resposta estão em: função 04 (1.765 linhas); 150 linhas não trazem função. A despesa de aplicação direta da Educação não pode ser separada. A DCA segue válida para a despesa total.";11284.99575;26;23;23;1.3;2026-10-09T05:55:59Z;326adb15ec058bd45a0dfe34ef281fe92c02015978641320e7aee317aa4f8608;"Siconfi, MSC de dezembro de 2022 e DCA 2022; INEP, Censo Escolar 2022";11446.9038568;7463.592966;18119.482427;9645.6379365;13071.913907;sim;12014.667101;"média simples (peso igual por capital), mediana, quartis de tipo 7 (exibidos com 8 ou mais valores) e razão agregada dos mesmos pares; ver politica_referencias na gold";7.1513
edu.despesa.aplicacao_direta_por_matricula;Despesa liquidada de aplicação direta por matrícula da rede municipal;"Despesa de aplicação direta na função Educação, sem inativos, ensino superior, transferências e delegações ÷ matrículas das escolas municipais. Por matrícula, não por estudante único; não é despesa efetiva da rede por aluno.";"Todas as capitais estaduais; exercício 2022 (despesa) e Censo Escolar 2022 (matrículas), reais correntes. Entram as capitais com valor observado e elegível para comparação pela política de conferência da despesa.";exercício 2022 (despesa) e Censo Escolar 2022 (matrículas);Não se aplica;Valor nominal;3550308;São Paulo;SP;15247.654486;R$ 15.248;R$ correntes por matrícula por ano;Observado;sim;sim;Confere com o RREO;;63 escola(s) do recorte aparecem no arquivo de microdados sem nenhuma contagem de matrícula (campos vazios). O total da Sinopse Estatística do INEP para a rede municipal do município (720.611) é igual à soma das escolas com contagem. o que mostra contribuição nula dessas escolas na tabulação oficial.;11284.99575;26;23;23;1.3;2026-10-09T05:55:59Z;326adb15ec058bd45a0dfe34ef281fe92c02015978641320e7aee317aa4f8608;"Siconfi, MSC de dezembro de 2022 e DCA 2022; INEP, Censo Escolar 2022";11446.9038568;7463.592966;18119.482427;9645.6379365;13071.913907;sim;12014.667101;"média simples (peso igual por capital), mediana, quartis de tipo 7 (exibidos com 8 ou mais valores) e razão agregada dos mesmos pares; ver politica_referencias na gold";0.0935
edu.despesa.aplicacao_direta_por_matricula;Despesa liquidada de aplicação direta por matrícula da rede municipal;"Despesa de aplicação direta na função Educação, sem inativos, ensino superior, transferências e delegações ÷ matrículas das escolas municipais. Por matrícula, não por estudante único; não é despesa efetiva da rede por aluno.";"Todas as capitais estaduais; exercício 2022 (despesa) e Censo Escolar 2022 (matrículas), reais correntes. Entram as capitais com valor observado e elegível para comparação pela política de conferência da despesa.";exercício 2022 (despesa) e Censo Escolar 2022 (matrículas);Não se aplica;Valor nominal;2211001;Teresina;PI;7463.592966;R$ 7.464;R$ correntes por matrícula por ano;Observado;sim;sim;Confere com o RREO;;21 escola(s) do recorte aparecem no arquivo de microdados sem nenhuma contagem de matrícula (campos vazios). O total da Sinopse Estatística do INEP para a rede municipal do município (91.616) é igual à soma das escolas com contagem. o que mostra contribuição nula dessas escolas na tabulação oficial.;11284.99575;26;23;23;1.3;2026-10-09T05:55:59Z;326adb15ec058bd45a0dfe34ef281fe92c02015978641320e7aee317aa4f8608;"Siconfi, MSC de dezembro de 2022 e DCA 2022; INEP, Censo Escolar 2022";11446.9038568;7463.592966;18119.482427;9645.6379365;13071.913907;sim;12014.667101;"média simples (peso igual por capital), mediana, quartis de tipo 7 (exibidos com 8 ou mais valores) e razão agregada dos mesmos pares; ver politica_referencias na gold";8.8308
edu.despesa.aplicacao_direta_por_matricula;Despesa liquidada de aplicação direta por matrícula da rede municipal;"Despesa de aplicação direta na função Educação, sem inativos, ensino superior, transferências e delegações ÷ matrículas das escolas municipais. Por matrícula, não por estudante único; não é despesa efetiva da rede por aluno.";"Todas as capitais estaduais; exercício 2022 (despesa) e Censo Escolar 2022 (matrículas), reais correntes. Entram as capitais com valor observado e elegível para comparação pela política de conferência da despesa.";exercício 2022 (despesa) e Censo Escolar 2022 (matrículas);Não se aplica;Valor nominal;3205309;Vitória;ES;12219.065217;R$ 12.219;R$ correntes por matrícula por ano;Observado;sim;sim;Confere com o RREO;;;11284.99575;26;23;23;1.3;2026-10-09T05:55:59Z;326adb15ec058bd45a0dfe34ef281fe92c02015978641320e7aee317aa4f8608;"Siconfi, MSC de dezembro de 2022 e DCA 2022; INEP, Censo Escolar 2022";11446.9038568;7463.592966;18119.482427;9645.6379365;13071.913907;sim;12014.667101;"média simples (peso igual por capital), mediana, quartis de tipo 7 (exibidos com 8 ou mais valores) e razão agregada dos mesmos pares; ver politica_referencias na gold";6.5049
