indicador_id,indicador,codigo_ibge,capital,uf,periodo_tipo,ano,etapa,componente,valor,unidade,base_monetaria,universo,status,elegivel_comparacao,situacao_conferencia,motivo_inelegibilidade,nota,nota_material,participacao_pct,fonte,registro,versao_metodologica,dados_gerados_em,hash_dados,numerador,denominador,referencia_numerador,referencia_denominador,tipo_populacao,data_referencia,quebra_serie
ctx.populacao.residente,População residente do município,1200401,Rio Branco,AC,exercício financeiro,2021,,,419452,habitantes,,"Município da capital, identificado pelo código IBGE de 7 dígitos. Não se aplica. Não se aplica.",OBSERVADO,sim,,,"Estimativa de 1º de julho de 2021, calculada a partir do Censo de 2010, anterior ao Censo de 2022. A população de 2022 em diante tem outra base; variações por habitante entre 2021 e os anos seguintes misturam a mudança da base populacional.",sim,,ibge_populacao,"IBGE, SIDRA, tabela 6579, variável 9324, município 1200401, 2021 (população residente estimada, referência 1º de julho de 2021)",1.2,2026-10-08T19:53:44Z,12947536ecb8bc08cb80e5e6b7177381a7b8439862c9be78a88519bfbcbd50c0,,,,,estimativa_pre_censo_2022,1º de julho de 2021,sim
ctx.populacao.residente,População residente do município,1200401,Rio Branco,AC,exercício financeiro,2022,,,364756,habitantes,,"Município da capital, identificado pelo código IBGE de 7 dígitos. Não se aplica. Não se aplica.",OBSERVADO,sim,,,"Censo Demográfico 2022 (segunda apuração), população residente com data de referência em 31 de julho de 2022, conforme a Nota Metodológica nº 1 do IBGE. É a mesma população que o IBGE adotou como oficial para 2023.",nao,,ibge_populacao,"IBGE, SIDRA, tabela 4714, variável 93, município 1200401, 2022 (população residente no Censo 2022, referência 31 de julho de 2022)",1.2,2026-10-08T19:53:44Z,12947536ecb8bc08cb80e5e6b7177381a7b8439862c9be78a88519bfbcbd50c0,,,,,censo,31 de julho de 2022,nao
ctx.populacao.residente,População residente do município,1200401,Rio Branco,AC,exercício financeiro,2023,,,364756,habitantes,,"Município da capital, identificado pelo código IBGE de 7 dígitos. Não se aplica. Não se aplica.",OBSERVADO,sim,,,"População oficial do exercício de 2023: o IBGE publicou, em 31/08/2023, a relação das populações municipais em substituição às estimativas de 2023, com a população do Censo 2022 (segunda apuração), referência em 31 de julho de 2022. Não é estimativa de população em julho de 2023: é a mesma população de 2022. A despesa por habitante de 2023 não acompanha o crescimento populacional posterior ao Censo e a variação entre 2022 e 2023 vem só da despesa; a variação entre 2023 e 2024 mistura dois anos de crescimento populacional.",sim,,ibge_populacao_relacao_2023,"IBGE, relação da população dos municípios de 2023 (Censo 2022, 2ª apuração), município 1200401, referência 31 de julho de 2022 (malha territorial de 30 de abril de 2023)",1.2,2026-10-08T19:53:44Z,12947536ecb8bc08cb80e5e6b7177381a7b8439862c9be78a88519bfbcbd50c0,,,,,censo_relacao_dou_2023,31 de julho de 2022 (malha territorial de 30 de abril de 2023),sim
ctx.populacao.residente,População residente do município,1200401,Rio Branco,AC,exercício financeiro,2024,,,387852,habitantes,,"Município da capital, identificado pelo código IBGE de 7 dígitos. Não se aplica. Não se aplica.",OBSERVADO,sim,,,,nao,,ibge_populacao,"IBGE, SIDRA, tabela 6579, variável 9324, município 1200401, 2024 (população residente estimada, referência 1º de julho de 2024)",1.2,2026-10-08T19:53:44Z,12947536ecb8bc08cb80e5e6b7177381a7b8439862c9be78a88519bfbcbd50c0,,,,,estimativa_pos_censo_2022,1º de julho de 2024,nao
ctx.populacao.residente,População residente do município,1200401,Rio Branco,AC,exercício financeiro,2025,,,389001,habitantes,,"Município da capital, identificado pelo código IBGE de 7 dígitos. Não se aplica. Não se aplica.",OBSERVADO,sim,,,,nao,,ibge_populacao,"IBGE, SIDRA, tabela 6579, variável 9324, município 1200401, 2025 (população residente estimada, referência 1º de julho de 2025)",1.2,2026-10-08T19:53:44Z,12947536ecb8bc08cb80e5e6b7177381a7b8439862c9be78a88519bfbcbd50c0,,,,,estimativa_pos_censo_2022,1º de julho de 2025,nao
ctx.populacao.residente,População residente do município,2704302,Maceió,AL,exercício financeiro,2021,,,1031597,habitantes,,"Município da capital, identificado pelo código IBGE de 7 dígitos. Não se aplica. Não se aplica.",OBSERVADO,sim,,,"Estimativa de 1º de julho de 2021, calculada a partir do Censo de 2010, anterior ao Censo de 2022. A população de 2022 em diante tem outra base; variações por habitante entre 2021 e os anos seguintes misturam a mudança da base populacional.",sim,,ibge_populacao,"IBGE, SIDRA, tabela 6579, variável 9324, município 2704302, 2021 (população residente estimada, referência 1º de julho de 2021)",1.2,2026-10-08T19:53:44Z,12947536ecb8bc08cb80e5e6b7177381a7b8439862c9be78a88519bfbcbd50c0,,,,,estimativa_pre_censo_2022,1º de julho de 2021,sim
ctx.populacao.residente,População residente do município,2704302,Maceió,AL,exercício financeiro,2022,,,957916,habitantes,,"Município da capital, identificado pelo código IBGE de 7 dígitos. Não se aplica. Não se aplica.",OBSERVADO,sim,,,"Censo Demográfico 2022 (segunda apuração), população residente com data de referência em 31 de julho de 2022, conforme a Nota Metodológica nº 1 do IBGE. É a mesma população que o IBGE adotou como oficial para 2023.",nao,,ibge_populacao,"IBGE, SIDRA, tabela 4714, variável 93, município 2704302, 2022 (população residente no Censo 2022, referência 31 de julho de 2022)",1.2,2026-10-08T19:53:44Z,12947536ecb8bc08cb80e5e6b7177381a7b8439862c9be78a88519bfbcbd50c0,,,,,censo,31 de julho de 2022,nao
ctx.populacao.residente,População residente do município,2704302,Maceió,AL,exercício financeiro,2023,,,957916,habitantes,,"Município da capital, identificado pelo código IBGE de 7 dígitos. Não se aplica. Não se aplica.",OBSERVADO,sim,,,"População oficial do exercício de 2023: o IBGE publicou, em 31/08/2023, a relação das populações municipais em substituição às estimativas de 2023, com a população do Censo 2022 (segunda apuração), referência em 31 de julho de 2022. Não é estimativa de população em julho de 2023: é a mesma população de 2022. A despesa por habitante de 2023 não acompanha o crescimento populacional posterior ao Censo e a variação entre 2022 e 2023 vem só da despesa; a variação entre 2023 e 2024 mistura dois anos de crescimento populacional.",sim,,ibge_populacao_relacao_2023,"IBGE, relação da população dos municípios de 2023 (Censo 2022, 2ª apuração), município 2704302, referência 31 de julho de 2022 (malha territorial de 30 de abril de 2023)",1.2,2026-10-08T19:53:44Z,12947536ecb8bc08cb80e5e6b7177381a7b8439862c9be78a88519bfbcbd50c0,,,,,censo_relacao_dou_2023,31 de julho de 2022 (malha territorial de 30 de abril de 2023),sim
ctx.populacao.residente,População residente do município,2704302,Maceió,AL,exercício financeiro,2024,,,994464,habitantes,,"Município da capital, identificado pelo código IBGE de 7 dígitos. Não se aplica. Não se aplica.",OBSERVADO,sim,,,,nao,,ibge_populacao,"IBGE, SIDRA, tabela 6579, variável 9324, município 2704302, 2024 (população residente estimada, referência 1º de julho de 2024)",1.2,2026-10-08T19:53:44Z,12947536ecb8bc08cb80e5e6b7177381a7b8439862c9be78a88519bfbcbd50c0,,,,,estimativa_pos_censo_2022,1º de julho de 2024,nao
ctx.populacao.residente,População residente do município,2704302,Maceió,AL,exercício financeiro,2025,,,994952,habitantes,,"Município da capital, identificado pelo código IBGE de 7 dígitos. Não se aplica. Não se aplica.",OBSERVADO,sim,,,,nao,,ibge_populacao,"IBGE, SIDRA, tabela 6579, variável 9324, município 2704302, 2025 (população residente estimada, referência 1º de julho de 2025)",1.2,2026-10-08T19:53:44Z,12947536ecb8bc08cb80e5e6b7177381a7b8439862c9be78a88519bfbcbd50c0,,,,,estimativa_pos_censo_2022,1º de julho de 2025,nao
ctx.populacao.residente,População residente do município,1600303,Macapá,AP,exercício financeiro,2021,,,522357,habitantes,,"Município da capital, identificado pelo código IBGE de 7 dígitos. Não se aplica. Não se aplica.",OBSERVADO,sim,,,"Estimativa de 1º de julho de 2021, calculada a partir do Censo de 2010, anterior ao Censo de 2022. A população de 2022 em diante tem outra base; variações por habitante entre 2021 e os anos seguintes misturam a mudança da base populacional.",sim,,ibge_populacao,"IBGE, SIDRA, tabela 6579, variável 9324, município 1600303, 2021 (população residente estimada, referência 1º de julho de 2021)",1.2,2026-10-08T19:53:44Z,12947536ecb8bc08cb80e5e6b7177381a7b8439862c9be78a88519bfbcbd50c0,,,,,estimativa_pre_censo_2022,1º de julho de 2021,sim
ctx.populacao.residente,População residente do município,1600303,Macapá,AP,exercício financeiro,2022,,,442933,habitantes,,"Município da capital, identificado pelo código IBGE de 7 dígitos. Não se aplica. Não se aplica.",OBSERVADO,sim,,,"Censo Demográfico 2022 (segunda apuração), população residente com data de referência em 31 de julho de 2022, conforme a Nota Metodológica nº 1 do IBGE. É a mesma população que o IBGE adotou como oficial para 2023.",nao,,ibge_populacao,"IBGE, SIDRA, tabela 4714, variável 93, município 1600303, 2022 (população residente no Censo 2022, referência 31 de julho de 2022)",1.2,2026-10-08T19:53:44Z,12947536ecb8bc08cb80e5e6b7177381a7b8439862c9be78a88519bfbcbd50c0,,,,,censo,31 de julho de 2022,nao
ctx.populacao.residente,População residente do município,1600303,Macapá,AP,exercício financeiro,2023,,,442933,habitantes,,"Município da capital, identificado pelo código IBGE de 7 dígitos. Não se aplica. Não se aplica.",OBSERVADO,sim,,,"População oficial do exercício de 2023: o IBGE publicou, em 31/08/2023, a relação das populações municipais em substituição às estimativas de 2023, com a população do Censo 2022 (segunda apuração), referência em 31 de julho de 2022. Não é estimativa de população em julho de 2023: é a mesma população de 2022. A despesa por habitante de 2023 não acompanha o crescimento populacional posterior ao Censo e a variação entre 2022 e 2023 vem só da despesa; a variação entre 2023 e 2024 mistura dois anos de crescimento populacional.",sim,,ibge_populacao_relacao_2023,"IBGE, relação da população dos municípios de 2023 (Censo 2022, 2ª apuração), município 1600303, referência 31 de julho de 2022 (malha territorial de 30 de abril de 2023)",1.2,2026-10-08T19:53:44Z,12947536ecb8bc08cb80e5e6b7177381a7b8439862c9be78a88519bfbcbd50c0,,,,,censo_relacao_dou_2023,31 de julho de 2022 (malha territorial de 30 de abril de 2023),sim
ctx.populacao.residente,População residente do município,1600303,Macapá,AP,exercício financeiro,2024,,,487200,habitantes,,"Município da capital, identificado pelo código IBGE de 7 dígitos. Não se aplica. Não se aplica.",OBSERVADO,sim,,,,nao,,ibge_populacao,"IBGE, SIDRA, tabela 6579, variável 9324, município 1600303, 2024 (população residente estimada, referência 1º de julho de 2024)",1.2,2026-10-08T19:53:44Z,12947536ecb8bc08cb80e5e6b7177381a7b8439862c9be78a88519bfbcbd50c0,,,,,estimativa_pos_censo_2022,1º de julho de 2024,nao
ctx.populacao.residente,População residente do município,1600303,Macapá,AP,exercício financeiro,2025,,,489676,habitantes,,"Município da capital, identificado pelo código IBGE de 7 dígitos. Não se aplica. Não se aplica.",OBSERVADO,sim,,,,nao,,ibge_populacao,"IBGE, SIDRA, tabela 6579, variável 9324, município 1600303, 2025 (população residente estimada, referência 1º de julho de 2025)",1.2,2026-10-08T19:53:44Z,12947536ecb8bc08cb80e5e6b7177381a7b8439862c9be78a88519bfbcbd50c0,,,,,estimativa_pos_censo_2022,1º de julho de 2025,nao
ctx.populacao.residente,População residente do município,1302603,Manaus,AM,exercício financeiro,2021,,,2255903,habitantes,,"Município da capital, identificado pelo código IBGE de 7 dígitos. Não se aplica. Não se aplica.",OBSERVADO,sim,,,"Estimativa de 1º de julho de 2021, calculada a partir do Censo de 2010, anterior ao Censo de 2022. A população de 2022 em diante tem outra base; variações por habitante entre 2021 e os anos seguintes misturam a mudança da base populacional.",sim,,ibge_populacao,"IBGE, SIDRA, tabela 6579, variável 9324, município 1302603, 2021 (população residente estimada, referência 1º de julho de 2021)",1.2,2026-10-08T19:53:44Z,12947536ecb8bc08cb80e5e6b7177381a7b8439862c9be78a88519bfbcbd50c0,,,,,estimativa_pre_censo_2022,1º de julho de 2021,sim
ctx.populacao.residente,População residente do município,1302603,Manaus,AM,exercício financeiro,2022,,,2063689,habitantes,,"Município da capital, identificado pelo código IBGE de 7 dígitos. Não se aplica. Não se aplica.",OBSERVADO,sim,,,"Censo Demográfico 2022 (segunda apuração), população residente com data de referência em 31 de julho de 2022, conforme a Nota Metodológica nº 1 do IBGE. É a mesma população que o IBGE adotou como oficial para 2023.",nao,,ibge_populacao,"IBGE, SIDRA, tabela 4714, variável 93, município 1302603, 2022 (população residente no Censo 2022, referência 31 de julho de 2022)",1.2,2026-10-08T19:53:44Z,12947536ecb8bc08cb80e5e6b7177381a7b8439862c9be78a88519bfbcbd50c0,,,,,censo,31 de julho de 2022,nao
ctx.populacao.residente,População residente do município,1302603,Manaus,AM,exercício financeiro,2023,,,2063689,habitantes,,"Município da capital, identificado pelo código IBGE de 7 dígitos. Não se aplica. Não se aplica.",OBSERVADO,sim,,,"População oficial do exercício de 2023: o IBGE publicou, em 31/08/2023, a relação das populações municipais em substituição às estimativas de 2023, com a população do Censo 2022 (segunda apuração), referência em 31 de julho de 2022. Não é estimativa de população em julho de 2023: é a mesma população de 2022. A despesa por habitante de 2023 não acompanha o crescimento populacional posterior ao Censo e a variação entre 2022 e 2023 vem só da despesa; a variação entre 2023 e 2024 mistura dois anos de crescimento populacional.",sim,,ibge_populacao_relacao_2023,"IBGE, relação da população dos municípios de 2023 (Censo 2022, 2ª apuração), município 1302603, referência 31 de julho de 2022 (malha territorial de 30 de abril de 2023)",1.2,2026-10-08T19:53:44Z,12947536ecb8bc08cb80e5e6b7177381a7b8439862c9be78a88519bfbcbd50c0,,,,,censo_relacao_dou_2023,31 de julho de 2022 (malha territorial de 30 de abril de 2023),sim
ctx.populacao.residente,População residente do município,1302603,Manaus,AM,exercício financeiro,2024,,,2279686,habitantes,,"Município da capital, identificado pelo código IBGE de 7 dígitos. Não se aplica. Não se aplica.",OBSERVADO,sim,,,,nao,,ibge_populacao,"IBGE, SIDRA, tabela 6579, variável 9324, município 1302603, 2024 (população residente estimada, referência 1º de julho de 2024)",1.2,2026-10-08T19:53:44Z,12947536ecb8bc08cb80e5e6b7177381a7b8439862c9be78a88519bfbcbd50c0,,,,,estimativa_pos_censo_2022,1º de julho de 2024,nao
ctx.populacao.residente,População residente do município,1302603,Manaus,AM,exercício financeiro,2025,,,2303732,habitantes,,"Município da capital, identificado pelo código IBGE de 7 dígitos. Não se aplica. Não se aplica.",OBSERVADO,sim,,,,nao,,ibge_populacao,"IBGE, SIDRA, tabela 6579, variável 9324, município 1302603, 2025 (população residente estimada, referência 1º de julho de 2025)",1.2,2026-10-08T19:53:44Z,12947536ecb8bc08cb80e5e6b7177381a7b8439862c9be78a88519bfbcbd50c0,,,,,estimativa_pos_censo_2022,1º de julho de 2025,nao
ctx.populacao.residente,População residente do município,2927408,Salvador,BA,exercício financeiro,2021,,,2900319,habitantes,,"Município da capital, identificado pelo código IBGE de 7 dígitos. Não se aplica. Não se aplica.",OBSERVADO,sim,,,"Estimativa de 1º de julho de 2021, calculada a partir do Censo de 2010, anterior ao Censo de 2022. A população de 2022 em diante tem outra base; variações por habitante entre 2021 e os anos seguintes misturam a mudança da base populacional.",sim,,ibge_populacao,"IBGE, SIDRA, tabela 6579, variável 9324, município 2927408, 2021 (população residente estimada, referência 1º de julho de 2021)",1.2,2026-10-08T19:53:44Z,12947536ecb8bc08cb80e5e6b7177381a7b8439862c9be78a88519bfbcbd50c0,,,,,estimativa_pre_censo_2022,1º de julho de 2021,sim
ctx.populacao.residente,População residente do município,2927408,Salvador,BA,exercício financeiro,2022,,,2417678,habitantes,,"Município da capital, identificado pelo código IBGE de 7 dígitos. Não se aplica. Não se aplica.",OBSERVADO,sim,,,"Censo Demográfico 2022 (segunda apuração), população residente com data de referência em 31 de julho de 2022, conforme a Nota Metodológica nº 1 do IBGE. É a mesma população que o IBGE adotou como oficial para 2023.",nao,,ibge_populacao,"IBGE, SIDRA, tabela 4714, variável 93, município 2927408, 2022 (população residente no Censo 2022, referência 31 de julho de 2022)",1.2,2026-10-08T19:53:44Z,12947536ecb8bc08cb80e5e6b7177381a7b8439862c9be78a88519bfbcbd50c0,,,,,censo,31 de julho de 2022,nao
ctx.populacao.residente,População residente do município,2927408,Salvador,BA,exercício financeiro,2023,,,2417678,habitantes,,"Município da capital, identificado pelo código IBGE de 7 dígitos. Não se aplica. Não se aplica.",OBSERVADO,sim,,,"População oficial do exercício de 2023: o IBGE publicou, em 31/08/2023, a relação das populações municipais em substituição às estimativas de 2023, com a população do Censo 2022 (segunda apuração), referência em 31 de julho de 2022. Não é estimativa de população em julho de 2023: é a mesma população de 2022. A despesa por habitante de 2023 não acompanha o crescimento populacional posterior ao Censo e a variação entre 2022 e 2023 vem só da despesa; a variação entre 2023 e 2024 mistura dois anos de crescimento populacional.",sim,,ibge_populacao_relacao_2023,"IBGE, relação da população dos municípios de 2023 (Censo 2022, 2ª apuração), município 2927408, referência 31 de julho de 2022 (malha territorial de 30 de abril de 2023)",1.2,2026-10-08T19:53:44Z,12947536ecb8bc08cb80e5e6b7177381a7b8439862c9be78a88519bfbcbd50c0,,,,,censo_relacao_dou_2023,31 de julho de 2022 (malha territorial de 30 de abril de 2023),sim
ctx.populacao.residente,População residente do município,2927408,Salvador,BA,exercício financeiro,2024,,,2568928,habitantes,,"Município da capital, identificado pelo código IBGE de 7 dígitos. Não se aplica. Não se aplica.",OBSERVADO,sim,,,,nao,,ibge_populacao,"IBGE, SIDRA, tabela 6579, variável 9324, município 2927408, 2024 (população residente estimada, referência 1º de julho de 2024)",1.2,2026-10-08T19:53:44Z,12947536ecb8bc08cb80e5e6b7177381a7b8439862c9be78a88519bfbcbd50c0,,,,,estimativa_pos_censo_2022,1º de julho de 2024,nao
ctx.populacao.residente,População residente do município,2927408,Salvador,BA,exercício financeiro,2025,,,2564204,habitantes,,"Município da capital, identificado pelo código IBGE de 7 dígitos. Não se aplica. Não se aplica.",OBSERVADO,sim,,,,nao,,ibge_populacao,"IBGE, SIDRA, tabela 6579, variável 9324, município 2927408, 2025 (população residente estimada, referência 1º de julho de 2025)",1.2,2026-10-08T19:53:44Z,12947536ecb8bc08cb80e5e6b7177381a7b8439862c9be78a88519bfbcbd50c0,,,,,estimativa_pos_censo_2022,1º de julho de 2025,nao
ctx.populacao.residente,População residente do município,2304400,Fortaleza,CE,exercício financeiro,2021,,,2703391,habitantes,,"Município da capital, identificado pelo código IBGE de 7 dígitos. Não se aplica. Não se aplica.",OBSERVADO,sim,,,"Estimativa de 1º de julho de 2021, calculada a partir do Censo de 2010, anterior ao Censo de 2022. A população de 2022 em diante tem outra base; variações por habitante entre 2021 e os anos seguintes misturam a mudança da base populacional.",sim,,ibge_populacao,"IBGE, SIDRA, tabela 6579, variável 9324, município 2304400, 2021 (população residente estimada, referência 1º de julho de 2021)",1.2,2026-10-08T19:53:44Z,12947536ecb8bc08cb80e5e6b7177381a7b8439862c9be78a88519bfbcbd50c0,,,,,estimativa_pre_censo_2022,1º de julho de 2021,sim
ctx.populacao.residente,População residente do município,2304400,Fortaleza,CE,exercício financeiro,2022,,,2428708,habitantes,,"Município da capital, identificado pelo código IBGE de 7 dígitos. Não se aplica. Não se aplica.",OBSERVADO,sim,,,"Censo Demográfico 2022 (segunda apuração), população residente com data de referência em 31 de julho de 2022, conforme a Nota Metodológica nº 1 do IBGE. É a mesma população que o IBGE adotou como oficial para 2023.",nao,,ibge_populacao,"IBGE, SIDRA, tabela 4714, variável 93, município 2304400, 2022 (população residente no Censo 2022, referência 31 de julho de 2022)",1.2,2026-10-08T19:53:44Z,12947536ecb8bc08cb80e5e6b7177381a7b8439862c9be78a88519bfbcbd50c0,,,,,censo,31 de julho de 2022,nao
ctx.populacao.residente,População residente do município,2304400,Fortaleza,CE,exercício financeiro,2023,,,2428708,habitantes,,"Município da capital, identificado pelo código IBGE de 7 dígitos. Não se aplica. Não se aplica.",OBSERVADO,sim,,,"População oficial do exercício de 2023: o IBGE publicou, em 31/08/2023, a relação das populações municipais em substituição às estimativas de 2023, com a população do Censo 2022 (segunda apuração), referência em 31 de julho de 2022. Não é estimativa de população em julho de 2023: é a mesma população de 2022. A despesa por habitante de 2023 não acompanha o crescimento populacional posterior ao Censo e a variação entre 2022 e 2023 vem só da despesa; a variação entre 2023 e 2024 mistura dois anos de crescimento populacional.",sim,,ibge_populacao_relacao_2023,"IBGE, relação da população dos municípios de 2023 (Censo 2022, 2ª apuração), município 2304400, referência 31 de julho de 2022 (malha territorial de 30 de abril de 2023)",1.2,2026-10-08T19:53:44Z,12947536ecb8bc08cb80e5e6b7177381a7b8439862c9be78a88519bfbcbd50c0,,,,,censo_relacao_dou_2023,31 de julho de 2022 (malha territorial de 30 de abril de 2023),sim
ctx.populacao.residente,População residente do município,2304400,Fortaleza,CE,exercício financeiro,2024,,,2574412,habitantes,,"Município da capital, identificado pelo código IBGE de 7 dígitos. Não se aplica. Não se aplica.",OBSERVADO,sim,,,,nao,,ibge_populacao,"IBGE, SIDRA, tabela 6579, variável 9324, município 2304400, 2024 (população residente estimada, referência 1º de julho de 2024)",1.2,2026-10-08T19:53:44Z,12947536ecb8bc08cb80e5e6b7177381a7b8439862c9be78a88519bfbcbd50c0,,,,,estimativa_pos_censo_2022,1º de julho de 2024,nao
ctx.populacao.residente,População residente do município,2304400,Fortaleza,CE,exercício financeiro,2025,,,2578483,habitantes,,"Município da capital, identificado pelo código IBGE de 7 dígitos. Não se aplica. Não se aplica.",OBSERVADO,sim,,,,nao,,ibge_populacao,"IBGE, SIDRA, tabela 6579, variável 9324, município 2304400, 2025 (população residente estimada, referência 1º de julho de 2025)",1.2,2026-10-08T19:53:44Z,12947536ecb8bc08cb80e5e6b7177381a7b8439862c9be78a88519bfbcbd50c0,,,,,estimativa_pos_censo_2022,1º de julho de 2025,nao
ctx.populacao.residente,População residente do município,3205309,Vitória,ES,exercício financeiro,2021,,,369534,habitantes,,"Município da capital, identificado pelo código IBGE de 7 dígitos. Não se aplica. Não se aplica.",OBSERVADO,sim,,,"Estimativa de 1º de julho de 2021, calculada a partir do Censo de 2010, anterior ao Censo de 2022. A população de 2022 em diante tem outra base; variações por habitante entre 2021 e os anos seguintes misturam a mudança da base populacional.",sim,,ibge_populacao,"IBGE, SIDRA, tabela 6579, variável 9324, município 3205309, 2021 (população residente estimada, referência 1º de julho de 2021)",1.2,2026-10-08T19:53:44Z,12947536ecb8bc08cb80e5e6b7177381a7b8439862c9be78a88519bfbcbd50c0,,,,,estimativa_pre_censo_2022,1º de julho de 2021,sim
ctx.populacao.residente,População residente do município,3205309,Vitória,ES,exercício financeiro,2022,,,322869,habitantes,,"Município da capital, identificado pelo código IBGE de 7 dígitos. Não se aplica. Não se aplica.",OBSERVADO,sim,,,"Censo Demográfico 2022 (segunda apuração), população residente com data de referência em 31 de julho de 2022, conforme a Nota Metodológica nº 1 do IBGE. É a mesma população que o IBGE adotou como oficial para 2023.",nao,,ibge_populacao,"IBGE, SIDRA, tabela 4714, variável 93, município 3205309, 2022 (população residente no Censo 2022, referência 31 de julho de 2022)",1.2,2026-10-08T19:53:44Z,12947536ecb8bc08cb80e5e6b7177381a7b8439862c9be78a88519bfbcbd50c0,,,,,censo,31 de julho de 2022,nao
ctx.populacao.residente,População residente do município,3205309,Vitória,ES,exercício financeiro,2023,,,322869,habitantes,,"Município da capital, identificado pelo código IBGE de 7 dígitos. Não se aplica. Não se aplica.",OBSERVADO,sim,,,"População oficial do exercício de 2023: o IBGE publicou, em 31/08/2023, a relação das populações municipais em substituição às estimativas de 2023, com a população do Censo 2022 (segunda apuração), referência em 31 de julho de 2022. Não é estimativa de população em julho de 2023: é a mesma população de 2022. A despesa por habitante de 2023 não acompanha o crescimento populacional posterior ao Censo e a variação entre 2022 e 2023 vem só da despesa; a variação entre 2023 e 2024 mistura dois anos de crescimento populacional.",sim,,ibge_populacao_relacao_2023,"IBGE, relação da população dos municípios de 2023 (Censo 2022, 2ª apuração), município 3205309, referência 31 de julho de 2022 (malha territorial de 30 de abril de 2023)",1.2,2026-10-08T19:53:44Z,12947536ecb8bc08cb80e5e6b7177381a7b8439862c9be78a88519bfbcbd50c0,,,,,censo_relacao_dou_2023,31 de julho de 2022 (malha territorial de 30 de abril de 2023),sim
ctx.populacao.residente,População residente do município,3205309,Vitória,ES,exercício financeiro,2024,,,342800,habitantes,,"Município da capital, identificado pelo código IBGE de 7 dígitos. Não se aplica. Não se aplica.",OBSERVADO,sim,,,,nao,,ibge_populacao,"IBGE, SIDRA, tabela 6579, variável 9324, município 3205309, 2024 (população residente estimada, referência 1º de julho de 2024)",1.2,2026-10-08T19:53:44Z,12947536ecb8bc08cb80e5e6b7177381a7b8439862c9be78a88519bfbcbd50c0,,,,,estimativa_pos_censo_2022,1º de julho de 2024,nao
ctx.populacao.residente,População residente do município,3205309,Vitória,ES,exercício financeiro,2025,,,343378,habitantes,,"Município da capital, identificado pelo código IBGE de 7 dígitos. Não se aplica. Não se aplica.",OBSERVADO,sim,,,,nao,,ibge_populacao,"IBGE, SIDRA, tabela 6579, variável 9324, município 3205309, 2025 (população residente estimada, referência 1º de julho de 2025)",1.2,2026-10-08T19:53:44Z,12947536ecb8bc08cb80e5e6b7177381a7b8439862c9be78a88519bfbcbd50c0,,,,,estimativa_pos_censo_2022,1º de julho de 2025,nao
ctx.populacao.residente,População residente do município,5208707,Goiânia,GO,exercício financeiro,2021,,,1555626,habitantes,,"Município da capital, identificado pelo código IBGE de 7 dígitos. Não se aplica. Não se aplica.",OBSERVADO,sim,,,"Estimativa de 1º de julho de 2021, calculada a partir do Censo de 2010, anterior ao Censo de 2022. A população de 2022 em diante tem outra base; variações por habitante entre 2021 e os anos seguintes misturam a mudança da base populacional.",sim,,ibge_populacao,"IBGE, SIDRA, tabela 6579, variável 9324, município 5208707, 2021 (população residente estimada, referência 1º de julho de 2021)",1.2,2026-10-08T19:53:44Z,12947536ecb8bc08cb80e5e6b7177381a7b8439862c9be78a88519bfbcbd50c0,,,,,estimativa_pre_censo_2022,1º de julho de 2021,sim
ctx.populacao.residente,População residente do município,5208707,Goiânia,GO,exercício financeiro,2022,,,1437366,habitantes,,"Município da capital, identificado pelo código IBGE de 7 dígitos. Não se aplica. Não se aplica.",OBSERVADO,sim,,,"Censo Demográfico 2022 (segunda apuração), população residente com data de referência em 31 de julho de 2022, conforme a Nota Metodológica nº 1 do IBGE. É a mesma população que o IBGE adotou como oficial para 2023.",nao,,ibge_populacao,"IBGE, SIDRA, tabela 4714, variável 93, município 5208707, 2022 (população residente no Censo 2022, referência 31 de julho de 2022)",1.2,2026-10-08T19:53:44Z,12947536ecb8bc08cb80e5e6b7177381a7b8439862c9be78a88519bfbcbd50c0,,,,,censo,31 de julho de 2022,nao
ctx.populacao.residente,População residente do município,5208707,Goiânia,GO,exercício financeiro,2023,,,1437366,habitantes,,"Município da capital, identificado pelo código IBGE de 7 dígitos. Não se aplica. Não se aplica.",OBSERVADO,sim,,,"População oficial do exercício de 2023: o IBGE publicou, em 31/08/2023, a relação das populações municipais em substituição às estimativas de 2023, com a população do Censo 2022 (segunda apuração), referência em 31 de julho de 2022. Não é estimativa de população em julho de 2023: é a mesma população de 2022. A despesa por habitante de 2023 não acompanha o crescimento populacional posterior ao Censo e a variação entre 2022 e 2023 vem só da despesa; a variação entre 2023 e 2024 mistura dois anos de crescimento populacional.",sim,,ibge_populacao_relacao_2023,"IBGE, relação da população dos municípios de 2023 (Censo 2022, 2ª apuração), município 5208707, referência 31 de julho de 2022 (malha territorial de 30 de abril de 2023)",1.2,2026-10-08T19:53:44Z,12947536ecb8bc08cb80e5e6b7177381a7b8439862c9be78a88519bfbcbd50c0,,,,,censo_relacao_dou_2023,31 de julho de 2022 (malha territorial de 30 de abril de 2023),sim
ctx.populacao.residente,População residente do município,5208707,Goiânia,GO,exercício financeiro,2024,,,1494599,habitantes,,"Município da capital, identificado pelo código IBGE de 7 dígitos. Não se aplica. Não se aplica.",OBSERVADO,sim,,,,nao,,ibge_populacao,"IBGE, SIDRA, tabela 6579, variável 9324, município 5208707, 2024 (população residente estimada, referência 1º de julho de 2024)",1.2,2026-10-08T19:53:44Z,12947536ecb8bc08cb80e5e6b7177381a7b8439862c9be78a88519bfbcbd50c0,,,,,estimativa_pos_censo_2022,1º de julho de 2024,nao
ctx.populacao.residente,População residente do município,5208707,Goiânia,GO,exercício financeiro,2025,,,1503256,habitantes,,"Município da capital, identificado pelo código IBGE de 7 dígitos. Não se aplica. Não se aplica.",OBSERVADO,sim,,,,nao,,ibge_populacao,"IBGE, SIDRA, tabela 6579, variável 9324, município 5208707, 2025 (população residente estimada, referência 1º de julho de 2025)",1.2,2026-10-08T19:53:44Z,12947536ecb8bc08cb80e5e6b7177381a7b8439862c9be78a88519bfbcbd50c0,,,,,estimativa_pos_censo_2022,1º de julho de 2025,nao
ctx.populacao.residente,População residente do município,2111300,São Luís,MA,exercício financeiro,2021,,,1115932,habitantes,,"Município da capital, identificado pelo código IBGE de 7 dígitos. Não se aplica. Não se aplica.",OBSERVADO,sim,,,"Estimativa de 1º de julho de 2021, calculada a partir do Censo de 2010, anterior ao Censo de 2022. A população de 2022 em diante tem outra base; variações por habitante entre 2021 e os anos seguintes misturam a mudança da base populacional.",sim,,ibge_populacao,"IBGE, SIDRA, tabela 6579, variável 9324, município 2111300, 2021 (população residente estimada, referência 1º de julho de 2021)",1.2,2026-10-08T19:53:44Z,12947536ecb8bc08cb80e5e6b7177381a7b8439862c9be78a88519bfbcbd50c0,,,,,estimativa_pre_censo_2022,1º de julho de 2021,sim
ctx.populacao.residente,População residente do município,2111300,São Luís,MA,exercício financeiro,2022,,,1037775,habitantes,,"Município da capital, identificado pelo código IBGE de 7 dígitos. Não se aplica. Não se aplica.",OBSERVADO,sim,,,"Censo Demográfico 2022 (segunda apuração), população residente com data de referência em 31 de julho de 2022, conforme a Nota Metodológica nº 1 do IBGE. É a mesma população que o IBGE adotou como oficial para 2023.",nao,,ibge_populacao,"IBGE, SIDRA, tabela 4714, variável 93, município 2111300, 2022 (população residente no Censo 2022, referência 31 de julho de 2022)",1.2,2026-10-08T19:53:44Z,12947536ecb8bc08cb80e5e6b7177381a7b8439862c9be78a88519bfbcbd50c0,,,,,censo,31 de julho de 2022,nao
ctx.populacao.residente,População residente do município,2111300,São Luís,MA,exercício financeiro,2023,,,1037775,habitantes,,"Município da capital, identificado pelo código IBGE de 7 dígitos. Não se aplica. Não se aplica.",OBSERVADO,sim,,,"População oficial do exercício de 2023: o IBGE publicou, em 31/08/2023, a relação das populações municipais em substituição às estimativas de 2023, com a população do Censo 2022 (segunda apuração), referência em 31 de julho de 2022. Não é estimativa de população em julho de 2023: é a mesma população de 2022. A despesa por habitante de 2023 não acompanha o crescimento populacional posterior ao Censo e a variação entre 2022 e 2023 vem só da despesa; a variação entre 2023 e 2024 mistura dois anos de crescimento populacional.",sim,,ibge_populacao_relacao_2023,"IBGE, relação da população dos municípios de 2023 (Censo 2022, 2ª apuração), município 2111300, referência 31 de julho de 2022 (malha territorial de 30 de abril de 2023)",1.2,2026-10-08T19:53:44Z,12947536ecb8bc08cb80e5e6b7177381a7b8439862c9be78a88519bfbcbd50c0,,,,,censo_relacao_dou_2023,31 de julho de 2022 (malha territorial de 30 de abril de 2023),sim
ctx.populacao.residente,População residente do município,2111300,São Luís,MA,exercício financeiro,2024,,,1088057,habitantes,,"Município da capital, identificado pelo código IBGE de 7 dígitos. Não se aplica. Não se aplica.",OBSERVADO,sim,,,,nao,,ibge_populacao,"IBGE, SIDRA, tabela 6579, variável 9324, município 2111300, 2024 (população residente estimada, referência 1º de julho de 2024)",1.2,2026-10-08T19:53:44Z,12947536ecb8bc08cb80e5e6b7177381a7b8439862c9be78a88519bfbcbd50c0,,,,,estimativa_pos_censo_2022,1º de julho de 2024,nao
ctx.populacao.residente,População residente do município,2111300,São Luís,MA,exercício financeiro,2025,,,1089215,habitantes,,"Município da capital, identificado pelo código IBGE de 7 dígitos. Não se aplica. Não se aplica.",OBSERVADO,sim,,,,nao,,ibge_populacao,"IBGE, SIDRA, tabela 6579, variável 9324, município 2111300, 2025 (população residente estimada, referência 1º de julho de 2025)",1.2,2026-10-08T19:53:44Z,12947536ecb8bc08cb80e5e6b7177381a7b8439862c9be78a88519bfbcbd50c0,,,,,estimativa_pos_censo_2022,1º de julho de 2025,nao
ctx.populacao.residente,População residente do município,5103403,Cuiabá,MT,exercício financeiro,2021,,,623614,habitantes,,"Município da capital, identificado pelo código IBGE de 7 dígitos. Não se aplica. Não se aplica.",OBSERVADO,sim,,,"Estimativa de 1º de julho de 2021, calculada a partir do Censo de 2010, anterior ao Censo de 2022. A população de 2022 em diante tem outra base; variações por habitante entre 2021 e os anos seguintes misturam a mudança da base populacional.",sim,,ibge_populacao,"IBGE, SIDRA, tabela 6579, variável 9324, município 5103403, 2021 (população residente estimada, referência 1º de julho de 2021)",1.2,2026-10-08T19:53:44Z,12947536ecb8bc08cb80e5e6b7177381a7b8439862c9be78a88519bfbcbd50c0,,,,,estimativa_pre_censo_2022,1º de julho de 2021,sim
ctx.populacao.residente,População residente do município,5103403,Cuiabá,MT,exercício financeiro,2022,,,650877,habitantes,,"Município da capital, identificado pelo código IBGE de 7 dígitos. Não se aplica. Não se aplica.",OBSERVADO,sim,,,"Censo Demográfico 2022 (segunda apuração), população residente com data de referência em 31 de julho de 2022, conforme a Nota Metodológica nº 1 do IBGE. É a mesma população que o IBGE adotou como oficial para 2023.",nao,,ibge_populacao,"IBGE, SIDRA, tabela 4714, variável 93, município 5103403, 2022 (população residente no Censo 2022, referência 31 de julho de 2022)",1.2,2026-10-08T19:53:44Z,12947536ecb8bc08cb80e5e6b7177381a7b8439862c9be78a88519bfbcbd50c0,,,,,censo,31 de julho de 2022,nao
ctx.populacao.residente,População residente do município,5103403,Cuiabá,MT,exercício financeiro,2023,,,650877,habitantes,,"Município da capital, identificado pelo código IBGE de 7 dígitos. Não se aplica. Não se aplica.",OBSERVADO,sim,,,"População oficial do exercício de 2023: o IBGE publicou, em 31/08/2023, a relação das populações municipais em substituição às estimativas de 2023, com a população do Censo 2022 (segunda apuração), referência em 31 de julho de 2022. Não é estimativa de população em julho de 2023: é a mesma população de 2022. A despesa por habitante de 2023 não acompanha o crescimento populacional posterior ao Censo e a variação entre 2022 e 2023 vem só da despesa; a variação entre 2023 e 2024 mistura dois anos de crescimento populacional.",sim,,ibge_populacao_relacao_2023,"IBGE, relação da população dos municípios de 2023 (Censo 2022, 2ª apuração), município 5103403, referência 31 de julho de 2022 (malha territorial de 30 de abril de 2023)",1.2,2026-10-08T19:53:44Z,12947536ecb8bc08cb80e5e6b7177381a7b8439862c9be78a88519bfbcbd50c0,,,,,censo_relacao_dou_2023,31 de julho de 2022 (malha territorial de 30 de abril de 2023),sim
ctx.populacao.residente,População residente do município,5103403,Cuiabá,MT,exercício financeiro,2024,,,682932,habitantes,,"Município da capital, identificado pelo código IBGE de 7 dígitos. Não se aplica. Não se aplica.",OBSERVADO,sim,,,,nao,,ibge_populacao,"IBGE, SIDRA, tabela 6579, variável 9324, município 5103403, 2024 (população residente estimada, referência 1º de julho de 2024)",1.2,2026-10-08T19:53:44Z,12947536ecb8bc08cb80e5e6b7177381a7b8439862c9be78a88519bfbcbd50c0,,,,,estimativa_pos_censo_2022,1º de julho de 2024,nao
ctx.populacao.residente,População residente do município,5103403,Cuiabá,MT,exercício financeiro,2025,,,691875,habitantes,,"Município da capital, identificado pelo código IBGE de 7 dígitos. Não se aplica. Não se aplica.",OBSERVADO,sim,,,,nao,,ibge_populacao,"IBGE, SIDRA, tabela 6579, variável 9324, município 5103403, 2025 (população residente estimada, referência 1º de julho de 2025)",1.2,2026-10-08T19:53:44Z,12947536ecb8bc08cb80e5e6b7177381a7b8439862c9be78a88519bfbcbd50c0,,,,,estimativa_pos_censo_2022,1º de julho de 2025,nao
ctx.populacao.residente,População residente do município,5002704,Campo Grande,MS,exercício financeiro,2021,,,916001,habitantes,,"Município da capital, identificado pelo código IBGE de 7 dígitos. Não se aplica. Não se aplica.",OBSERVADO,sim,,,"Estimativa de 1º de julho de 2021, calculada a partir do Censo de 2010, anterior ao Censo de 2022. A população de 2022 em diante tem outra base; variações por habitante entre 2021 e os anos seguintes misturam a mudança da base populacional.",sim,,ibge_populacao,"IBGE, SIDRA, tabela 6579, variável 9324, município 5002704, 2021 (população residente estimada, referência 1º de julho de 2021)",1.2,2026-10-08T19:53:44Z,12947536ecb8bc08cb80e5e6b7177381a7b8439862c9be78a88519bfbcbd50c0,,,,,estimativa_pre_censo_2022,1º de julho de 2021,sim
ctx.populacao.residente,População residente do município,5002704,Campo Grande,MS,exercício financeiro,2022,,,898100,habitantes,,"Município da capital, identificado pelo código IBGE de 7 dígitos. Não se aplica. Não se aplica.",OBSERVADO,sim,,,"Censo Demográfico 2022 (segunda apuração), população residente com data de referência em 31 de julho de 2022, conforme a Nota Metodológica nº 1 do IBGE. É a mesma população que o IBGE adotou como oficial para 2023.",nao,,ibge_populacao,"IBGE, SIDRA, tabela 4714, variável 93, município 5002704, 2022 (população residente no Censo 2022, referência 31 de julho de 2022)",1.2,2026-10-08T19:53:44Z,12947536ecb8bc08cb80e5e6b7177381a7b8439862c9be78a88519bfbcbd50c0,,,,,censo,31 de julho de 2022,nao
ctx.populacao.residente,População residente do município,5002704,Campo Grande,MS,exercício financeiro,2023,,,898100,habitantes,,"Município da capital, identificado pelo código IBGE de 7 dígitos. Não se aplica. Não se aplica.",OBSERVADO,sim,,,"População oficial do exercício de 2023: o IBGE publicou, em 31/08/2023, a relação das populações municipais em substituição às estimativas de 2023, com a população do Censo 2022 (segunda apuração), referência em 31 de julho de 2022. Não é estimativa de população em julho de 2023: é a mesma população de 2022. A despesa por habitante de 2023 não acompanha o crescimento populacional posterior ao Censo e a variação entre 2022 e 2023 vem só da despesa; a variação entre 2023 e 2024 mistura dois anos de crescimento populacional.",sim,,ibge_populacao_relacao_2023,"IBGE, relação da população dos municípios de 2023 (Censo 2022, 2ª apuração), município 5002704, referência 31 de julho de 2022 (malha territorial de 30 de abril de 2023)",1.2,2026-10-08T19:53:44Z,12947536ecb8bc08cb80e5e6b7177381a7b8439862c9be78a88519bfbcbd50c0,,,,,censo_relacao_dou_2023,31 de julho de 2022 (malha territorial de 30 de abril de 2023),sim
ctx.populacao.residente,População residente do município,5002704,Campo Grande,MS,exercício financeiro,2024,,,954537,habitantes,,"Município da capital, identificado pelo código IBGE de 7 dígitos. Não se aplica. Não se aplica.",OBSERVADO,sim,,,,nao,,ibge_populacao,"IBGE, SIDRA, tabela 6579, variável 9324, município 5002704, 2024 (população residente estimada, referência 1º de julho de 2024)",1.2,2026-10-08T19:53:44Z,12947536ecb8bc08cb80e5e6b7177381a7b8439862c9be78a88519bfbcbd50c0,,,,,estimativa_pos_censo_2022,1º de julho de 2024,nao
ctx.populacao.residente,População residente do município,5002704,Campo Grande,MS,exercício financeiro,2025,,,962883,habitantes,,"Município da capital, identificado pelo código IBGE de 7 dígitos. Não se aplica. Não se aplica.",OBSERVADO,sim,,,,nao,,ibge_populacao,"IBGE, SIDRA, tabela 6579, variável 9324, município 5002704, 2025 (população residente estimada, referência 1º de julho de 2025)",1.2,2026-10-08T19:53:44Z,12947536ecb8bc08cb80e5e6b7177381a7b8439862c9be78a88519bfbcbd50c0,,,,,estimativa_pos_censo_2022,1º de julho de 2025,nao
ctx.populacao.residente,População residente do município,3106200,Belo Horizonte,MG,exercício financeiro,2021,,,2530701,habitantes,,"Município da capital, identificado pelo código IBGE de 7 dígitos. Não se aplica. Não se aplica.",OBSERVADO,sim,,,"Estimativa de 1º de julho de 2021, calculada a partir do Censo de 2010, anterior ao Censo de 2022. A população de 2022 em diante tem outra base; variações por habitante entre 2021 e os anos seguintes misturam a mudança da base populacional.",sim,,ibge_populacao,"IBGE, SIDRA, tabela 6579, variável 9324, município 3106200, 2021 (população residente estimada, referência 1º de julho de 2021)",1.2,2026-10-08T19:53:44Z,12947536ecb8bc08cb80e5e6b7177381a7b8439862c9be78a88519bfbcbd50c0,,,,,estimativa_pre_censo_2022,1º de julho de 2021,sim
ctx.populacao.residente,População residente do município,3106200,Belo Horizonte,MG,exercício financeiro,2022,,,2315560,habitantes,,"Município da capital, identificado pelo código IBGE de 7 dígitos. Não se aplica. Não se aplica.",OBSERVADO,sim,,,"Censo Demográfico 2022 (segunda apuração), população residente com data de referência em 31 de julho de 2022, conforme a Nota Metodológica nº 1 do IBGE. É a mesma população que o IBGE adotou como oficial para 2023.",nao,,ibge_populacao,"IBGE, SIDRA, tabela 4714, variável 93, município 3106200, 2022 (população residente no Censo 2022, referência 31 de julho de 2022)",1.2,2026-10-08T19:53:44Z,12947536ecb8bc08cb80e5e6b7177381a7b8439862c9be78a88519bfbcbd50c0,,,,,censo,31 de julho de 2022,nao
ctx.populacao.residente,População residente do município,3106200,Belo Horizonte,MG,exercício financeiro,2023,,,2315560,habitantes,,"Município da capital, identificado pelo código IBGE de 7 dígitos. Não se aplica. Não se aplica.",OBSERVADO,sim,,,"População oficial do exercício de 2023: o IBGE publicou, em 31/08/2023, a relação das populações municipais em substituição às estimativas de 2023, com a população do Censo 2022 (segunda apuração), referência em 31 de julho de 2022. Não é estimativa de população em julho de 2023: é a mesma população de 2022. A despesa por habitante de 2023 não acompanha o crescimento populacional posterior ao Censo e a variação entre 2022 e 2023 vem só da despesa; a variação entre 2023 e 2024 mistura dois anos de crescimento populacional.",sim,,ibge_populacao_relacao_2023,"IBGE, relação da população dos municípios de 2023 (Censo 2022, 2ª apuração), município 3106200, referência 31 de julho de 2022 (malha territorial de 30 de abril de 2023)",1.2,2026-10-08T19:53:44Z,12947536ecb8bc08cb80e5e6b7177381a7b8439862c9be78a88519bfbcbd50c0,,,,,censo_relacao_dou_2023,31 de julho de 2022 (malha territorial de 30 de abril de 2023),sim
ctx.populacao.residente,População residente do município,3106200,Belo Horizonte,MG,exercício financeiro,2024,,,2416339,habitantes,,"Município da capital, identificado pelo código IBGE de 7 dígitos. Não se aplica. Não se aplica.",OBSERVADO,sim,,,,nao,,ibge_populacao,"IBGE, SIDRA, tabela 6579, variável 9324, município 3106200, 2024 (população residente estimada, referência 1º de julho de 2024)",1.2,2026-10-08T19:53:44Z,12947536ecb8bc08cb80e5e6b7177381a7b8439862c9be78a88519bfbcbd50c0,,,,,estimativa_pos_censo_2022,1º de julho de 2024,nao
ctx.populacao.residente,População residente do município,3106200,Belo Horizonte,MG,exercício financeiro,2025,,,2415872,habitantes,,"Município da capital, identificado pelo código IBGE de 7 dígitos. Não se aplica. Não se aplica.",OBSERVADO,sim,,,,nao,,ibge_populacao,"IBGE, SIDRA, tabela 6579, variável 9324, município 3106200, 2025 (população residente estimada, referência 1º de julho de 2025)",1.2,2026-10-08T19:53:44Z,12947536ecb8bc08cb80e5e6b7177381a7b8439862c9be78a88519bfbcbd50c0,,,,,estimativa_pos_censo_2022,1º de julho de 2025,nao
ctx.populacao.residente,População residente do município,1501402,Belém,PA,exercício financeiro,2021,,,1506420,habitantes,,"Município da capital, identificado pelo código IBGE de 7 dígitos. Não se aplica. Não se aplica.",OBSERVADO,sim,,,"Estimativa de 1º de julho de 2021, calculada a partir do Censo de 2010, anterior ao Censo de 2022. A população de 2022 em diante tem outra base; variações por habitante entre 2021 e os anos seguintes misturam a mudança da base populacional.",sim,,ibge_populacao,"IBGE, SIDRA, tabela 6579, variável 9324, município 1501402, 2021 (população residente estimada, referência 1º de julho de 2021)",1.2,2026-10-08T19:53:44Z,12947536ecb8bc08cb80e5e6b7177381a7b8439862c9be78a88519bfbcbd50c0,,,,,estimativa_pre_censo_2022,1º de julho de 2021,sim
ctx.populacao.residente,População residente do município,1501402,Belém,PA,exercício financeiro,2022,,,1303403,habitantes,,"Município da capital, identificado pelo código IBGE de 7 dígitos. Não se aplica. Não se aplica.",OBSERVADO,sim,,,"Censo Demográfico 2022 (segunda apuração), população residente com data de referência em 31 de julho de 2022, conforme a Nota Metodológica nº 1 do IBGE. É a mesma população que o IBGE adotou como oficial para 2023.",nao,,ibge_populacao,"IBGE, SIDRA, tabela 4714, variável 93, município 1501402, 2022 (população residente no Censo 2022, referência 31 de julho de 2022)",1.2,2026-10-08T19:53:44Z,12947536ecb8bc08cb80e5e6b7177381a7b8439862c9be78a88519bfbcbd50c0,,,,,censo,31 de julho de 2022,nao
ctx.populacao.residente,População residente do município,1501402,Belém,PA,exercício financeiro,2023,,,1303403,habitantes,,"Município da capital, identificado pelo código IBGE de 7 dígitos. Não se aplica. Não se aplica.",OBSERVADO,sim,,,"População oficial do exercício de 2023: o IBGE publicou, em 31/08/2023, a relação das populações municipais em substituição às estimativas de 2023, com a população do Censo 2022 (segunda apuração), referência em 31 de julho de 2022. Não é estimativa de população em julho de 2023: é a mesma população de 2022. A despesa por habitante de 2023 não acompanha o crescimento populacional posterior ao Censo e a variação entre 2022 e 2023 vem só da despesa; a variação entre 2023 e 2024 mistura dois anos de crescimento populacional.",sim,,ibge_populacao_relacao_2023,"IBGE, relação da população dos municípios de 2023 (Censo 2022, 2ª apuração), município 1501402, referência 31 de julho de 2022 (malha territorial de 30 de abril de 2023)",1.2,2026-10-08T19:53:44Z,12947536ecb8bc08cb80e5e6b7177381a7b8439862c9be78a88519bfbcbd50c0,,,,,censo_relacao_dou_2023,31 de julho de 2022 (malha territorial de 30 de abril de 2023),sim
ctx.populacao.residente,População residente do município,1501402,Belém,PA,exercício financeiro,2024,,,1398531,habitantes,,"Município da capital, identificado pelo código IBGE de 7 dígitos. Não se aplica. Não se aplica.",OBSERVADO,sim,,,,nao,,ibge_populacao,"IBGE, SIDRA, tabela 6579, variável 9324, município 1501402, 2024 (população residente estimada, referência 1º de julho de 2024)",1.2,2026-10-08T19:53:44Z,12947536ecb8bc08cb80e5e6b7177381a7b8439862c9be78a88519bfbcbd50c0,,,,,estimativa_pos_censo_2022,1º de julho de 2024,nao
ctx.populacao.residente,População residente do município,1501402,Belém,PA,exercício financeiro,2025,,,1397315,habitantes,,"Município da capital, identificado pelo código IBGE de 7 dígitos. Não se aplica. Não se aplica.",OBSERVADO,sim,,,,nao,,ibge_populacao,"IBGE, SIDRA, tabela 6579, variável 9324, município 1501402, 2025 (população residente estimada, referência 1º de julho de 2025)",1.2,2026-10-08T19:53:44Z,12947536ecb8bc08cb80e5e6b7177381a7b8439862c9be78a88519bfbcbd50c0,,,,,estimativa_pos_censo_2022,1º de julho de 2025,nao
ctx.populacao.residente,População residente do município,2507507,João Pessoa,PB,exercício financeiro,2021,,,825796,habitantes,,"Município da capital, identificado pelo código IBGE de 7 dígitos. Não se aplica. Não se aplica.",OBSERVADO,sim,,,"Estimativa de 1º de julho de 2021, calculada a partir do Censo de 2010, anterior ao Censo de 2022. A população de 2022 em diante tem outra base; variações por habitante entre 2021 e os anos seguintes misturam a mudança da base populacional.",sim,,ibge_populacao,"IBGE, SIDRA, tabela 6579, variável 9324, município 2507507, 2021 (população residente estimada, referência 1º de julho de 2021)",1.2,2026-10-08T19:53:44Z,12947536ecb8bc08cb80e5e6b7177381a7b8439862c9be78a88519bfbcbd50c0,,,,,estimativa_pre_censo_2022,1º de julho de 2021,sim
ctx.populacao.residente,População residente do município,2507507,João Pessoa,PB,exercício financeiro,2022,,,833932,habitantes,,"Município da capital, identificado pelo código IBGE de 7 dígitos. Não se aplica. Não se aplica.",OBSERVADO,sim,,,"Censo Demográfico 2022 (segunda apuração), população residente com data de referência em 31 de julho de 2022, conforme a Nota Metodológica nº 1 do IBGE. É a mesma população que o IBGE adotou como oficial para 2023.",nao,,ibge_populacao,"IBGE, SIDRA, tabela 4714, variável 93, município 2507507, 2022 (população residente no Censo 2022, referência 31 de julho de 2022)",1.2,2026-10-08T19:53:44Z,12947536ecb8bc08cb80e5e6b7177381a7b8439862c9be78a88519bfbcbd50c0,,,,,censo,31 de julho de 2022,nao
ctx.populacao.residente,População residente do município,2507507,João Pessoa,PB,exercício financeiro,2023,,,833932,habitantes,,"Município da capital, identificado pelo código IBGE de 7 dígitos. Não se aplica. Não se aplica.",OBSERVADO,sim,,,"População oficial do exercício de 2023: o IBGE publicou, em 31/08/2023, a relação das populações municipais em substituição às estimativas de 2023, com a população do Censo 2022 (segunda apuração), referência em 31 de julho de 2022. Não é estimativa de população em julho de 2023: é a mesma população de 2022. A despesa por habitante de 2023 não acompanha o crescimento populacional posterior ao Censo e a variação entre 2022 e 2023 vem só da despesa; a variação entre 2023 e 2024 mistura dois anos de crescimento populacional.",sim,,ibge_populacao_relacao_2023,"IBGE, relação da população dos municípios de 2023 (Censo 2022, 2ª apuração), município 2507507, referência 31 de julho de 2022 (malha territorial de 30 de abril de 2023)",1.2,2026-10-08T19:53:44Z,12947536ecb8bc08cb80e5e6b7177381a7b8439862c9be78a88519bfbcbd50c0,,,,,censo_relacao_dou_2023,31 de julho de 2022 (malha territorial de 30 de abril de 2023),sim
ctx.populacao.residente,População residente do município,2507507,João Pessoa,PB,exercício financeiro,2024,,,888679,habitantes,,"Município da capital, identificado pelo código IBGE de 7 dígitos. Não se aplica. Não se aplica.",OBSERVADO,sim,,,,nao,,ibge_populacao,"IBGE, SIDRA, tabela 6579, variável 9324, município 2507507, 2024 (população residente estimada, referência 1º de julho de 2024)",1.2,2026-10-08T19:53:44Z,12947536ecb8bc08cb80e5e6b7177381a7b8439862c9be78a88519bfbcbd50c0,,,,,estimativa_pos_censo_2022,1º de julho de 2024,nao
ctx.populacao.residente,População residente do município,2507507,João Pessoa,PB,exercício financeiro,2025,,,897633,habitantes,,"Município da capital, identificado pelo código IBGE de 7 dígitos. Não se aplica. Não se aplica.",OBSERVADO,sim,,,,nao,,ibge_populacao,"IBGE, SIDRA, tabela 6579, variável 9324, município 2507507, 2025 (população residente estimada, referência 1º de julho de 2025)",1.2,2026-10-08T19:53:44Z,12947536ecb8bc08cb80e5e6b7177381a7b8439862c9be78a88519bfbcbd50c0,,,,,estimativa_pos_censo_2022,1º de julho de 2025,nao
ctx.populacao.residente,População residente do município,4106902,Curitiba,PR,exercício financeiro,2021,,,1963726,habitantes,,"Município da capital, identificado pelo código IBGE de 7 dígitos. Não se aplica. Não se aplica.",OBSERVADO,sim,,,"Estimativa de 1º de julho de 2021, calculada a partir do Censo de 2010, anterior ao Censo de 2022. A população de 2022 em diante tem outra base; variações por habitante entre 2021 e os anos seguintes misturam a mudança da base populacional.",sim,,ibge_populacao,"IBGE, SIDRA, tabela 6579, variável 9324, município 4106902, 2021 (população residente estimada, referência 1º de julho de 2021)",1.2,2026-10-08T19:53:44Z,12947536ecb8bc08cb80e5e6b7177381a7b8439862c9be78a88519bfbcbd50c0,,,,,estimativa_pre_censo_2022,1º de julho de 2021,sim
ctx.populacao.residente,População residente do município,4106902,Curitiba,PR,exercício financeiro,2022,,,1773718,habitantes,,"Município da capital, identificado pelo código IBGE de 7 dígitos. Não se aplica. Não se aplica.",OBSERVADO,sim,,,"Censo Demográfico 2022 (segunda apuração), população residente com data de referência em 31 de julho de 2022, conforme a Nota Metodológica nº 1 do IBGE. É a mesma população que o IBGE adotou como oficial para 2023.",nao,,ibge_populacao,"IBGE, SIDRA, tabela 4714, variável 93, município 4106902, 2022 (população residente no Censo 2022, referência 31 de julho de 2022)",1.2,2026-10-08T19:53:44Z,12947536ecb8bc08cb80e5e6b7177381a7b8439862c9be78a88519bfbcbd50c0,,,,,censo,31 de julho de 2022,nao
ctx.populacao.residente,População residente do município,4106902,Curitiba,PR,exercício financeiro,2023,,,1773718,habitantes,,"Município da capital, identificado pelo código IBGE de 7 dígitos. Não se aplica. Não se aplica.",OBSERVADO,sim,,,"População oficial do exercício de 2023: o IBGE publicou, em 31/08/2023, a relação das populações municipais em substituição às estimativas de 2023, com a população do Censo 2022 (segunda apuração), referência em 31 de julho de 2022. Não é estimativa de população em julho de 2023: é a mesma população de 2022. A despesa por habitante de 2023 não acompanha o crescimento populacional posterior ao Censo e a variação entre 2022 e 2023 vem só da despesa; a variação entre 2023 e 2024 mistura dois anos de crescimento populacional.",sim,,ibge_populacao_relacao_2023,"IBGE, relação da população dos municípios de 2023 (Censo 2022, 2ª apuração), município 4106902, referência 31 de julho de 2022 (malha territorial de 30 de abril de 2023)",1.2,2026-10-08T19:53:44Z,12947536ecb8bc08cb80e5e6b7177381a7b8439862c9be78a88519bfbcbd50c0,,,,,censo_relacao_dou_2023,31 de julho de 2022 (malha territorial de 30 de abril de 2023),sim
ctx.populacao.residente,População residente do município,4106902,Curitiba,PR,exercício financeiro,2024,,,1829225,habitantes,,"Município da capital, identificado pelo código IBGE de 7 dígitos. Não se aplica. Não se aplica.",OBSERVADO,sim,,,,nao,,ibge_populacao,"IBGE, SIDRA, tabela 6579, variável 9324, município 4106902, 2024 (população residente estimada, referência 1º de julho de 2024)",1.2,2026-10-08T19:53:44Z,12947536ecb8bc08cb80e5e6b7177381a7b8439862c9be78a88519bfbcbd50c0,,,,,estimativa_pos_censo_2022,1º de julho de 2024,nao
ctx.populacao.residente,População residente do município,4106902,Curitiba,PR,exercício financeiro,2025,,,1830795,habitantes,,"Município da capital, identificado pelo código IBGE de 7 dígitos. Não se aplica. Não se aplica.",OBSERVADO,sim,,,,nao,,ibge_populacao,"IBGE, SIDRA, tabela 6579, variável 9324, município 4106902, 2025 (população residente estimada, referência 1º de julho de 2025)",1.2,2026-10-08T19:53:44Z,12947536ecb8bc08cb80e5e6b7177381a7b8439862c9be78a88519bfbcbd50c0,,,,,estimativa_pos_censo_2022,1º de julho de 2025,nao
ctx.populacao.residente,População residente do município,2611606,Recife,PE,exercício financeiro,2021,,,1661017,habitantes,,"Município da capital, identificado pelo código IBGE de 7 dígitos. Não se aplica. Não se aplica.",OBSERVADO,sim,,,"Estimativa de 1º de julho de 2021, calculada a partir do Censo de 2010, anterior ao Censo de 2022. A população de 2022 em diante tem outra base; variações por habitante entre 2021 e os anos seguintes misturam a mudança da base populacional.",sim,,ibge_populacao,"IBGE, SIDRA, tabela 6579, variável 9324, município 2611606, 2021 (população residente estimada, referência 1º de julho de 2021)",1.2,2026-10-08T19:53:44Z,12947536ecb8bc08cb80e5e6b7177381a7b8439862c9be78a88519bfbcbd50c0,,,,,estimativa_pre_censo_2022,1º de julho de 2021,sim
ctx.populacao.residente,População residente do município,2611606,Recife,PE,exercício financeiro,2022,,,1488920,habitantes,,"Município da capital, identificado pelo código IBGE de 7 dígitos. Não se aplica. Não se aplica.",OBSERVADO,sim,,,"Censo Demográfico 2022 (segunda apuração), população residente com data de referência em 31 de julho de 2022, conforme a Nota Metodológica nº 1 do IBGE. É a mesma população que o IBGE adotou como oficial para 2023.",nao,,ibge_populacao,"IBGE, SIDRA, tabela 4714, variável 93, município 2611606, 2022 (população residente no Censo 2022, referência 31 de julho de 2022)",1.2,2026-10-08T19:53:44Z,12947536ecb8bc08cb80e5e6b7177381a7b8439862c9be78a88519bfbcbd50c0,,,,,censo,31 de julho de 2022,nao
ctx.populacao.residente,População residente do município,2611606,Recife,PE,exercício financeiro,2023,,,1488920,habitantes,,"Município da capital, identificado pelo código IBGE de 7 dígitos. Não se aplica. Não se aplica.",OBSERVADO,sim,,,"População oficial do exercício de 2023: o IBGE publicou, em 31/08/2023, a relação das populações municipais em substituição às estimativas de 2023, com a população do Censo 2022 (segunda apuração), referência em 31 de julho de 2022. Não é estimativa de população em julho de 2023: é a mesma população de 2022. A despesa por habitante de 2023 não acompanha o crescimento populacional posterior ao Censo e a variação entre 2022 e 2023 vem só da despesa; a variação entre 2023 e 2024 mistura dois anos de crescimento populacional.",sim,,ibge_populacao_relacao_2023,"IBGE, relação da população dos municípios de 2023 (Censo 2022, 2ª apuração), município 2611606, referência 31 de julho de 2022 (malha territorial de 30 de abril de 2023)",1.2,2026-10-08T19:53:44Z,12947536ecb8bc08cb80e5e6b7177381a7b8439862c9be78a88519bfbcbd50c0,,,,,censo_relacao_dou_2023,31 de julho de 2022 (malha territorial de 30 de abril de 2023),sim
ctx.populacao.residente,População residente do município,2611606,Recife,PE,exercício financeiro,2024,,,1587707,habitantes,,"Município da capital, identificado pelo código IBGE de 7 dígitos. Não se aplica. Não se aplica.",OBSERVADO,sim,,,,nao,,ibge_populacao,"IBGE, SIDRA, tabela 6579, variável 9324, município 2611606, 2024 (população residente estimada, referência 1º de julho de 2024)",1.2,2026-10-08T19:53:44Z,12947536ecb8bc08cb80e5e6b7177381a7b8439862c9be78a88519bfbcbd50c0,,,,,estimativa_pos_censo_2022,1º de julho de 2024,nao
ctx.populacao.residente,População residente do município,2611606,Recife,PE,exercício financeiro,2025,,,1588376,habitantes,,"Município da capital, identificado pelo código IBGE de 7 dígitos. Não se aplica. Não se aplica.",OBSERVADO,sim,,,,nao,,ibge_populacao,"IBGE, SIDRA, tabela 6579, variável 9324, município 2611606, 2025 (população residente estimada, referência 1º de julho de 2025)",1.2,2026-10-08T19:53:44Z,12947536ecb8bc08cb80e5e6b7177381a7b8439862c9be78a88519bfbcbd50c0,,,,,estimativa_pos_censo_2022,1º de julho de 2025,nao
ctx.populacao.residente,População residente do município,2211001,Teresina,PI,exercício financeiro,2021,,,871126,habitantes,,"Município da capital, identificado pelo código IBGE de 7 dígitos. Não se aplica. Não se aplica.",OBSERVADO,sim,,,"Estimativa de 1º de julho de 2021, calculada a partir do Censo de 2010, anterior ao Censo de 2022. A população de 2022 em diante tem outra base; variações por habitante entre 2021 e os anos seguintes misturam a mudança da base populacional.",sim,,ibge_populacao,"IBGE, SIDRA, tabela 6579, variável 9324, município 2211001, 2021 (população residente estimada, referência 1º de julho de 2021)",1.2,2026-10-08T19:53:44Z,12947536ecb8bc08cb80e5e6b7177381a7b8439862c9be78a88519bfbcbd50c0,,,,,estimativa_pre_censo_2022,1º de julho de 2021,sim
ctx.populacao.residente,População residente do município,2211001,Teresina,PI,exercício financeiro,2022,,,866300,habitantes,,"Município da capital, identificado pelo código IBGE de 7 dígitos. Não se aplica. Não se aplica.",OBSERVADO,sim,,,"Censo Demográfico 2022 (segunda apuração), população residente com data de referência em 31 de julho de 2022, conforme a Nota Metodológica nº 1 do IBGE. É a mesma população que o IBGE adotou como oficial para 2023.",nao,,ibge_populacao,"IBGE, SIDRA, tabela 4714, variável 93, município 2211001, 2022 (população residente no Censo 2022, referência 31 de julho de 2022)",1.2,2026-10-08T19:53:44Z,12947536ecb8bc08cb80e5e6b7177381a7b8439862c9be78a88519bfbcbd50c0,,,,,censo,31 de julho de 2022,nao
ctx.populacao.residente,População residente do município,2211001,Teresina,PI,exercício financeiro,2023,,,866300,habitantes,,"Município da capital, identificado pelo código IBGE de 7 dígitos. Não se aplica. Não se aplica.",OBSERVADO,sim,,,"População oficial do exercício de 2023: o IBGE publicou, em 31/08/2023, a relação das populações municipais em substituição às estimativas de 2023, com a população do Censo 2022 (segunda apuração), referência em 31 de julho de 2022. Não é estimativa de população em julho de 2023: é a mesma população de 2022. A despesa por habitante de 2023 não acompanha o crescimento populacional posterior ao Censo e a variação entre 2022 e 2023 vem só da despesa; a variação entre 2023 e 2024 mistura dois anos de crescimento populacional.",sim,,ibge_populacao_relacao_2023,"IBGE, relação da população dos municípios de 2023 (Censo 2022, 2ª apuração), município 2211001, referência 31 de julho de 2022 (malha territorial de 30 de abril de 2023)",1.2,2026-10-08T19:53:44Z,12947536ecb8bc08cb80e5e6b7177381a7b8439862c9be78a88519bfbcbd50c0,,,,,censo_relacao_dou_2023,31 de julho de 2022 (malha territorial de 30 de abril de 2023),sim
ctx.populacao.residente,População residente do município,2211001,Teresina,PI,exercício financeiro,2024,,,902644,habitantes,,"Município da capital, identificado pelo código IBGE de 7 dígitos. Não se aplica. Não se aplica.",OBSERVADO,sim,,,,nao,,ibge_populacao,"IBGE, SIDRA, tabela 6579, variável 9324, município 2211001, 2024 (população residente estimada, referência 1º de julho de 2024)",1.2,2026-10-08T19:53:44Z,12947536ecb8bc08cb80e5e6b7177381a7b8439862c9be78a88519bfbcbd50c0,,,,,estimativa_pos_censo_2022,1º de julho de 2024,nao
ctx.populacao.residente,População residente do município,2211001,Teresina,PI,exercício financeiro,2025,,,905692,habitantes,,"Município da capital, identificado pelo código IBGE de 7 dígitos. Não se aplica. Não se aplica.",OBSERVADO,sim,,,,nao,,ibge_populacao,"IBGE, SIDRA, tabela 6579, variável 9324, município 2211001, 2025 (população residente estimada, referência 1º de julho de 2025)",1.2,2026-10-08T19:53:44Z,12947536ecb8bc08cb80e5e6b7177381a7b8439862c9be78a88519bfbcbd50c0,,,,,estimativa_pos_censo_2022,1º de julho de 2025,nao
ctx.populacao.residente,População residente do município,3304557,Rio de Janeiro,RJ,exercício financeiro,2021,,,6775561,habitantes,,"Município da capital, identificado pelo código IBGE de 7 dígitos. Não se aplica. Não se aplica.",OBSERVADO,sim,,,"Estimativa de 1º de julho de 2021, calculada a partir do Censo de 2010, anterior ao Censo de 2022. A população de 2022 em diante tem outra base; variações por habitante entre 2021 e os anos seguintes misturam a mudança da base populacional.",sim,,ibge_populacao,"IBGE, SIDRA, tabela 6579, variável 9324, município 3304557, 2021 (população residente estimada, referência 1º de julho de 2021)",1.2,2026-10-08T19:53:44Z,12947536ecb8bc08cb80e5e6b7177381a7b8439862c9be78a88519bfbcbd50c0,,,,,estimativa_pre_censo_2022,1º de julho de 2021,sim
ctx.populacao.residente,População residente do município,3304557,Rio de Janeiro,RJ,exercício financeiro,2022,,,6211223,habitantes,,"Município da capital, identificado pelo código IBGE de 7 dígitos. Não se aplica. Não se aplica.",OBSERVADO,sim,,,"Censo Demográfico 2022 (segunda apuração), população residente com data de referência em 31 de julho de 2022, conforme a Nota Metodológica nº 1 do IBGE. É a mesma população que o IBGE adotou como oficial para 2023.",nao,,ibge_populacao,"IBGE, SIDRA, tabela 4714, variável 93, município 3304557, 2022 (população residente no Censo 2022, referência 31 de julho de 2022)",1.2,2026-10-08T19:53:44Z,12947536ecb8bc08cb80e5e6b7177381a7b8439862c9be78a88519bfbcbd50c0,,,,,censo,31 de julho de 2022,nao
ctx.populacao.residente,População residente do município,3304557,Rio de Janeiro,RJ,exercício financeiro,2023,,,6211223,habitantes,,"Município da capital, identificado pelo código IBGE de 7 dígitos. Não se aplica. Não se aplica.",OBSERVADO,sim,,,"População oficial do exercício de 2023: o IBGE publicou, em 31/08/2023, a relação das populações municipais em substituição às estimativas de 2023, com a população do Censo 2022 (segunda apuração), referência em 31 de julho de 2022. Não é estimativa de população em julho de 2023: é a mesma população de 2022. A despesa por habitante de 2023 não acompanha o crescimento populacional posterior ao Censo e a variação entre 2022 e 2023 vem só da despesa; a variação entre 2023 e 2024 mistura dois anos de crescimento populacional.",sim,,ibge_populacao_relacao_2023,"IBGE, relação da população dos municípios de 2023 (Censo 2022, 2ª apuração), município 3304557, referência 31 de julho de 2022 (malha territorial de 30 de abril de 2023)",1.2,2026-10-08T19:53:44Z,12947536ecb8bc08cb80e5e6b7177381a7b8439862c9be78a88519bfbcbd50c0,,,,,censo_relacao_dou_2023,31 de julho de 2022 (malha territorial de 30 de abril de 2023),sim
ctx.populacao.residente,População residente do município,3304557,Rio de Janeiro,RJ,exercício financeiro,2024,,,6729894,habitantes,,"Município da capital, identificado pelo código IBGE de 7 dígitos. Não se aplica. Não se aplica.",OBSERVADO,sim,,,,nao,,ibge_populacao,"IBGE, SIDRA, tabela 6579, variável 9324, município 3304557, 2024 (população residente estimada, referência 1º de julho de 2024)",1.2,2026-10-08T19:53:44Z,12947536ecb8bc08cb80e5e6b7177381a7b8439862c9be78a88519bfbcbd50c0,,,,,estimativa_pos_censo_2022,1º de julho de 2024,nao
ctx.populacao.residente,População residente do município,3304557,Rio de Janeiro,RJ,exercício financeiro,2025,,,6730729,habitantes,,"Município da capital, identificado pelo código IBGE de 7 dígitos. Não se aplica. Não se aplica.",OBSERVADO,sim,,,,nao,,ibge_populacao,"IBGE, SIDRA, tabela 6579, variável 9324, município 3304557, 2025 (população residente estimada, referência 1º de julho de 2025)",1.2,2026-10-08T19:53:44Z,12947536ecb8bc08cb80e5e6b7177381a7b8439862c9be78a88519bfbcbd50c0,,,,,estimativa_pos_censo_2022,1º de julho de 2025,nao
ctx.populacao.residente,População residente do município,2408102,Natal,RN,exercício financeiro,2021,,,896708,habitantes,,"Município da capital, identificado pelo código IBGE de 7 dígitos. Não se aplica. Não se aplica.",OBSERVADO,sim,,,"Estimativa de 1º de julho de 2021, calculada a partir do Censo de 2010, anterior ao Censo de 2022. A população de 2022 em diante tem outra base; variações por habitante entre 2021 e os anos seguintes misturam a mudança da base populacional.",sim,,ibge_populacao,"IBGE, SIDRA, tabela 6579, variável 9324, município 2408102, 2021 (população residente estimada, referência 1º de julho de 2021)",1.2,2026-10-08T19:53:44Z,12947536ecb8bc08cb80e5e6b7177381a7b8439862c9be78a88519bfbcbd50c0,,,,,estimativa_pre_censo_2022,1º de julho de 2021,sim
ctx.populacao.residente,População residente do município,2408102,Natal,RN,exercício financeiro,2022,,,751300,habitantes,,"Município da capital, identificado pelo código IBGE de 7 dígitos. Não se aplica. Não se aplica.",OBSERVADO,sim,,,"Censo Demográfico 2022 (segunda apuração), população residente com data de referência em 31 de julho de 2022, conforme a Nota Metodológica nº 1 do IBGE. É a mesma população que o IBGE adotou como oficial para 2023.",nao,,ibge_populacao,"IBGE, SIDRA, tabela 4714, variável 93, município 2408102, 2022 (população residente no Censo 2022, referência 31 de julho de 2022)",1.2,2026-10-08T19:53:44Z,12947536ecb8bc08cb80e5e6b7177381a7b8439862c9be78a88519bfbcbd50c0,,,,,censo,31 de julho de 2022,nao
ctx.populacao.residente,População residente do município,2408102,Natal,RN,exercício financeiro,2023,,,751300,habitantes,,"Município da capital, identificado pelo código IBGE de 7 dígitos. Não se aplica. Não se aplica.",OBSERVADO,sim,,,"População oficial do exercício de 2023: o IBGE publicou, em 31/08/2023, a relação das populações municipais em substituição às estimativas de 2023, com a população do Censo 2022 (segunda apuração), referência em 31 de julho de 2022. Não é estimativa de população em julho de 2023: é a mesma população de 2022. A despesa por habitante de 2023 não acompanha o crescimento populacional posterior ao Censo e a variação entre 2022 e 2023 vem só da despesa; a variação entre 2023 e 2024 mistura dois anos de crescimento populacional.",sim,,ibge_populacao_relacao_2023,"IBGE, relação da população dos municípios de 2023 (Censo 2022, 2ª apuração), município 2408102, referência 31 de julho de 2022 (malha territorial de 30 de abril de 2023)",1.2,2026-10-08T19:53:44Z,12947536ecb8bc08cb80e5e6b7177381a7b8439862c9be78a88519bfbcbd50c0,,,,,censo_relacao_dou_2023,31 de julho de 2022 (malha territorial de 30 de abril de 2023),sim
ctx.populacao.residente,População residente do município,2408102,Natal,RN,exercício financeiro,2024,,,785368,habitantes,,"Município da capital, identificado pelo código IBGE de 7 dígitos. Não se aplica. Não se aplica.",OBSERVADO,sim,,,,nao,,ibge_populacao,"IBGE, SIDRA, tabela 6579, variável 9324, município 2408102, 2024 (população residente estimada, referência 1º de julho de 2024)",1.2,2026-10-08T19:53:44Z,12947536ecb8bc08cb80e5e6b7177381a7b8439862c9be78a88519bfbcbd50c0,,,,,estimativa_pos_censo_2022,1º de julho de 2024,nao
ctx.populacao.residente,População residente do município,2408102,Natal,RN,exercício financeiro,2025,,,784249,habitantes,,"Município da capital, identificado pelo código IBGE de 7 dígitos. Não se aplica. Não se aplica.",OBSERVADO,sim,,,,nao,,ibge_populacao,"IBGE, SIDRA, tabela 6579, variável 9324, município 2408102, 2025 (população residente estimada, referência 1º de julho de 2025)",1.2,2026-10-08T19:53:44Z,12947536ecb8bc08cb80e5e6b7177381a7b8439862c9be78a88519bfbcbd50c0,,,,,estimativa_pos_censo_2022,1º de julho de 2025,nao
ctx.populacao.residente,População residente do município,4314902,Porto Alegre,RS,exercício financeiro,2021,,,1492530,habitantes,,"Município da capital, identificado pelo código IBGE de 7 dígitos. Não se aplica. Não se aplica.",OBSERVADO,sim,,,"Estimativa de 1º de julho de 2021, calculada a partir do Censo de 2010, anterior ao Censo de 2022. A população de 2022 em diante tem outra base; variações por habitante entre 2021 e os anos seguintes misturam a mudança da base populacional.",sim,,ibge_populacao,"IBGE, SIDRA, tabela 6579, variável 9324, município 4314902, 2021 (população residente estimada, referência 1º de julho de 2021)",1.2,2026-10-08T19:53:44Z,12947536ecb8bc08cb80e5e6b7177381a7b8439862c9be78a88519bfbcbd50c0,,,,,estimativa_pre_censo_2022,1º de julho de 2021,sim
ctx.populacao.residente,População residente do município,4314902,Porto Alegre,RS,exercício financeiro,2022,,,1332845,habitantes,,"Município da capital, identificado pelo código IBGE de 7 dígitos. Não se aplica. Não se aplica.",OBSERVADO,sim,,,"Censo Demográfico 2022 (segunda apuração), população residente com data de referência em 31 de julho de 2022, conforme a Nota Metodológica nº 1 do IBGE. É a mesma população que o IBGE adotou como oficial para 2023.",nao,,ibge_populacao,"IBGE, SIDRA, tabela 4714, variável 93, município 4314902, 2022 (população residente no Censo 2022, referência 31 de julho de 2022)",1.2,2026-10-08T19:53:44Z,12947536ecb8bc08cb80e5e6b7177381a7b8439862c9be78a88519bfbcbd50c0,,,,,censo,31 de julho de 2022,nao
ctx.populacao.residente,População residente do município,4314902,Porto Alegre,RS,exercício financeiro,2023,,,1332845,habitantes,,"Município da capital, identificado pelo código IBGE de 7 dígitos. Não se aplica. Não se aplica.",OBSERVADO,sim,,,"População oficial do exercício de 2023: o IBGE publicou, em 31/08/2023, a relação das populações municipais em substituição às estimativas de 2023, com a população do Censo 2022 (segunda apuração), referência em 31 de julho de 2022. Não é estimativa de população em julho de 2023: é a mesma população de 2022. A despesa por habitante de 2023 não acompanha o crescimento populacional posterior ao Censo e a variação entre 2022 e 2023 vem só da despesa; a variação entre 2023 e 2024 mistura dois anos de crescimento populacional.",sim,,ibge_populacao_relacao_2023,"IBGE, relação da população dos municípios de 2023 (Censo 2022, 2ª apuração), município 4314902, referência 31 de julho de 2022 (malha territorial de 30 de abril de 2023)",1.2,2026-10-08T19:53:44Z,12947536ecb8bc08cb80e5e6b7177381a7b8439862c9be78a88519bfbcbd50c0,,,,,censo_relacao_dou_2023,31 de julho de 2022 (malha territorial de 30 de abril de 2023),sim
ctx.populacao.residente,População residente do município,4314902,Porto Alegre,RS,exercício financeiro,2024,,,1389322,habitantes,,"Município da capital, identificado pelo código IBGE de 7 dígitos. Não se aplica. Não se aplica.",OBSERVADO,sim,,,,nao,,ibge_populacao,"IBGE, SIDRA, tabela 6579, variável 9324, município 4314902, 2024 (população residente estimada, referência 1º de julho de 2024)",1.2,2026-10-08T19:53:44Z,12947536ecb8bc08cb80e5e6b7177381a7b8439862c9be78a88519bfbcbd50c0,,,,,estimativa_pos_censo_2022,1º de julho de 2024,nao
ctx.populacao.residente,População residente do município,4314902,Porto Alegre,RS,exercício financeiro,2025,,,1388794,habitantes,,"Município da capital, identificado pelo código IBGE de 7 dígitos. Não se aplica. Não se aplica.",OBSERVADO,sim,,,,nao,,ibge_populacao,"IBGE, SIDRA, tabela 6579, variável 9324, município 4314902, 2025 (população residente estimada, referência 1º de julho de 2025)",1.2,2026-10-08T19:53:44Z,12947536ecb8bc08cb80e5e6b7177381a7b8439862c9be78a88519bfbcbd50c0,,,,,estimativa_pos_censo_2022,1º de julho de 2025,nao
ctx.populacao.residente,População residente do município,1100205,Porto Velho,RO,exercício financeiro,2021,,,548952,habitantes,,"Município da capital, identificado pelo código IBGE de 7 dígitos. Não se aplica. Não se aplica.",OBSERVADO,sim,,,"Estimativa de 1º de julho de 2021, calculada a partir do Censo de 2010, anterior ao Censo de 2022. A população de 2022 em diante tem outra base; variações por habitante entre 2021 e os anos seguintes misturam a mudança da base populacional. A publicação original traz, para este município, uma população judicial (nota de rodapé do arquivo do IBGE), que não é a estimativa usada aqui.",sim,,ibge_populacao,"IBGE, SIDRA, tabela 6579, variável 9324, município 1100205, 2021 (população residente estimada, referência 1º de julho de 2021)",1.2,2026-10-08T19:53:44Z,12947536ecb8bc08cb80e5e6b7177381a7b8439862c9be78a88519bfbcbd50c0,,,,,estimativa_pre_censo_2022,1º de julho de 2021,sim
ctx.populacao.residente,População residente do município,1100205,Porto Velho,RO,exercício financeiro,2022,,,460434,habitantes,,"Município da capital, identificado pelo código IBGE de 7 dígitos. Não se aplica. Não se aplica.",OBSERVADO,sim,,,"Censo Demográfico 2022 (segunda apuração), população residente com data de referência em 31 de julho de 2022, conforme a Nota Metodológica nº 1 do IBGE. É a mesma população que o IBGE adotou como oficial para 2023.",nao,,ibge_populacao,"IBGE, SIDRA, tabela 4714, variável 93, município 1100205, 2022 (população residente no Censo 2022, referência 31 de julho de 2022)",1.2,2026-10-08T19:53:44Z,12947536ecb8bc08cb80e5e6b7177381a7b8439862c9be78a88519bfbcbd50c0,,,,,censo,31 de julho de 2022,nao
ctx.populacao.residente,População residente do município,1100205,Porto Velho,RO,exercício financeiro,2023,,,460434,habitantes,,"Município da capital, identificado pelo código IBGE de 7 dígitos. Não se aplica. Não se aplica.",OBSERVADO,sim,,,"População oficial do exercício de 2023: o IBGE publicou, em 31/08/2023, a relação das populações municipais em substituição às estimativas de 2023, com a população do Censo 2022 (segunda apuração), referência em 31 de julho de 2022. Não é estimativa de população em julho de 2023: é a mesma população de 2022. A despesa por habitante de 2023 não acompanha o crescimento populacional posterior ao Censo e a variação entre 2022 e 2023 vem só da despesa; a variação entre 2023 e 2024 mistura dois anos de crescimento populacional. A publicação do IBGE traz, para este município, uma população judicial (nota de rodapé), que não é a usada aqui.",sim,,ibge_populacao_relacao_2023,"IBGE, relação da população dos municípios de 2023 (Censo 2022, 2ª apuração), município 1100205, referência 31 de julho de 2022 (malha territorial de 30 de abril de 2023)",1.2,2026-10-08T19:53:44Z,12947536ecb8bc08cb80e5e6b7177381a7b8439862c9be78a88519bfbcbd50c0,,,,,censo_relacao_dou_2023,31 de julho de 2022 (malha territorial de 30 de abril de 2023),sim
ctx.populacao.residente,População residente do município,1100205,Porto Velho,RO,exercício financeiro,2024,,,514873,habitantes,,"Município da capital, identificado pelo código IBGE de 7 dígitos. Não se aplica. Não se aplica.",OBSERVADO,sim,,,,nao,,ibge_populacao,"IBGE, SIDRA, tabela 6579, variável 9324, município 1100205, 2024 (população residente estimada, referência 1º de julho de 2024)",1.2,2026-10-08T19:53:44Z,12947536ecb8bc08cb80e5e6b7177381a7b8439862c9be78a88519bfbcbd50c0,,,,,estimativa_pos_censo_2022,1º de julho de 2024,nao
ctx.populacao.residente,População residente do município,1100205,Porto Velho,RO,exercício financeiro,2025,,,517709,habitantes,,"Município da capital, identificado pelo código IBGE de 7 dígitos. Não se aplica. Não se aplica.",OBSERVADO,sim,,,,nao,,ibge_populacao,"IBGE, SIDRA, tabela 6579, variável 9324, município 1100205, 2025 (população residente estimada, referência 1º de julho de 2025)",1.2,2026-10-08T19:53:44Z,12947536ecb8bc08cb80e5e6b7177381a7b8439862c9be78a88519bfbcbd50c0,,,,,estimativa_pos_censo_2022,1º de julho de 2025,nao
ctx.populacao.residente,População residente do município,1400100,Boa Vista,RR,exercício financeiro,2021,,,436591,habitantes,,"Município da capital, identificado pelo código IBGE de 7 dígitos. Não se aplica. Não se aplica.",OBSERVADO,sim,,,"Estimativa de 1º de julho de 2021, calculada a partir do Censo de 2010, anterior ao Censo de 2022. A população de 2022 em diante tem outra base; variações por habitante entre 2021 e os anos seguintes misturam a mudança da base populacional.",sim,,ibge_populacao,"IBGE, SIDRA, tabela 6579, variável 9324, município 1400100, 2021 (população residente estimada, referência 1º de julho de 2021)",1.2,2026-10-08T19:53:44Z,12947536ecb8bc08cb80e5e6b7177381a7b8439862c9be78a88519bfbcbd50c0,,,,,estimativa_pre_censo_2022,1º de julho de 2021,sim
ctx.populacao.residente,População residente do município,1400100,Boa Vista,RR,exercício financeiro,2022,,,413486,habitantes,,"Município da capital, identificado pelo código IBGE de 7 dígitos. Não se aplica. Não se aplica.",OBSERVADO,sim,,,"Censo Demográfico 2022 (segunda apuração), população residente com data de referência em 31 de julho de 2022, conforme a Nota Metodológica nº 1 do IBGE. É a mesma população que o IBGE adotou como oficial para 2023.",nao,,ibge_populacao,"IBGE, SIDRA, tabela 4714, variável 93, município 1400100, 2022 (população residente no Censo 2022, referência 31 de julho de 2022)",1.2,2026-10-08T19:53:44Z,12947536ecb8bc08cb80e5e6b7177381a7b8439862c9be78a88519bfbcbd50c0,,,,,censo,31 de julho de 2022,nao
ctx.populacao.residente,População residente do município,1400100,Boa Vista,RR,exercício financeiro,2023,,,413486,habitantes,,"Município da capital, identificado pelo código IBGE de 7 dígitos. Não se aplica. Não se aplica.",OBSERVADO,sim,,,"População oficial do exercício de 2023: o IBGE publicou, em 31/08/2023, a relação das populações municipais em substituição às estimativas de 2023, com a população do Censo 2022 (segunda apuração), referência em 31 de julho de 2022. Não é estimativa de população em julho de 2023: é a mesma população de 2022. A despesa por habitante de 2023 não acompanha o crescimento populacional posterior ao Censo e a variação entre 2022 e 2023 vem só da despesa; a variação entre 2023 e 2024 mistura dois anos de crescimento populacional.",sim,,ibge_populacao_relacao_2023,"IBGE, relação da população dos municípios de 2023 (Censo 2022, 2ª apuração), município 1400100, referência 31 de julho de 2022 (malha territorial de 30 de abril de 2023)",1.2,2026-10-08T19:53:44Z,12947536ecb8bc08cb80e5e6b7177381a7b8439862c9be78a88519bfbcbd50c0,,,,,censo_relacao_dou_2023,31 de julho de 2022 (malha territorial de 30 de abril de 2023),sim
ctx.populacao.residente,População residente do município,1400100,Boa Vista,RR,exercício financeiro,2024,,,470169,habitantes,,"Município da capital, identificado pelo código IBGE de 7 dígitos. Não se aplica. Não se aplica.",OBSERVADO,sim,,,,nao,,ibge_populacao,"IBGE, SIDRA, tabela 6579, variável 9324, município 1400100, 2024 (população residente estimada, referência 1º de julho de 2024)",1.2,2026-10-08T19:53:44Z,12947536ecb8bc08cb80e5e6b7177381a7b8439862c9be78a88519bfbcbd50c0,,,,,estimativa_pos_censo_2022,1º de julho de 2024,nao
ctx.populacao.residente,População residente do município,1400100,Boa Vista,RR,exercício financeiro,2025,,,485477,habitantes,,"Município da capital, identificado pelo código IBGE de 7 dígitos. Não se aplica. Não se aplica.",OBSERVADO,sim,,,,nao,,ibge_populacao,"IBGE, SIDRA, tabela 6579, variável 9324, município 1400100, 2025 (população residente estimada, referência 1º de julho de 2025)",1.2,2026-10-08T19:53:44Z,12947536ecb8bc08cb80e5e6b7177381a7b8439862c9be78a88519bfbcbd50c0,,,,,estimativa_pos_censo_2022,1º de julho de 2025,nao
ctx.populacao.residente,População residente do município,4205407,Florianópolis,SC,exercício financeiro,2021,,,516524,habitantes,,"Município da capital, identificado pelo código IBGE de 7 dígitos. Não se aplica. Não se aplica.",OBSERVADO,sim,,,"Estimativa de 1º de julho de 2021, calculada a partir do Censo de 2010, anterior ao Censo de 2022. A população de 2022 em diante tem outra base; variações por habitante entre 2021 e os anos seguintes misturam a mudança da base populacional.",sim,,ibge_populacao,"IBGE, SIDRA, tabela 6579, variável 9324, município 4205407, 2021 (população residente estimada, referência 1º de julho de 2021)",1.2,2026-10-08T19:53:44Z,12947536ecb8bc08cb80e5e6b7177381a7b8439862c9be78a88519bfbcbd50c0,,,,,estimativa_pre_censo_2022,1º de julho de 2021,sim
ctx.populacao.residente,População residente do município,4205407,Florianópolis,SC,exercício financeiro,2022,,,537211,habitantes,,"Município da capital, identificado pelo código IBGE de 7 dígitos. Não se aplica. Não se aplica.",OBSERVADO,sim,,,"Censo Demográfico 2022 (segunda apuração), população residente com data de referência em 31 de julho de 2022, conforme a Nota Metodológica nº 1 do IBGE. É a mesma população que o IBGE adotou como oficial para 2023.",nao,,ibge_populacao,"IBGE, SIDRA, tabela 4714, variável 93, município 4205407, 2022 (população residente no Censo 2022, referência 31 de julho de 2022)",1.2,2026-10-08T19:53:44Z,12947536ecb8bc08cb80e5e6b7177381a7b8439862c9be78a88519bfbcbd50c0,,,,,censo,31 de julho de 2022,nao
ctx.populacao.residente,População residente do município,4205407,Florianópolis,SC,exercício financeiro,2023,,,537211,habitantes,,"Município da capital, identificado pelo código IBGE de 7 dígitos. Não se aplica. Não se aplica.",OBSERVADO,sim,,,"População oficial do exercício de 2023: o IBGE publicou, em 31/08/2023, a relação das populações municipais em substituição às estimativas de 2023, com a população do Censo 2022 (segunda apuração), referência em 31 de julho de 2022. Não é estimativa de população em julho de 2023: é a mesma população de 2022. A despesa por habitante de 2023 não acompanha o crescimento populacional posterior ao Censo e a variação entre 2022 e 2023 vem só da despesa; a variação entre 2023 e 2024 mistura dois anos de crescimento populacional.",sim,,ibge_populacao_relacao_2023,"IBGE, relação da população dos municípios de 2023 (Censo 2022, 2ª apuração), município 4205407, referência 31 de julho de 2022 (malha territorial de 30 de abril de 2023)",1.2,2026-10-08T19:53:44Z,12947536ecb8bc08cb80e5e6b7177381a7b8439862c9be78a88519bfbcbd50c0,,,,,censo_relacao_dou_2023,31 de julho de 2022 (malha territorial de 30 de abril de 2023),sim
ctx.populacao.residente,População residente do município,4205407,Florianópolis,SC,exercício financeiro,2024,,,576361,habitantes,,"Município da capital, identificado pelo código IBGE de 7 dígitos. Não se aplica. Não se aplica.",OBSERVADO,sim,,,,nao,,ibge_populacao,"IBGE, SIDRA, tabela 6579, variável 9324, município 4205407, 2024 (população residente estimada, referência 1º de julho de 2024)",1.2,2026-10-08T19:53:44Z,12947536ecb8bc08cb80e5e6b7177381a7b8439862c9be78a88519bfbcbd50c0,,,,,estimativa_pos_censo_2022,1º de julho de 2024,nao
ctx.populacao.residente,População residente do município,4205407,Florianópolis,SC,exercício financeiro,2025,,,587486,habitantes,,"Município da capital, identificado pelo código IBGE de 7 dígitos. Não se aplica. Não se aplica.",OBSERVADO,sim,,,,nao,,ibge_populacao,"IBGE, SIDRA, tabela 6579, variável 9324, município 4205407, 2025 (população residente estimada, referência 1º de julho de 2025)",1.2,2026-10-08T19:53:44Z,12947536ecb8bc08cb80e5e6b7177381a7b8439862c9be78a88519bfbcbd50c0,,,,,estimativa_pos_censo_2022,1º de julho de 2025,nao
ctx.populacao.residente,População residente do município,3550308,São Paulo,SP,exercício financeiro,2021,,,12396372,habitantes,,"Município da capital, identificado pelo código IBGE de 7 dígitos. Não se aplica. Não se aplica.",OBSERVADO,sim,,,"Estimativa de 1º de julho de 2021, calculada a partir do Censo de 2010, anterior ao Censo de 2022. A população de 2022 em diante tem outra base; variações por habitante entre 2021 e os anos seguintes misturam a mudança da base populacional.",sim,,ibge_populacao,"IBGE, SIDRA, tabela 6579, variável 9324, município 3550308, 2021 (população residente estimada, referência 1º de julho de 2021)",1.2,2026-10-08T19:53:44Z,12947536ecb8bc08cb80e5e6b7177381a7b8439862c9be78a88519bfbcbd50c0,,,,,estimativa_pre_censo_2022,1º de julho de 2021,sim
ctx.populacao.residente,População residente do município,3550308,São Paulo,SP,exercício financeiro,2022,,,11451999,habitantes,,"Município da capital, identificado pelo código IBGE de 7 dígitos. Não se aplica. Não se aplica.",OBSERVADO,sim,,,"Censo Demográfico 2022 (segunda apuração), população residente com data de referência em 31 de julho de 2022, conforme a Nota Metodológica nº 1 do IBGE. É a mesma população que o IBGE adotou como oficial para 2023.",nao,,ibge_populacao,"IBGE, SIDRA, tabela 4714, variável 93, município 3550308, 2022 (população residente no Censo 2022, referência 31 de julho de 2022)",1.2,2026-10-08T19:53:44Z,12947536ecb8bc08cb80e5e6b7177381a7b8439862c9be78a88519bfbcbd50c0,,,,,censo,31 de julho de 2022,nao
ctx.populacao.residente,População residente do município,3550308,São Paulo,SP,exercício financeiro,2023,,,11451999,habitantes,,"Município da capital, identificado pelo código IBGE de 7 dígitos. Não se aplica. Não se aplica.",OBSERVADO,sim,,,"População oficial do exercício de 2023: o IBGE publicou, em 31/08/2023, a relação das populações municipais em substituição às estimativas de 2023, com a população do Censo 2022 (segunda apuração), referência em 31 de julho de 2022. Não é estimativa de população em julho de 2023: é a mesma população de 2022. A despesa por habitante de 2023 não acompanha o crescimento populacional posterior ao Censo e a variação entre 2022 e 2023 vem só da despesa; a variação entre 2023 e 2024 mistura dois anos de crescimento populacional.",sim,,ibge_populacao_relacao_2023,"IBGE, relação da população dos municípios de 2023 (Censo 2022, 2ª apuração), município 3550308, referência 31 de julho de 2022 (malha territorial de 30 de abril de 2023)",1.2,2026-10-08T19:53:44Z,12947536ecb8bc08cb80e5e6b7177381a7b8439862c9be78a88519bfbcbd50c0,,,,,censo_relacao_dou_2023,31 de julho de 2022 (malha territorial de 30 de abril de 2023),sim
ctx.populacao.residente,População residente do município,3550308,São Paulo,SP,exercício financeiro,2024,,,11895578,habitantes,,"Município da capital, identificado pelo código IBGE de 7 dígitos. Não se aplica. Não se aplica.",OBSERVADO,sim,,,,nao,,ibge_populacao,"IBGE, SIDRA, tabela 6579, variável 9324, município 3550308, 2024 (população residente estimada, referência 1º de julho de 2024)",1.2,2026-10-08T19:53:44Z,12947536ecb8bc08cb80e5e6b7177381a7b8439862c9be78a88519bfbcbd50c0,,,,,estimativa_pos_censo_2022,1º de julho de 2024,nao
ctx.populacao.residente,População residente do município,3550308,São Paulo,SP,exercício financeiro,2025,,,11904961,habitantes,,"Município da capital, identificado pelo código IBGE de 7 dígitos. Não se aplica. Não se aplica.",OBSERVADO,sim,,,,nao,,ibge_populacao,"IBGE, SIDRA, tabela 6579, variável 9324, município 3550308, 2025 (população residente estimada, referência 1º de julho de 2025)",1.2,2026-10-08T19:53:44Z,12947536ecb8bc08cb80e5e6b7177381a7b8439862c9be78a88519bfbcbd50c0,,,,,estimativa_pos_censo_2022,1º de julho de 2025,nao
ctx.populacao.residente,População residente do município,2800308,Aracaju,SE,exercício financeiro,2021,,,672614,habitantes,,"Município da capital, identificado pelo código IBGE de 7 dígitos. Não se aplica. Não se aplica.",OBSERVADO,sim,,,"Estimativa de 1º de julho de 2021, calculada a partir do Censo de 2010, anterior ao Censo de 2022. A população de 2022 em diante tem outra base; variações por habitante entre 2021 e os anos seguintes misturam a mudança da base populacional.",sim,,ibge_populacao,"IBGE, SIDRA, tabela 6579, variável 9324, município 2800308, 2021 (população residente estimada, referência 1º de julho de 2021)",1.2,2026-10-08T19:53:44Z,12947536ecb8bc08cb80e5e6b7177381a7b8439862c9be78a88519bfbcbd50c0,,,,,estimativa_pre_censo_2022,1º de julho de 2021,sim
ctx.populacao.residente,População residente do município,2800308,Aracaju,SE,exercício financeiro,2022,,,602757,habitantes,,"Município da capital, identificado pelo código IBGE de 7 dígitos. Não se aplica. Não se aplica.",OBSERVADO,sim,,,"Censo Demográfico 2022 (segunda apuração), população residente com data de referência em 31 de julho de 2022, conforme a Nota Metodológica nº 1 do IBGE. É a mesma população que o IBGE adotou como oficial para 2023.",nao,,ibge_populacao,"IBGE, SIDRA, tabela 4714, variável 93, município 2800308, 2022 (população residente no Censo 2022, referência 31 de julho de 2022)",1.2,2026-10-08T19:53:44Z,12947536ecb8bc08cb80e5e6b7177381a7b8439862c9be78a88519bfbcbd50c0,,,,,censo,31 de julho de 2022,nao
ctx.populacao.residente,População residente do município,2800308,Aracaju,SE,exercício financeiro,2023,,,602757,habitantes,,"Município da capital, identificado pelo código IBGE de 7 dígitos. Não se aplica. Não se aplica.",OBSERVADO,sim,,,"População oficial do exercício de 2023: o IBGE publicou, em 31/08/2023, a relação das populações municipais em substituição às estimativas de 2023, com a população do Censo 2022 (segunda apuração), referência em 31 de julho de 2022. Não é estimativa de população em julho de 2023: é a mesma população de 2022. A despesa por habitante de 2023 não acompanha o crescimento populacional posterior ao Censo e a variação entre 2022 e 2023 vem só da despesa; a variação entre 2023 e 2024 mistura dois anos de crescimento populacional.",sim,,ibge_populacao_relacao_2023,"IBGE, relação da população dos municípios de 2023 (Censo 2022, 2ª apuração), município 2800308, referência 31 de julho de 2022 (malha territorial de 30 de abril de 2023)",1.2,2026-10-08T19:53:44Z,12947536ecb8bc08cb80e5e6b7177381a7b8439862c9be78a88519bfbcbd50c0,,,,,censo_relacao_dou_2023,31 de julho de 2022 (malha territorial de 30 de abril de 2023),sim
ctx.populacao.residente,População residente do município,2800308,Aracaju,SE,exercício financeiro,2024,,,628849,habitantes,,"Município da capital, identificado pelo código IBGE de 7 dígitos. Não se aplica. Não se aplica.",OBSERVADO,sim,,,,nao,,ibge_populacao,"IBGE, SIDRA, tabela 6579, variável 9324, município 2800308, 2024 (população residente estimada, referência 1º de julho de 2024)",1.2,2026-10-08T19:53:44Z,12947536ecb8bc08cb80e5e6b7177381a7b8439862c9be78a88519bfbcbd50c0,,,,,estimativa_pos_censo_2022,1º de julho de 2024,nao
ctx.populacao.residente,População residente do município,2800308,Aracaju,SE,exercício financeiro,2025,,,621408,habitantes,,"Município da capital, identificado pelo código IBGE de 7 dígitos. Não se aplica. Não se aplica.",OBSERVADO,sim,,,Valor vigente no SIDRA; a publicação original da estimativa de 2025 informava 630.932.,nao,,ibge_populacao,"IBGE, SIDRA, tabela 6579, variável 9324, município 2800308, 2025 (população residente estimada, referência 1º de julho de 2025)",1.2,2026-10-08T19:53:44Z,12947536ecb8bc08cb80e5e6b7177381a7b8439862c9be78a88519bfbcbd50c0,,,,,estimativa_pos_censo_2022,1º de julho de 2025,nao
ctx.populacao.residente,População residente do município,1721000,Palmas,TO,exercício financeiro,2021,,,313349,habitantes,,"Município da capital, identificado pelo código IBGE de 7 dígitos. Não se aplica. Não se aplica.",OBSERVADO,sim,,,"Estimativa de 1º de julho de 2021, calculada a partir do Censo de 2010, anterior ao Censo de 2022. A população de 2022 em diante tem outra base; variações por habitante entre 2021 e os anos seguintes misturam a mudança da base populacional.",sim,,ibge_populacao,"IBGE, SIDRA, tabela 6579, variável 9324, município 1721000, 2021 (população residente estimada, referência 1º de julho de 2021)",1.2,2026-10-08T19:53:44Z,12947536ecb8bc08cb80e5e6b7177381a7b8439862c9be78a88519bfbcbd50c0,,,,,estimativa_pre_censo_2022,1º de julho de 2021,sim
ctx.populacao.residente,População residente do município,1721000,Palmas,TO,exercício financeiro,2022,,,302692,habitantes,,"Município da capital, identificado pelo código IBGE de 7 dígitos. Não se aplica. Não se aplica.",OBSERVADO,sim,,,"Censo Demográfico 2022 (segunda apuração), população residente com data de referência em 31 de julho de 2022, conforme a Nota Metodológica nº 1 do IBGE. É a mesma população que o IBGE adotou como oficial para 2023.",nao,,ibge_populacao,"IBGE, SIDRA, tabela 4714, variável 93, município 1721000, 2022 (população residente no Censo 2022, referência 31 de julho de 2022)",1.2,2026-10-08T19:53:44Z,12947536ecb8bc08cb80e5e6b7177381a7b8439862c9be78a88519bfbcbd50c0,,,,,censo,31 de julho de 2022,nao
ctx.populacao.residente,População residente do município,1721000,Palmas,TO,exercício financeiro,2023,,,302692,habitantes,,"Município da capital, identificado pelo código IBGE de 7 dígitos. Não se aplica. Não se aplica.",OBSERVADO,sim,,,"População oficial do exercício de 2023: o IBGE publicou, em 31/08/2023, a relação das populações municipais em substituição às estimativas de 2023, com a população do Censo 2022 (segunda apuração), referência em 31 de julho de 2022. Não é estimativa de população em julho de 2023: é a mesma população de 2022. A despesa por habitante de 2023 não acompanha o crescimento populacional posterior ao Censo e a variação entre 2022 e 2023 vem só da despesa; a variação entre 2023 e 2024 mistura dois anos de crescimento populacional.",sim,,ibge_populacao_relacao_2023,"IBGE, relação da população dos municípios de 2023 (Censo 2022, 2ª apuração), município 1721000, referência 31 de julho de 2022 (malha territorial de 30 de abril de 2023)",1.2,2026-10-08T19:53:44Z,12947536ecb8bc08cb80e5e6b7177381a7b8439862c9be78a88519bfbcbd50c0,,,,,censo_relacao_dou_2023,31 de julho de 2022 (malha territorial de 30 de abril de 2023),sim
ctx.populacao.residente,População residente do município,1721000,Palmas,TO,exercício financeiro,2024,,,323625,habitantes,,"Município da capital, identificado pelo código IBGE de 7 dígitos. Não se aplica. Não se aplica.",OBSERVADO,sim,,,,nao,,ibge_populacao,"IBGE, SIDRA, tabela 6579, variável 9324, município 1721000, 2024 (população residente estimada, referência 1º de julho de 2024)",1.2,2026-10-08T19:53:44Z,12947536ecb8bc08cb80e5e6b7177381a7b8439862c9be78a88519bfbcbd50c0,,,,,estimativa_pos_censo_2022,1º de julho de 2024,nao
ctx.populacao.residente,População residente do município,1721000,Palmas,TO,exercício financeiro,2025,,,328499,habitantes,,"Município da capital, identificado pelo código IBGE de 7 dígitos. Não se aplica. Não se aplica.",OBSERVADO,sim,,,,nao,,ibge_populacao,"IBGE, SIDRA, tabela 6579, variável 9324, município 1721000, 2025 (população residente estimada, referência 1º de julho de 2025)",1.2,2026-10-08T19:53:44Z,12947536ecb8bc08cb80e5e6b7177381a7b8439862c9be78a88519bfbcbd50c0,,,,,estimativa_pos_censo_2022,1º de julho de 2025,nao
