indicador_id,indicador,codigo_ibge,capital,uf,periodo_tipo,ano,componente,valor,unidade,base_monetaria,universo,status,elegivel_comparacao,situacao_conferencia,motivo_inelegibilidade,nota,nota_material,participacao_pct,fonte,registro,versao_metodologica,dados_gerados_em,hash_dados,numerador,denominador,referencia_numerador,referencia_denominador,tipo_populacao,data_referencia,quebra_serie,minimo_pct
sau.ctx.cobertura_planos,"Cobertura de planos de saúde privados, em dezembro",1200401,Rio Branco,AC,exercício financeiro,2021,,9.939029,% da população,,Município da capital. Saúde suplementar (ANS). Planos de assistência médica.,OBSERVADO,sim,,,Percentual da população com plano de saúde privado em dezembro. Contexto: o SIH cobre só internações pagas pelo SUS. Não serve para estimar usuários do SUS subtraindo beneficiários da população.,nao,,ripsa_cob501_planos,"RIPSA COB.5.01 (base ANS), município 120040, dezembro de 2021, categoria Total",1.0,2026-10-09T14:34:23Z,f111efb2ef09c5407f9e680ac61dfa3311c4b47c6651b66f7dca83fcc41a17da,,,,,,,nao,
sau.ctx.cobertura_planos,"Cobertura de planos de saúde privados, em dezembro",1200401,Rio Branco,AC,exercício financeiro,2022,,9.925376,% da população,,Município da capital. Saúde suplementar (ANS). Planos de assistência médica.,OBSERVADO,sim,,,Percentual da população com plano de saúde privado em dezembro. Contexto: o SIH cobre só internações pagas pelo SUS. Não serve para estimar usuários do SUS subtraindo beneficiários da população.,nao,,ripsa_cob501_planos,"RIPSA COB.5.01 (base ANS), município 120040, dezembro de 2022, categoria Total",1.0,2026-10-09T14:34:23Z,f111efb2ef09c5407f9e680ac61dfa3311c4b47c6651b66f7dca83fcc41a17da,,,,,,,nao,
sau.ctx.cobertura_planos,"Cobertura de planos de saúde privados, em dezembro",1200401,Rio Branco,AC,exercício financeiro,2023,,9.894444,% da população,,Município da capital. Saúde suplementar (ANS). Planos de assistência médica.,OBSERVADO,sim,,,Percentual da população com plano de saúde privado em dezembro. Contexto: o SIH cobre só internações pagas pelo SUS. Não serve para estimar usuários do SUS subtraindo beneficiários da população.,nao,,ripsa_cob501_planos,"RIPSA COB.5.01 (base ANS), município 120040, dezembro de 2023, categoria Total",1.0,2026-10-09T14:34:23Z,f111efb2ef09c5407f9e680ac61dfa3311c4b47c6651b66f7dca83fcc41a17da,,,,,,,nao,
sau.ctx.cobertura_planos,"Cobertura de planos de saúde privados, em dezembro",1200401,Rio Branco,AC,exercício financeiro,2024,,10.142271,% da população,,Município da capital. Saúde suplementar (ANS). Planos de assistência médica.,OBSERVADO,sim,,,Percentual da população com plano de saúde privado em dezembro. Contexto: o SIH cobre só internações pagas pelo SUS. Não serve para estimar usuários do SUS subtraindo beneficiários da população.,nao,,ripsa_cob501_planos,"RIPSA COB.5.01 (base ANS), município 120040, dezembro de 2024, categoria Total",1.0,2026-10-09T14:34:23Z,f111efb2ef09c5407f9e680ac61dfa3311c4b47c6651b66f7dca83fcc41a17da,,,,,,,nao,
sau.ctx.cobertura_planos,"Cobertura de planos de saúde privados, em dezembro",2704302,Maceió,AL,exercício financeiro,2021,,28.388379,% da população,,Município da capital. Saúde suplementar (ANS). Planos de assistência médica.,OBSERVADO,sim,,,Percentual da população com plano de saúde privado em dezembro. Contexto: o SIH cobre só internações pagas pelo SUS. Não serve para estimar usuários do SUS subtraindo beneficiários da população.,nao,,ripsa_cob501_planos,"RIPSA COB.5.01 (base ANS), município 270430, dezembro de 2021, categoria Total",1.0,2026-10-09T14:34:23Z,f111efb2ef09c5407f9e680ac61dfa3311c4b47c6651b66f7dca83fcc41a17da,,,,,,,nao,
sau.ctx.cobertura_planos,"Cobertura de planos de saúde privados, em dezembro",2704302,Maceió,AL,exercício financeiro,2022,,29.396548,% da população,,Município da capital. Saúde suplementar (ANS). Planos de assistência médica.,OBSERVADO,sim,,,Percentual da população com plano de saúde privado em dezembro. Contexto: o SIH cobre só internações pagas pelo SUS. Não serve para estimar usuários do SUS subtraindo beneficiários da população.,nao,,ripsa_cob501_planos,"RIPSA COB.5.01 (base ANS), município 270430, dezembro de 2022, categoria Total",1.0,2026-10-09T14:34:23Z,f111efb2ef09c5407f9e680ac61dfa3311c4b47c6651b66f7dca83fcc41a17da,,,,,,,nao,
sau.ctx.cobertura_planos,"Cobertura de planos de saúde privados, em dezembro",2704302,Maceió,AL,exercício financeiro,2023,,29.396007,% da população,,Município da capital. Saúde suplementar (ANS). Planos de assistência médica.,OBSERVADO,sim,,,Percentual da população com plano de saúde privado em dezembro. Contexto: o SIH cobre só internações pagas pelo SUS. Não serve para estimar usuários do SUS subtraindo beneficiários da população.,nao,,ripsa_cob501_planos,"RIPSA COB.5.01 (base ANS), município 270430, dezembro de 2023, categoria Total",1.0,2026-10-09T14:34:23Z,f111efb2ef09c5407f9e680ac61dfa3311c4b47c6651b66f7dca83fcc41a17da,,,,,,,nao,
sau.ctx.cobertura_planos,"Cobertura de planos de saúde privados, em dezembro",2704302,Maceió,AL,exercício financeiro,2024,,29.098992,% da população,,Município da capital. Saúde suplementar (ANS). Planos de assistência médica.,OBSERVADO,sim,,,Percentual da população com plano de saúde privado em dezembro. Contexto: o SIH cobre só internações pagas pelo SUS. Não serve para estimar usuários do SUS subtraindo beneficiários da população.,nao,,ripsa_cob501_planos,"RIPSA COB.5.01 (base ANS), município 270430, dezembro de 2024, categoria Total",1.0,2026-10-09T14:34:23Z,f111efb2ef09c5407f9e680ac61dfa3311c4b47c6651b66f7dca83fcc41a17da,,,,,,,nao,
sau.ctx.cobertura_planos,"Cobertura de planos de saúde privados, em dezembro",1600303,Macapá,AP,exercício financeiro,2021,,10.175604,% da população,,Município da capital. Saúde suplementar (ANS). Planos de assistência médica.,OBSERVADO,sim,,,Percentual da população com plano de saúde privado em dezembro. Contexto: o SIH cobre só internações pagas pelo SUS. Não serve para estimar usuários do SUS subtraindo beneficiários da população.,nao,,ripsa_cob501_planos,"RIPSA COB.5.01 (base ANS), município 160030, dezembro de 2021, categoria Total",1.0,2026-10-09T14:34:23Z,f111efb2ef09c5407f9e680ac61dfa3311c4b47c6651b66f7dca83fcc41a17da,,,,,,,nao,
sau.ctx.cobertura_planos,"Cobertura de planos de saúde privados, em dezembro",1600303,Macapá,AP,exercício financeiro,2022,,10.686858,% da população,,Município da capital. Saúde suplementar (ANS). Planos de assistência médica.,OBSERVADO,sim,,,Percentual da população com plano de saúde privado em dezembro. Contexto: o SIH cobre só internações pagas pelo SUS. Não serve para estimar usuários do SUS subtraindo beneficiários da população.,nao,,ripsa_cob501_planos,"RIPSA COB.5.01 (base ANS), município 160030, dezembro de 2022, categoria Total",1.0,2026-10-09T14:34:23Z,f111efb2ef09c5407f9e680ac61dfa3311c4b47c6651b66f7dca83fcc41a17da,,,,,,,nao,
sau.ctx.cobertura_planos,"Cobertura de planos de saúde privados, em dezembro",1600303,Macapá,AP,exercício financeiro,2023,,10.710255,% da população,,Município da capital. Saúde suplementar (ANS). Planos de assistência médica.,OBSERVADO,sim,,,Percentual da população com plano de saúde privado em dezembro. Contexto: o SIH cobre só internações pagas pelo SUS. Não serve para estimar usuários do SUS subtraindo beneficiários da população.,nao,,ripsa_cob501_planos,"RIPSA COB.5.01 (base ANS), município 160030, dezembro de 2023, categoria Total",1.0,2026-10-09T14:34:23Z,f111efb2ef09c5407f9e680ac61dfa3311c4b47c6651b66f7dca83fcc41a17da,,,,,,,nao,
sau.ctx.cobertura_planos,"Cobertura de planos de saúde privados, em dezembro",1600303,Macapá,AP,exercício financeiro,2024,,10.716338,% da população,,Município da capital. Saúde suplementar (ANS). Planos de assistência médica.,OBSERVADO,sim,,,Percentual da população com plano de saúde privado em dezembro. Contexto: o SIH cobre só internações pagas pelo SUS. Não serve para estimar usuários do SUS subtraindo beneficiários da população.,nao,,ripsa_cob501_planos,"RIPSA COB.5.01 (base ANS), município 160030, dezembro de 2024, categoria Total",1.0,2026-10-09T14:34:23Z,f111efb2ef09c5407f9e680ac61dfa3311c4b47c6651b66f7dca83fcc41a17da,,,,,,,nao,
sau.ctx.cobertura_planos,"Cobertura de planos de saúde privados, em dezembro",1302603,Manaus,AM,exercício financeiro,2021,,24.319157,% da população,,Município da capital. Saúde suplementar (ANS). Planos de assistência médica.,OBSERVADO,sim,,,Percentual da população com plano de saúde privado em dezembro. Contexto: o SIH cobre só internações pagas pelo SUS. Não serve para estimar usuários do SUS subtraindo beneficiários da população.,nao,,ripsa_cob501_planos,"RIPSA COB.5.01 (base ANS), município 130260, dezembro de 2021, categoria Total",1.0,2026-10-09T14:34:23Z,f111efb2ef09c5407f9e680ac61dfa3311c4b47c6651b66f7dca83fcc41a17da,,,,,,,nao,
sau.ctx.cobertura_planos,"Cobertura de planos de saúde privados, em dezembro",1302603,Manaus,AM,exercício financeiro,2022,,24.424771,% da população,,Município da capital. Saúde suplementar (ANS). Planos de assistência médica.,OBSERVADO,sim,,,Percentual da população com plano de saúde privado em dezembro. Contexto: o SIH cobre só internações pagas pelo SUS. Não serve para estimar usuários do SUS subtraindo beneficiários da população.,nao,,ripsa_cob501_planos,"RIPSA COB.5.01 (base ANS), município 130260, dezembro de 2022, categoria Total",1.0,2026-10-09T14:34:23Z,f111efb2ef09c5407f9e680ac61dfa3311c4b47c6651b66f7dca83fcc41a17da,,,,,,,nao,
sau.ctx.cobertura_planos,"Cobertura de planos de saúde privados, em dezembro",1302603,Manaus,AM,exercício financeiro,2023,,25.468556,% da população,,Município da capital. Saúde suplementar (ANS). Planos de assistência médica.,OBSERVADO,sim,,,Percentual da população com plano de saúde privado em dezembro. Contexto: o SIH cobre só internações pagas pelo SUS. Não serve para estimar usuários do SUS subtraindo beneficiários da população.,nao,,ripsa_cob501_planos,"RIPSA COB.5.01 (base ANS), município 130260, dezembro de 2023, categoria Total",1.0,2026-10-09T14:34:23Z,f111efb2ef09c5407f9e680ac61dfa3311c4b47c6651b66f7dca83fcc41a17da,,,,,,,nao,
sau.ctx.cobertura_planos,"Cobertura de planos de saúde privados, em dezembro",1302603,Manaus,AM,exercício financeiro,2024,,26.309632,% da população,,Município da capital. Saúde suplementar (ANS). Planos de assistência médica.,OBSERVADO,sim,,,Percentual da população com plano de saúde privado em dezembro. Contexto: o SIH cobre só internações pagas pelo SUS. Não serve para estimar usuários do SUS subtraindo beneficiários da população.,nao,,ripsa_cob501_planos,"RIPSA COB.5.01 (base ANS), município 130260, dezembro de 2024, categoria Total",1.0,2026-10-09T14:34:23Z,f111efb2ef09c5407f9e680ac61dfa3311c4b47c6651b66f7dca83fcc41a17da,,,,,,,nao,
sau.ctx.cobertura_planos,"Cobertura de planos de saúde privados, em dezembro",2927408,Salvador,BA,exercício financeiro,2021,,29.91506,% da população,,Município da capital. Saúde suplementar (ANS). Planos de assistência médica.,OBSERVADO,sim,,,Percentual da população com plano de saúde privado em dezembro. Contexto: o SIH cobre só internações pagas pelo SUS. Não serve para estimar usuários do SUS subtraindo beneficiários da população.,nao,,ripsa_cob501_planos,"RIPSA COB.5.01 (base ANS), município 292740, dezembro de 2021, categoria Total",1.0,2026-10-09T14:34:23Z,f111efb2ef09c5407f9e680ac61dfa3311c4b47c6651b66f7dca83fcc41a17da,,,,,,,nao,
sau.ctx.cobertura_planos,"Cobertura de planos de saúde privados, em dezembro",2927408,Salvador,BA,exercício financeiro,2022,,30.587813,% da população,,Município da capital. Saúde suplementar (ANS). Planos de assistência médica.,OBSERVADO,sim,,,Percentual da população com plano de saúde privado em dezembro. Contexto: o SIH cobre só internações pagas pelo SUS. Não serve para estimar usuários do SUS subtraindo beneficiários da população.,nao,,ripsa_cob501_planos,"RIPSA COB.5.01 (base ANS), município 292740, dezembro de 2022, categoria Total",1.0,2026-10-09T14:34:23Z,f111efb2ef09c5407f9e680ac61dfa3311c4b47c6651b66f7dca83fcc41a17da,,,,,,,nao,
sau.ctx.cobertura_planos,"Cobertura de planos de saúde privados, em dezembro",2927408,Salvador,BA,exercício financeiro,2023,,31.629987,% da população,,Município da capital. Saúde suplementar (ANS). Planos de assistência médica.,OBSERVADO,sim,,,Percentual da população com plano de saúde privado em dezembro. Contexto: o SIH cobre só internações pagas pelo SUS. Não serve para estimar usuários do SUS subtraindo beneficiários da população.,nao,,ripsa_cob501_planos,"RIPSA COB.5.01 (base ANS), município 292740, dezembro de 2023, categoria Total",1.0,2026-10-09T14:34:23Z,f111efb2ef09c5407f9e680ac61dfa3311c4b47c6651b66f7dca83fcc41a17da,,,,,,,nao,
sau.ctx.cobertura_planos,"Cobertura de planos de saúde privados, em dezembro",2927408,Salvador,BA,exercício financeiro,2024,,32.012263,% da população,,Município da capital. Saúde suplementar (ANS). Planos de assistência médica.,OBSERVADO,sim,,,Percentual da população com plano de saúde privado em dezembro. Contexto: o SIH cobre só internações pagas pelo SUS. Não serve para estimar usuários do SUS subtraindo beneficiários da população.,nao,,ripsa_cob501_planos,"RIPSA COB.5.01 (base ANS), município 292740, dezembro de 2024, categoria Total",1.0,2026-10-09T14:34:23Z,f111efb2ef09c5407f9e680ac61dfa3311c4b47c6651b66f7dca83fcc41a17da,,,,,,,nao,
sau.ctx.cobertura_planos,"Cobertura de planos de saúde privados, em dezembro",2304400,Fortaleza,CE,exercício financeiro,2021,,35.437764,% da população,,Município da capital. Saúde suplementar (ANS). Planos de assistência médica.,OBSERVADO,sim,,,Percentual da população com plano de saúde privado em dezembro. Contexto: o SIH cobre só internações pagas pelo SUS. Não serve para estimar usuários do SUS subtraindo beneficiários da população.,nao,,ripsa_cob501_planos,"RIPSA COB.5.01 (base ANS), município 230440, dezembro de 2021, categoria Total",1.0,2026-10-09T14:34:23Z,f111efb2ef09c5407f9e680ac61dfa3311c4b47c6651b66f7dca83fcc41a17da,,,,,,,nao,
sau.ctx.cobertura_planos,"Cobertura de planos de saúde privados, em dezembro",2304400,Fortaleza,CE,exercício financeiro,2022,,36.948313,% da população,,Município da capital. Saúde suplementar (ANS). Planos de assistência médica.,OBSERVADO,sim,,,Percentual da população com plano de saúde privado em dezembro. Contexto: o SIH cobre só internações pagas pelo SUS. Não serve para estimar usuários do SUS subtraindo beneficiários da população.,nao,,ripsa_cob501_planos,"RIPSA COB.5.01 (base ANS), município 230440, dezembro de 2022, categoria Total",1.0,2026-10-09T14:34:23Z,f111efb2ef09c5407f9e680ac61dfa3311c4b47c6651b66f7dca83fcc41a17da,,,,,,,nao,
sau.ctx.cobertura_planos,"Cobertura de planos de saúde privados, em dezembro",2304400,Fortaleza,CE,exercício financeiro,2023,,37.460066,% da população,,Município da capital. Saúde suplementar (ANS). Planos de assistência médica.,OBSERVADO,sim,,,Percentual da população com plano de saúde privado em dezembro. Contexto: o SIH cobre só internações pagas pelo SUS. Não serve para estimar usuários do SUS subtraindo beneficiários da população.,nao,,ripsa_cob501_planos,"RIPSA COB.5.01 (base ANS), município 230440, dezembro de 2023, categoria Total",1.0,2026-10-09T14:34:23Z,f111efb2ef09c5407f9e680ac61dfa3311c4b47c6651b66f7dca83fcc41a17da,,,,,,,nao,
sau.ctx.cobertura_planos,"Cobertura de planos de saúde privados, em dezembro",2304400,Fortaleza,CE,exercício financeiro,2024,,40.383707,% da população,,Município da capital. Saúde suplementar (ANS). Planos de assistência médica.,OBSERVADO,sim,,,Percentual da população com plano de saúde privado em dezembro. Contexto: o SIH cobre só internações pagas pelo SUS. Não serve para estimar usuários do SUS subtraindo beneficiários da população.,nao,,ripsa_cob501_planos,"RIPSA COB.5.01 (base ANS), município 230440, dezembro de 2024, categoria Total",1.0,2026-10-09T14:34:23Z,f111efb2ef09c5407f9e680ac61dfa3311c4b47c6651b66f7dca83fcc41a17da,,,,,,,nao,
sau.ctx.cobertura_planos,"Cobertura de planos de saúde privados, em dezembro",3205309,Vitória,ES,exercício financeiro,2021,,62.583672,% da população,,Município da capital. Saúde suplementar (ANS). Planos de assistência médica.,OBSERVADO,sim,,,Percentual da população com plano de saúde privado em dezembro. Contexto: o SIH cobre só internações pagas pelo SUS. Não serve para estimar usuários do SUS subtraindo beneficiários da população.,nao,,ripsa_cob501_planos,"RIPSA COB.5.01 (base ANS), município 320530, dezembro de 2021, categoria Total",1.0,2026-10-09T14:34:23Z,f111efb2ef09c5407f9e680ac61dfa3311c4b47c6651b66f7dca83fcc41a17da,,,,,,,nao,
sau.ctx.cobertura_planos,"Cobertura de planos de saúde privados, em dezembro",3205309,Vitória,ES,exercício financeiro,2022,,64.807547,% da população,,Município da capital. Saúde suplementar (ANS). Planos de assistência médica.,OBSERVADO,sim,,,Percentual da população com plano de saúde privado em dezembro. Contexto: o SIH cobre só internações pagas pelo SUS. Não serve para estimar usuários do SUS subtraindo beneficiários da população.,nao,,ripsa_cob501_planos,"RIPSA COB.5.01 (base ANS), município 320530, dezembro de 2022, categoria Total",1.0,2026-10-09T14:34:23Z,f111efb2ef09c5407f9e680ac61dfa3311c4b47c6651b66f7dca83fcc41a17da,,,,,,,nao,
sau.ctx.cobertura_planos,"Cobertura de planos de saúde privados, em dezembro",3205309,Vitória,ES,exercício financeiro,2023,,65.785292,% da população,,Município da capital. Saúde suplementar (ANS). Planos de assistência médica.,OBSERVADO,sim,,,Percentual da população com plano de saúde privado em dezembro. Contexto: o SIH cobre só internações pagas pelo SUS. Não serve para estimar usuários do SUS subtraindo beneficiários da população.,nao,,ripsa_cob501_planos,"RIPSA COB.5.01 (base ANS), município 320530, dezembro de 2023, categoria Total",1.0,2026-10-09T14:34:23Z,f111efb2ef09c5407f9e680ac61dfa3311c4b47c6651b66f7dca83fcc41a17da,,,,,,,nao,
sau.ctx.cobertura_planos,"Cobertura de planos de saúde privados, em dezembro",3205309,Vitória,ES,exercício financeiro,2024,,65.501167,% da população,,Município da capital. Saúde suplementar (ANS). Planos de assistência médica.,OBSERVADO,sim,,,Percentual da população com plano de saúde privado em dezembro. Contexto: o SIH cobre só internações pagas pelo SUS. Não serve para estimar usuários do SUS subtraindo beneficiários da população.,nao,,ripsa_cob501_planos,"RIPSA COB.5.01 (base ANS), município 320530, dezembro de 2024, categoria Total",1.0,2026-10-09T14:34:23Z,f111efb2ef09c5407f9e680ac61dfa3311c4b47c6651b66f7dca83fcc41a17da,,,,,,,nao,
sau.ctx.cobertura_planos,"Cobertura de planos de saúde privados, em dezembro",5208707,Goiânia,GO,exercício financeiro,2021,,47.104747,% da população,,Município da capital. Saúde suplementar (ANS). Planos de assistência médica.,OBSERVADO,sim,,,Percentual da população com plano de saúde privado em dezembro. Contexto: o SIH cobre só internações pagas pelo SUS. Não serve para estimar usuários do SUS subtraindo beneficiários da população.,nao,,ripsa_cob501_planos,"RIPSA COB.5.01 (base ANS), município 520870, dezembro de 2021, categoria Total",1.0,2026-10-09T14:34:23Z,f111efb2ef09c5407f9e680ac61dfa3311c4b47c6651b66f7dca83fcc41a17da,,,,,,,nao,
sau.ctx.cobertura_planos,"Cobertura de planos de saúde privados, em dezembro",5208707,Goiânia,GO,exercício financeiro,2022,,46.601929,% da população,,Município da capital. Saúde suplementar (ANS). Planos de assistência médica.,OBSERVADO,sim,,,Percentual da população com plano de saúde privado em dezembro. Contexto: o SIH cobre só internações pagas pelo SUS. Não serve para estimar usuários do SUS subtraindo beneficiários da população.,nao,,ripsa_cob501_planos,"RIPSA COB.5.01 (base ANS), município 520870, dezembro de 2022, categoria Total",1.0,2026-10-09T14:34:23Z,f111efb2ef09c5407f9e680ac61dfa3311c4b47c6651b66f7dca83fcc41a17da,,,,,,,nao,
sau.ctx.cobertura_planos,"Cobertura de planos de saúde privados, em dezembro",5208707,Goiânia,GO,exercício financeiro,2023,,47.794401,% da população,,Município da capital. Saúde suplementar (ANS). Planos de assistência médica.,OBSERVADO,sim,,,Percentual da população com plano de saúde privado em dezembro. Contexto: o SIH cobre só internações pagas pelo SUS. Não serve para estimar usuários do SUS subtraindo beneficiários da população.,nao,,ripsa_cob501_planos,"RIPSA COB.5.01 (base ANS), município 520870, dezembro de 2023, categoria Total",1.0,2026-10-09T14:34:23Z,f111efb2ef09c5407f9e680ac61dfa3311c4b47c6651b66f7dca83fcc41a17da,,,,,,,nao,
sau.ctx.cobertura_planos,"Cobertura de planos de saúde privados, em dezembro",5208707,Goiânia,GO,exercício financeiro,2024,,48.894118,% da população,,Município da capital. Saúde suplementar (ANS). Planos de assistência médica.,OBSERVADO,sim,,,Percentual da população com plano de saúde privado em dezembro. Contexto: o SIH cobre só internações pagas pelo SUS. Não serve para estimar usuários do SUS subtraindo beneficiários da população.,nao,,ripsa_cob501_planos,"RIPSA COB.5.01 (base ANS), município 520870, dezembro de 2024, categoria Total",1.0,2026-10-09T14:34:23Z,f111efb2ef09c5407f9e680ac61dfa3311c4b47c6651b66f7dca83fcc41a17da,,,,,,,nao,
sau.ctx.cobertura_planos,"Cobertura de planos de saúde privados, em dezembro",2111300,São Luís,MA,exercício financeiro,2021,,25.136077,% da população,,Município da capital. Saúde suplementar (ANS). Planos de assistência médica.,OBSERVADO,sim,,,Percentual da população com plano de saúde privado em dezembro. Contexto: o SIH cobre só internações pagas pelo SUS. Não serve para estimar usuários do SUS subtraindo beneficiários da população.,nao,,ripsa_cob501_planos,"RIPSA COB.5.01 (base ANS), município 211130, dezembro de 2021, categoria Total",1.0,2026-10-09T14:34:23Z,f111efb2ef09c5407f9e680ac61dfa3311c4b47c6651b66f7dca83fcc41a17da,,,,,,,nao,
sau.ctx.cobertura_planos,"Cobertura de planos de saúde privados, em dezembro",2111300,São Luís,MA,exercício financeiro,2022,,26.197955,% da população,,Município da capital. Saúde suplementar (ANS). Planos de assistência médica.,OBSERVADO,sim,,,Percentual da população com plano de saúde privado em dezembro. Contexto: o SIH cobre só internações pagas pelo SUS. Não serve para estimar usuários do SUS subtraindo beneficiários da população.,nao,,ripsa_cob501_planos,"RIPSA COB.5.01 (base ANS), município 211130, dezembro de 2022, categoria Total",1.0,2026-10-09T14:34:23Z,f111efb2ef09c5407f9e680ac61dfa3311c4b47c6651b66f7dca83fcc41a17da,,,,,,,nao,
sau.ctx.cobertura_planos,"Cobertura de planos de saúde privados, em dezembro",2111300,São Luís,MA,exercício financeiro,2023,,26.915508,% da população,,Município da capital. Saúde suplementar (ANS). Planos de assistência médica.,OBSERVADO,sim,,,Percentual da população com plano de saúde privado em dezembro. Contexto: o SIH cobre só internações pagas pelo SUS. Não serve para estimar usuários do SUS subtraindo beneficiários da população.,nao,,ripsa_cob501_planos,"RIPSA COB.5.01 (base ANS), município 211130, dezembro de 2023, categoria Total",1.0,2026-10-09T14:34:23Z,f111efb2ef09c5407f9e680ac61dfa3311c4b47c6651b66f7dca83fcc41a17da,,,,,,,nao,
sau.ctx.cobertura_planos,"Cobertura de planos de saúde privados, em dezembro",2111300,São Luís,MA,exercício financeiro,2024,,27.661694,% da população,,Município da capital. Saúde suplementar (ANS). Planos de assistência médica.,OBSERVADO,sim,,,Percentual da população com plano de saúde privado em dezembro. Contexto: o SIH cobre só internações pagas pelo SUS. Não serve para estimar usuários do SUS subtraindo beneficiários da população.,nao,,ripsa_cob501_planos,"RIPSA COB.5.01 (base ANS), município 211130, dezembro de 2024, categoria Total",1.0,2026-10-09T14:34:23Z,f111efb2ef09c5407f9e680ac61dfa3311c4b47c6651b66f7dca83fcc41a17da,,,,,,,nao,
sau.ctx.cobertura_planos,"Cobertura de planos de saúde privados, em dezembro",5103403,Cuiabá,MT,exercício financeiro,2021,,34.478691,% da população,,Município da capital. Saúde suplementar (ANS). Planos de assistência médica.,OBSERVADO,sim,,,Percentual da população com plano de saúde privado em dezembro. Contexto: o SIH cobre só internações pagas pelo SUS. Não serve para estimar usuários do SUS subtraindo beneficiários da população.,nao,,ripsa_cob501_planos,"RIPSA COB.5.01 (base ANS), município 510340, dezembro de 2021, categoria Total",1.0,2026-10-09T14:34:23Z,f111efb2ef09c5407f9e680ac61dfa3311c4b47c6651b66f7dca83fcc41a17da,,,,,,,nao,
sau.ctx.cobertura_planos,"Cobertura de planos de saúde privados, em dezembro",5103403,Cuiabá,MT,exercício financeiro,2022,,35.68119,% da população,,Município da capital. Saúde suplementar (ANS). Planos de assistência médica.,OBSERVADO,sim,,,Percentual da população com plano de saúde privado em dezembro. Contexto: o SIH cobre só internações pagas pelo SUS. Não serve para estimar usuários do SUS subtraindo beneficiários da população.,nao,,ripsa_cob501_planos,"RIPSA COB.5.01 (base ANS), município 510340, dezembro de 2022, categoria Total",1.0,2026-10-09T14:34:23Z,f111efb2ef09c5407f9e680ac61dfa3311c4b47c6651b66f7dca83fcc41a17da,,,,,,,nao,
sau.ctx.cobertura_planos,"Cobertura de planos de saúde privados, em dezembro",5103403,Cuiabá,MT,exercício financeiro,2023,,35.824198,% da população,,Município da capital. Saúde suplementar (ANS). Planos de assistência médica.,OBSERVADO,sim,,,Percentual da população com plano de saúde privado em dezembro. Contexto: o SIH cobre só internações pagas pelo SUS. Não serve para estimar usuários do SUS subtraindo beneficiários da população.,nao,,ripsa_cob501_planos,"RIPSA COB.5.01 (base ANS), município 510340, dezembro de 2023, categoria Total",1.0,2026-10-09T14:34:23Z,f111efb2ef09c5407f9e680ac61dfa3311c4b47c6651b66f7dca83fcc41a17da,,,,,,,nao,
sau.ctx.cobertura_planos,"Cobertura de planos de saúde privados, em dezembro",5103403,Cuiabá,MT,exercício financeiro,2024,,35.037895,% da população,,Município da capital. Saúde suplementar (ANS). Planos de assistência médica.,OBSERVADO,sim,,,Percentual da população com plano de saúde privado em dezembro. Contexto: o SIH cobre só internações pagas pelo SUS. Não serve para estimar usuários do SUS subtraindo beneficiários da população.,nao,,ripsa_cob501_planos,"RIPSA COB.5.01 (base ANS), município 510340, dezembro de 2024, categoria Total",1.0,2026-10-09T14:34:23Z,f111efb2ef09c5407f9e680ac61dfa3311c4b47c6651b66f7dca83fcc41a17da,,,,,,,nao,
sau.ctx.cobertura_planos,"Cobertura de planos de saúde privados, em dezembro",5002704,Campo Grande,MS,exercício financeiro,2021,,27.107995,% da população,,Município da capital. Saúde suplementar (ANS). Planos de assistência médica.,OBSERVADO,sim,,,Percentual da população com plano de saúde privado em dezembro. Contexto: o SIH cobre só internações pagas pelo SUS. Não serve para estimar usuários do SUS subtraindo beneficiários da população.,nao,,ripsa_cob501_planos,"RIPSA COB.5.01 (base ANS), município 500270, dezembro de 2021, categoria Total",1.0,2026-10-09T14:34:23Z,f111efb2ef09c5407f9e680ac61dfa3311c4b47c6651b66f7dca83fcc41a17da,,,,,,,nao,
sau.ctx.cobertura_planos,"Cobertura de planos de saúde privados, em dezembro",5002704,Campo Grande,MS,exercício financeiro,2022,,28.024301,% da população,,Município da capital. Saúde suplementar (ANS). Planos de assistência médica.,OBSERVADO,sim,,,Percentual da população com plano de saúde privado em dezembro. Contexto: o SIH cobre só internações pagas pelo SUS. Não serve para estimar usuários do SUS subtraindo beneficiários da população.,nao,,ripsa_cob501_planos,"RIPSA COB.5.01 (base ANS), município 500270, dezembro de 2022, categoria Total",1.0,2026-10-09T14:34:23Z,f111efb2ef09c5407f9e680ac61dfa3311c4b47c6651b66f7dca83fcc41a17da,,,,,,,nao,
sau.ctx.cobertura_planos,"Cobertura de planos de saúde privados, em dezembro",5002704,Campo Grande,MS,exercício financeiro,2023,,29.089127,% da população,,Município da capital. Saúde suplementar (ANS). Planos de assistência médica.,OBSERVADO,sim,,,Percentual da população com plano de saúde privado em dezembro. Contexto: o SIH cobre só internações pagas pelo SUS. Não serve para estimar usuários do SUS subtraindo beneficiários da população.,nao,,ripsa_cob501_planos,"RIPSA COB.5.01 (base ANS), município 500270, dezembro de 2023, categoria Total",1.0,2026-10-09T14:34:23Z,f111efb2ef09c5407f9e680ac61dfa3311c4b47c6651b66f7dca83fcc41a17da,,,,,,,nao,
sau.ctx.cobertura_planos,"Cobertura de planos de saúde privados, em dezembro",5002704,Campo Grande,MS,exercício financeiro,2024,,29.182525,% da população,,Município da capital. Saúde suplementar (ANS). Planos de assistência médica.,OBSERVADO,sim,,,Percentual da população com plano de saúde privado em dezembro. Contexto: o SIH cobre só internações pagas pelo SUS. Não serve para estimar usuários do SUS subtraindo beneficiários da população.,nao,,ripsa_cob501_planos,"RIPSA COB.5.01 (base ANS), município 500270, dezembro de 2024, categoria Total",1.0,2026-10-09T14:34:23Z,f111efb2ef09c5407f9e680ac61dfa3311c4b47c6651b66f7dca83fcc41a17da,,,,,,,nao,
sau.ctx.cobertura_planos,"Cobertura de planos de saúde privados, em dezembro",3106200,Belo Horizonte,MG,exercício financeiro,2021,,50.372371,% da população,,Município da capital. Saúde suplementar (ANS). Planos de assistência médica.,OBSERVADO,sim,,,Percentual da população com plano de saúde privado em dezembro. Contexto: o SIH cobre só internações pagas pelo SUS. Não serve para estimar usuários do SUS subtraindo beneficiários da população.,nao,,ripsa_cob501_planos,"RIPSA COB.5.01 (base ANS), município 310620, dezembro de 2021, categoria Total",1.0,2026-10-09T14:34:23Z,f111efb2ef09c5407f9e680ac61dfa3311c4b47c6651b66f7dca83fcc41a17da,,,,,,,nao,
sau.ctx.cobertura_planos,"Cobertura de planos de saúde privados, em dezembro",3106200,Belo Horizonte,MG,exercício financeiro,2022,,51.739622,% da população,,Município da capital. Saúde suplementar (ANS). Planos de assistência médica.,OBSERVADO,sim,,,Percentual da população com plano de saúde privado em dezembro. Contexto: o SIH cobre só internações pagas pelo SUS. Não serve para estimar usuários do SUS subtraindo beneficiários da população.,nao,,ripsa_cob501_planos,"RIPSA COB.5.01 (base ANS), município 310620, dezembro de 2022, categoria Total",1.0,2026-10-09T14:34:23Z,f111efb2ef09c5407f9e680ac61dfa3311c4b47c6651b66f7dca83fcc41a17da,,,,,,,nao,
sau.ctx.cobertura_planos,"Cobertura de planos de saúde privados, em dezembro",3106200,Belo Horizonte,MG,exercício financeiro,2023,,51.801629,% da população,,Município da capital. Saúde suplementar (ANS). Planos de assistência médica.,OBSERVADO,sim,,,Percentual da população com plano de saúde privado em dezembro. Contexto: o SIH cobre só internações pagas pelo SUS. Não serve para estimar usuários do SUS subtraindo beneficiários da população.,nao,,ripsa_cob501_planos,"RIPSA COB.5.01 (base ANS), município 310620, dezembro de 2023, categoria Total",1.0,2026-10-09T14:34:23Z,f111efb2ef09c5407f9e680ac61dfa3311c4b47c6651b66f7dca83fcc41a17da,,,,,,,nao,
sau.ctx.cobertura_planos,"Cobertura de planos de saúde privados, em dezembro",3106200,Belo Horizonte,MG,exercício financeiro,2024,,52.696248,% da população,,Município da capital. Saúde suplementar (ANS). Planos de assistência médica.,OBSERVADO,sim,,,Percentual da população com plano de saúde privado em dezembro. Contexto: o SIH cobre só internações pagas pelo SUS. Não serve para estimar usuários do SUS subtraindo beneficiários da população.,nao,,ripsa_cob501_planos,"RIPSA COB.5.01 (base ANS), município 310620, dezembro de 2024, categoria Total",1.0,2026-10-09T14:34:23Z,f111efb2ef09c5407f9e680ac61dfa3311c4b47c6651b66f7dca83fcc41a17da,,,,,,,nao,
sau.ctx.cobertura_planos,"Cobertura de planos de saúde privados, em dezembro",1501402,Belém,PA,exercício financeiro,2021,,29.685013,% da população,,Município da capital. Saúde suplementar (ANS). Planos de assistência médica.,OBSERVADO,sim,,,Percentual da população com plano de saúde privado em dezembro. Contexto: o SIH cobre só internações pagas pelo SUS. Não serve para estimar usuários do SUS subtraindo beneficiários da população.,nao,,ripsa_cob501_planos,"RIPSA COB.5.01 (base ANS), município 150140, dezembro de 2021, categoria Total",1.0,2026-10-09T14:34:23Z,f111efb2ef09c5407f9e680ac61dfa3311c4b47c6651b66f7dca83fcc41a17da,,,,,,,nao,
sau.ctx.cobertura_planos,"Cobertura de planos de saúde privados, em dezembro",1501402,Belém,PA,exercício financeiro,2022,,29.222753,% da população,,Município da capital. Saúde suplementar (ANS). Planos de assistência médica.,OBSERVADO,sim,,,Percentual da população com plano de saúde privado em dezembro. Contexto: o SIH cobre só internações pagas pelo SUS. Não serve para estimar usuários do SUS subtraindo beneficiários da população.,nao,,ripsa_cob501_planos,"RIPSA COB.5.01 (base ANS), município 150140, dezembro de 2022, categoria Total",1.0,2026-10-09T14:34:23Z,f111efb2ef09c5407f9e680ac61dfa3311c4b47c6651b66f7dca83fcc41a17da,,,,,,,nao,
sau.ctx.cobertura_planos,"Cobertura de planos de saúde privados, em dezembro",1501402,Belém,PA,exercício financeiro,2023,,29.034901,% da população,,Município da capital. Saúde suplementar (ANS). Planos de assistência médica.,OBSERVADO,sim,,,Percentual da população com plano de saúde privado em dezembro. Contexto: o SIH cobre só internações pagas pelo SUS. Não serve para estimar usuários do SUS subtraindo beneficiários da população.,nao,,ripsa_cob501_planos,"RIPSA COB.5.01 (base ANS), município 150140, dezembro de 2023, categoria Total",1.0,2026-10-09T14:34:23Z,f111efb2ef09c5407f9e680ac61dfa3311c4b47c6651b66f7dca83fcc41a17da,,,,,,,nao,
sau.ctx.cobertura_planos,"Cobertura de planos de saúde privados, em dezembro",1501402,Belém,PA,exercício financeiro,2024,,28.842979,% da população,,Município da capital. Saúde suplementar (ANS). Planos de assistência médica.,OBSERVADO,sim,,,Percentual da população com plano de saúde privado em dezembro. Contexto: o SIH cobre só internações pagas pelo SUS. Não serve para estimar usuários do SUS subtraindo beneficiários da população.,nao,,ripsa_cob501_planos,"RIPSA COB.5.01 (base ANS), município 150140, dezembro de 2024, categoria Total",1.0,2026-10-09T14:34:23Z,f111efb2ef09c5407f9e680ac61dfa3311c4b47c6651b66f7dca83fcc41a17da,,,,,,,nao,
sau.ctx.cobertura_planos,"Cobertura de planos de saúde privados, em dezembro",2507507,João Pessoa,PB,exercício financeiro,2021,,27.802891,% da população,,Município da capital. Saúde suplementar (ANS). Planos de assistência médica.,OBSERVADO,sim,,,Percentual da população com plano de saúde privado em dezembro. Contexto: o SIH cobre só internações pagas pelo SUS. Não serve para estimar usuários do SUS subtraindo beneficiários da população.,nao,,ripsa_cob501_planos,"RIPSA COB.5.01 (base ANS), município 250750, dezembro de 2021, categoria Total",1.0,2026-10-09T14:34:23Z,f111efb2ef09c5407f9e680ac61dfa3311c4b47c6651b66f7dca83fcc41a17da,,,,,,,nao,
sau.ctx.cobertura_planos,"Cobertura de planos de saúde privados, em dezembro",2507507,João Pessoa,PB,exercício financeiro,2022,,28.64016,% da população,,Município da capital. Saúde suplementar (ANS). Planos de assistência médica.,OBSERVADO,sim,,,Percentual da população com plano de saúde privado em dezembro. Contexto: o SIH cobre só internações pagas pelo SUS. Não serve para estimar usuários do SUS subtraindo beneficiários da população.,nao,,ripsa_cob501_planos,"RIPSA COB.5.01 (base ANS), município 250750, dezembro de 2022, categoria Total",1.0,2026-10-09T14:34:23Z,f111efb2ef09c5407f9e680ac61dfa3311c4b47c6651b66f7dca83fcc41a17da,,,,,,,nao,
sau.ctx.cobertura_planos,"Cobertura de planos de saúde privados, em dezembro",2507507,João Pessoa,PB,exercício financeiro,2023,,28.853143,% da população,,Município da capital. Saúde suplementar (ANS). Planos de assistência médica.,OBSERVADO,sim,,,Percentual da população com plano de saúde privado em dezembro. Contexto: o SIH cobre só internações pagas pelo SUS. Não serve para estimar usuários do SUS subtraindo beneficiários da população.,nao,,ripsa_cob501_planos,"RIPSA COB.5.01 (base ANS), município 250750, dezembro de 2023, categoria Total",1.0,2026-10-09T14:34:23Z,f111efb2ef09c5407f9e680ac61dfa3311c4b47c6651b66f7dca83fcc41a17da,,,,,,,nao,
sau.ctx.cobertura_planos,"Cobertura de planos de saúde privados, em dezembro",2507507,João Pessoa,PB,exercício financeiro,2024,,30.042456,% da população,,Município da capital. Saúde suplementar (ANS). Planos de assistência médica.,OBSERVADO,sim,,,Percentual da população com plano de saúde privado em dezembro. Contexto: o SIH cobre só internações pagas pelo SUS. Não serve para estimar usuários do SUS subtraindo beneficiários da população.,nao,,ripsa_cob501_planos,"RIPSA COB.5.01 (base ANS), município 250750, dezembro de 2024, categoria Total",1.0,2026-10-09T14:34:23Z,f111efb2ef09c5407f9e680ac61dfa3311c4b47c6651b66f7dca83fcc41a17da,,,,,,,nao,
sau.ctx.cobertura_planos,"Cobertura de planos de saúde privados, em dezembro",4106902,Curitiba,PR,exercício financeiro,2021,,53.312416,% da população,,Município da capital. Saúde suplementar (ANS). Planos de assistência médica.,OBSERVADO,sim,,,Percentual da população com plano de saúde privado em dezembro. Contexto: o SIH cobre só internações pagas pelo SUS. Não serve para estimar usuários do SUS subtraindo beneficiários da população.,nao,,ripsa_cob501_planos,"RIPSA COB.5.01 (base ANS), município 410690, dezembro de 2021, categoria Total",1.0,2026-10-09T14:34:23Z,f111efb2ef09c5407f9e680ac61dfa3311c4b47c6651b66f7dca83fcc41a17da,,,,,,,nao,
sau.ctx.cobertura_planos,"Cobertura de planos de saúde privados, em dezembro",4106902,Curitiba,PR,exercício financeiro,2022,,54.022221,% da população,,Município da capital. Saúde suplementar (ANS). Planos de assistência médica.,OBSERVADO,sim,,,Percentual da população com plano de saúde privado em dezembro. Contexto: o SIH cobre só internações pagas pelo SUS. Não serve para estimar usuários do SUS subtraindo beneficiários da população.,nao,,ripsa_cob501_planos,"RIPSA COB.5.01 (base ANS), município 410690, dezembro de 2022, categoria Total",1.0,2026-10-09T14:34:23Z,f111efb2ef09c5407f9e680ac61dfa3311c4b47c6651b66f7dca83fcc41a17da,,,,,,,nao,
sau.ctx.cobertura_planos,"Cobertura de planos de saúde privados, em dezembro",4106902,Curitiba,PR,exercício financeiro,2023,,54.326836,% da população,,Município da capital. Saúde suplementar (ANS). Planos de assistência médica.,OBSERVADO,sim,,,Percentual da população com plano de saúde privado em dezembro. Contexto: o SIH cobre só internações pagas pelo SUS. Não serve para estimar usuários do SUS subtraindo beneficiários da população.,nao,,ripsa_cob501_planos,"RIPSA COB.5.01 (base ANS), município 410690, dezembro de 2023, categoria Total",1.0,2026-10-09T14:34:23Z,f111efb2ef09c5407f9e680ac61dfa3311c4b47c6651b66f7dca83fcc41a17da,,,,,,,nao,
sau.ctx.cobertura_planos,"Cobertura de planos de saúde privados, em dezembro",4106902,Curitiba,PR,exercício financeiro,2024,,54.426547,% da população,,Município da capital. Saúde suplementar (ANS). Planos de assistência médica.,OBSERVADO,sim,,,Percentual da população com plano de saúde privado em dezembro. Contexto: o SIH cobre só internações pagas pelo SUS. Não serve para estimar usuários do SUS subtraindo beneficiários da população.,nao,,ripsa_cob501_planos,"RIPSA COB.5.01 (base ANS), município 410690, dezembro de 2024, categoria Total",1.0,2026-10-09T14:34:23Z,f111efb2ef09c5407f9e680ac61dfa3311c4b47c6651b66f7dca83fcc41a17da,,,,,,,nao,
sau.ctx.cobertura_planos,"Cobertura de planos de saúde privados, em dezembro",2611606,Recife,PE,exercício financeiro,2021,,38.988347,% da população,,Município da capital. Saúde suplementar (ANS). Planos de assistência médica.,OBSERVADO,sim,,,Percentual da população com plano de saúde privado em dezembro. Contexto: o SIH cobre só internações pagas pelo SUS. Não serve para estimar usuários do SUS subtraindo beneficiários da população.,nao,,ripsa_cob501_planos,"RIPSA COB.5.01 (base ANS), município 261160, dezembro de 2021, categoria Total",1.0,2026-10-09T14:34:23Z,f111efb2ef09c5407f9e680ac61dfa3311c4b47c6651b66f7dca83fcc41a17da,,,,,,,nao,
sau.ctx.cobertura_planos,"Cobertura de planos de saúde privados, em dezembro",2611606,Recife,PE,exercício financeiro,2022,,39.231812,% da população,,Município da capital. Saúde suplementar (ANS). Planos de assistência médica.,OBSERVADO,sim,,,Percentual da população com plano de saúde privado em dezembro. Contexto: o SIH cobre só internações pagas pelo SUS. Não serve para estimar usuários do SUS subtraindo beneficiários da população.,nao,,ripsa_cob501_planos,"RIPSA COB.5.01 (base ANS), município 261160, dezembro de 2022, categoria Total",1.0,2026-10-09T14:34:23Z,f111efb2ef09c5407f9e680ac61dfa3311c4b47c6651b66f7dca83fcc41a17da,,,,,,,nao,
sau.ctx.cobertura_planos,"Cobertura de planos de saúde privados, em dezembro",2611606,Recife,PE,exercício financeiro,2023,,40.693699,% da população,,Município da capital. Saúde suplementar (ANS). Planos de assistência médica.,OBSERVADO,sim,,,Percentual da população com plano de saúde privado em dezembro. Contexto: o SIH cobre só internações pagas pelo SUS. Não serve para estimar usuários do SUS subtraindo beneficiários da população.,nao,,ripsa_cob501_planos,"RIPSA COB.5.01 (base ANS), município 261160, dezembro de 2023, categoria Total",1.0,2026-10-09T14:34:23Z,f111efb2ef09c5407f9e680ac61dfa3311c4b47c6651b66f7dca83fcc41a17da,,,,,,,nao,
sau.ctx.cobertura_planos,"Cobertura de planos de saúde privados, em dezembro",2611606,Recife,PE,exercício financeiro,2024,,40.84532,% da população,,Município da capital. Saúde suplementar (ANS). Planos de assistência médica.,OBSERVADO,sim,,,Percentual da população com plano de saúde privado em dezembro. Contexto: o SIH cobre só internações pagas pelo SUS. Não serve para estimar usuários do SUS subtraindo beneficiários da população.,nao,,ripsa_cob501_planos,"RIPSA COB.5.01 (base ANS), município 261160, dezembro de 2024, categoria Total",1.0,2026-10-09T14:34:23Z,f111efb2ef09c5407f9e680ac61dfa3311c4b47c6651b66f7dca83fcc41a17da,,,,,,,nao,
sau.ctx.cobertura_planos,"Cobertura de planos de saúde privados, em dezembro",2211001,Teresina,PI,exercício financeiro,2021,,29.852876,% da população,,Município da capital. Saúde suplementar (ANS). Planos de assistência médica.,OBSERVADO,sim,,,Percentual da população com plano de saúde privado em dezembro. Contexto: o SIH cobre só internações pagas pelo SUS. Não serve para estimar usuários do SUS subtraindo beneficiários da população.,nao,,ripsa_cob501_planos,"RIPSA COB.5.01 (base ANS), município 221100, dezembro de 2021, categoria Total",1.0,2026-10-09T14:34:23Z,f111efb2ef09c5407f9e680ac61dfa3311c4b47c6651b66f7dca83fcc41a17da,,,,,,,nao,
sau.ctx.cobertura_planos,"Cobertura de planos de saúde privados, em dezembro",2211001,Teresina,PI,exercício financeiro,2022,,31.439294,% da população,,Município da capital. Saúde suplementar (ANS). Planos de assistência médica.,OBSERVADO,sim,,,Percentual da população com plano de saúde privado em dezembro. Contexto: o SIH cobre só internações pagas pelo SUS. Não serve para estimar usuários do SUS subtraindo beneficiários da população.,nao,,ripsa_cob501_planos,"RIPSA COB.5.01 (base ANS), município 221100, dezembro de 2022, categoria Total",1.0,2026-10-09T14:34:23Z,f111efb2ef09c5407f9e680ac61dfa3311c4b47c6651b66f7dca83fcc41a17da,,,,,,,nao,
sau.ctx.cobertura_planos,"Cobertura de planos de saúde privados, em dezembro",2211001,Teresina,PI,exercício financeiro,2023,,33.069466,% da população,,Município da capital. Saúde suplementar (ANS). Planos de assistência médica.,OBSERVADO,sim,,,Percentual da população com plano de saúde privado em dezembro. Contexto: o SIH cobre só internações pagas pelo SUS. Não serve para estimar usuários do SUS subtraindo beneficiários da população.,nao,,ripsa_cob501_planos,"RIPSA COB.5.01 (base ANS), município 221100, dezembro de 2023, categoria Total",1.0,2026-10-09T14:34:23Z,f111efb2ef09c5407f9e680ac61dfa3311c4b47c6651b66f7dca83fcc41a17da,,,,,,,nao,
sau.ctx.cobertura_planos,"Cobertura de planos de saúde privados, em dezembro",2211001,Teresina,PI,exercício financeiro,2024,,34.23631,% da população,,Município da capital. Saúde suplementar (ANS). Planos de assistência médica.,OBSERVADO,sim,,,Percentual da população com plano de saúde privado em dezembro. Contexto: o SIH cobre só internações pagas pelo SUS. Não serve para estimar usuários do SUS subtraindo beneficiários da população.,nao,,ripsa_cob501_planos,"RIPSA COB.5.01 (base ANS), município 221100, dezembro de 2024, categoria Total",1.0,2026-10-09T14:34:23Z,f111efb2ef09c5407f9e680ac61dfa3311c4b47c6651b66f7dca83fcc41a17da,,,,,,,nao,
sau.ctx.cobertura_planos,"Cobertura de planos de saúde privados, em dezembro",3304557,Rio de Janeiro,RJ,exercício financeiro,2021,,44.070976,% da população,,Município da capital. Saúde suplementar (ANS). Planos de assistência médica.,OBSERVADO,sim,,,Percentual da população com plano de saúde privado em dezembro. Contexto: o SIH cobre só internações pagas pelo SUS. Não serve para estimar usuários do SUS subtraindo beneficiários da população.,nao,,ripsa_cob501_planos,"RIPSA COB.5.01 (base ANS), município 330455, dezembro de 2021, categoria Total",1.0,2026-10-09T14:34:23Z,f111efb2ef09c5407f9e680ac61dfa3311c4b47c6651b66f7dca83fcc41a17da,,,,,,,nao,
sau.ctx.cobertura_planos,"Cobertura de planos de saúde privados, em dezembro",3304557,Rio de Janeiro,RJ,exercício financeiro,2022,,45.391968,% da população,,Município da capital. Saúde suplementar (ANS). Planos de assistência médica.,OBSERVADO,sim,,,Percentual da população com plano de saúde privado em dezembro. Contexto: o SIH cobre só internações pagas pelo SUS. Não serve para estimar usuários do SUS subtraindo beneficiários da população.,nao,,ripsa_cob501_planos,"RIPSA COB.5.01 (base ANS), município 330455, dezembro de 2022, categoria Total",1.0,2026-10-09T14:34:23Z,f111efb2ef09c5407f9e680ac61dfa3311c4b47c6651b66f7dca83fcc41a17da,,,,,,,nao,
sau.ctx.cobertura_planos,"Cobertura de planos de saúde privados, em dezembro",3304557,Rio de Janeiro,RJ,exercício financeiro,2023,,46.122495,% da população,,Município da capital. Saúde suplementar (ANS). Planos de assistência médica.,OBSERVADO,sim,,,Percentual da população com plano de saúde privado em dezembro. Contexto: o SIH cobre só internações pagas pelo SUS. Não serve para estimar usuários do SUS subtraindo beneficiários da população.,nao,,ripsa_cob501_planos,"RIPSA COB.5.01 (base ANS), município 330455, dezembro de 2023, categoria Total",1.0,2026-10-09T14:34:23Z,f111efb2ef09c5407f9e680ac61dfa3311c4b47c6651b66f7dca83fcc41a17da,,,,,,,nao,
sau.ctx.cobertura_planos,"Cobertura de planos de saúde privados, em dezembro",3304557,Rio de Janeiro,RJ,exercício financeiro,2024,,45.640169,% da população,,Município da capital. Saúde suplementar (ANS). Planos de assistência médica.,OBSERVADO,sim,,,Percentual da população com plano de saúde privado em dezembro. Contexto: o SIH cobre só internações pagas pelo SUS. Não serve para estimar usuários do SUS subtraindo beneficiários da população.,nao,,ripsa_cob501_planos,"RIPSA COB.5.01 (base ANS), município 330455, dezembro de 2024, categoria Total",1.0,2026-10-09T14:34:23Z,f111efb2ef09c5407f9e680ac61dfa3311c4b47c6651b66f7dca83fcc41a17da,,,,,,,nao,
sau.ctx.cobertura_planos,"Cobertura de planos de saúde privados, em dezembro",2408102,Natal,RN,exercício financeiro,2021,,40.005772,% da população,,Município da capital. Saúde suplementar (ANS). Planos de assistência médica.,OBSERVADO,sim,,,Percentual da população com plano de saúde privado em dezembro. Contexto: o SIH cobre só internações pagas pelo SUS. Não serve para estimar usuários do SUS subtraindo beneficiários da população.,nao,,ripsa_cob501_planos,"RIPSA COB.5.01 (base ANS), município 240810, dezembro de 2021, categoria Total",1.0,2026-10-09T14:34:23Z,f111efb2ef09c5407f9e680ac61dfa3311c4b47c6651b66f7dca83fcc41a17da,,,,,,,nao,
sau.ctx.cobertura_planos,"Cobertura de planos de saúde privados, em dezembro",2408102,Natal,RN,exercício financeiro,2022,,41.577437,% da população,,Município da capital. Saúde suplementar (ANS). Planos de assistência médica.,OBSERVADO,sim,,,Percentual da população com plano de saúde privado em dezembro. Contexto: o SIH cobre só internações pagas pelo SUS. Não serve para estimar usuários do SUS subtraindo beneficiários da população.,nao,,ripsa_cob501_planos,"RIPSA COB.5.01 (base ANS), município 240810, dezembro de 2022, categoria Total",1.0,2026-10-09T14:34:23Z,f111efb2ef09c5407f9e680ac61dfa3311c4b47c6651b66f7dca83fcc41a17da,,,,,,,nao,
sau.ctx.cobertura_planos,"Cobertura de planos de saúde privados, em dezembro",2408102,Natal,RN,exercício financeiro,2023,,42.494989,% da população,,Município da capital. Saúde suplementar (ANS). Planos de assistência médica.,OBSERVADO,sim,,,Percentual da população com plano de saúde privado em dezembro. Contexto: o SIH cobre só internações pagas pelo SUS. Não serve para estimar usuários do SUS subtraindo beneficiários da população.,nao,,ripsa_cob501_planos,"RIPSA COB.5.01 (base ANS), município 240810, dezembro de 2023, categoria Total",1.0,2026-10-09T14:34:23Z,f111efb2ef09c5407f9e680ac61dfa3311c4b47c6651b66f7dca83fcc41a17da,,,,,,,nao,
sau.ctx.cobertura_planos,"Cobertura de planos de saúde privados, em dezembro",2408102,Natal,RN,exercício financeiro,2024,,43.612676,% da população,,Município da capital. Saúde suplementar (ANS). Planos de assistência médica.,OBSERVADO,sim,,,Percentual da população com plano de saúde privado em dezembro. Contexto: o SIH cobre só internações pagas pelo SUS. Não serve para estimar usuários do SUS subtraindo beneficiários da população.,nao,,ripsa_cob501_planos,"RIPSA COB.5.01 (base ANS), município 240810, dezembro de 2024, categoria Total",1.0,2026-10-09T14:34:23Z,f111efb2ef09c5407f9e680ac61dfa3311c4b47c6651b66f7dca83fcc41a17da,,,,,,,nao,
sau.ctx.cobertura_planos,"Cobertura de planos de saúde privados, em dezembro",4314902,Porto Alegre,RS,exercício financeiro,2021,,42.145706,% da população,,Município da capital. Saúde suplementar (ANS). Planos de assistência médica.,OBSERVADO,sim,,,Percentual da população com plano de saúde privado em dezembro. Contexto: o SIH cobre só internações pagas pelo SUS. Não serve para estimar usuários do SUS subtraindo beneficiários da população.,nao,,ripsa_cob501_planos,"RIPSA COB.5.01 (base ANS), município 431490, dezembro de 2021, categoria Total",1.0,2026-10-09T14:34:23Z,f111efb2ef09c5407f9e680ac61dfa3311c4b47c6651b66f7dca83fcc41a17da,,,,,,,nao,
sau.ctx.cobertura_planos,"Cobertura de planos de saúde privados, em dezembro",4314902,Porto Alegre,RS,exercício financeiro,2022,,42.326388,% da população,,Município da capital. Saúde suplementar (ANS). Planos de assistência médica.,OBSERVADO,sim,,,Percentual da população com plano de saúde privado em dezembro. Contexto: o SIH cobre só internações pagas pelo SUS. Não serve para estimar usuários do SUS subtraindo beneficiários da população.,nao,,ripsa_cob501_planos,"RIPSA COB.5.01 (base ANS), município 431490, dezembro de 2022, categoria Total",1.0,2026-10-09T14:34:23Z,f111efb2ef09c5407f9e680ac61dfa3311c4b47c6651b66f7dca83fcc41a17da,,,,,,,nao,
sau.ctx.cobertura_planos,"Cobertura de planos de saúde privados, em dezembro",4314902,Porto Alegre,RS,exercício financeiro,2023,,42.659913,% da população,,Município da capital. Saúde suplementar (ANS). Planos de assistência médica.,OBSERVADO,sim,,,Percentual da população com plano de saúde privado em dezembro. Contexto: o SIH cobre só internações pagas pelo SUS. Não serve para estimar usuários do SUS subtraindo beneficiários da população.,nao,,ripsa_cob501_planos,"RIPSA COB.5.01 (base ANS), município 431490, dezembro de 2023, categoria Total",1.0,2026-10-09T14:34:23Z,f111efb2ef09c5407f9e680ac61dfa3311c4b47c6651b66f7dca83fcc41a17da,,,,,,,nao,
sau.ctx.cobertura_planos,"Cobertura de planos de saúde privados, em dezembro",4314902,Porto Alegre,RS,exercício financeiro,2024,,43.245482,% da população,,Município da capital. Saúde suplementar (ANS). Planos de assistência médica.,OBSERVADO,sim,,,Percentual da população com plano de saúde privado em dezembro. Contexto: o SIH cobre só internações pagas pelo SUS. Não serve para estimar usuários do SUS subtraindo beneficiários da população.,nao,,ripsa_cob501_planos,"RIPSA COB.5.01 (base ANS), município 431490, dezembro de 2024, categoria Total",1.0,2026-10-09T14:34:23Z,f111efb2ef09c5407f9e680ac61dfa3311c4b47c6651b66f7dca83fcc41a17da,,,,,,,nao,
sau.ctx.cobertura_planos,"Cobertura de planos de saúde privados, em dezembro",1100205,Porto Velho,RO,exercício financeiro,2021,,17.005536,% da população,,Município da capital. Saúde suplementar (ANS). Planos de assistência médica.,OBSERVADO,sim,,,Percentual da população com plano de saúde privado em dezembro. Contexto: o SIH cobre só internações pagas pelo SUS. Não serve para estimar usuários do SUS subtraindo beneficiários da população.,nao,,ripsa_cob501_planos,"RIPSA COB.5.01 (base ANS), município 110020, dezembro de 2021, categoria Total",1.0,2026-10-09T14:34:23Z,f111efb2ef09c5407f9e680ac61dfa3311c4b47c6651b66f7dca83fcc41a17da,,,,,,,nao,
sau.ctx.cobertura_planos,"Cobertura de planos de saúde privados, em dezembro",1100205,Porto Velho,RO,exercício financeiro,2022,,17.318389,% da população,,Município da capital. Saúde suplementar (ANS). Planos de assistência médica.,OBSERVADO,sim,,,Percentual da população com plano de saúde privado em dezembro. Contexto: o SIH cobre só internações pagas pelo SUS. Não serve para estimar usuários do SUS subtraindo beneficiários da população.,nao,,ripsa_cob501_planos,"RIPSA COB.5.01 (base ANS), município 110020, dezembro de 2022, categoria Total",1.0,2026-10-09T14:34:23Z,f111efb2ef09c5407f9e680ac61dfa3311c4b47c6651b66f7dca83fcc41a17da,,,,,,,nao,
sau.ctx.cobertura_planos,"Cobertura de planos de saúde privados, em dezembro",1100205,Porto Velho,RO,exercício financeiro,2023,,16.104063,% da população,,Município da capital. Saúde suplementar (ANS). Planos de assistência médica.,OBSERVADO,sim,,,Percentual da população com plano de saúde privado em dezembro. Contexto: o SIH cobre só internações pagas pelo SUS. Não serve para estimar usuários do SUS subtraindo beneficiários da população.,nao,,ripsa_cob501_planos,"RIPSA COB.5.01 (base ANS), município 110020, dezembro de 2023, categoria Total",1.0,2026-10-09T14:34:23Z,f111efb2ef09c5407f9e680ac61dfa3311c4b47c6651b66f7dca83fcc41a17da,,,,,,,nao,
sau.ctx.cobertura_planos,"Cobertura de planos de saúde privados, em dezembro",1100205,Porto Velho,RO,exercício financeiro,2024,,16.897177,% da população,,Município da capital. Saúde suplementar (ANS). Planos de assistência médica.,OBSERVADO,sim,,,Percentual da população com plano de saúde privado em dezembro. Contexto: o SIH cobre só internações pagas pelo SUS. Não serve para estimar usuários do SUS subtraindo beneficiários da população.,nao,,ripsa_cob501_planos,"RIPSA COB.5.01 (base ANS), município 110020, dezembro de 2024, categoria Total",1.0,2026-10-09T14:34:23Z,f111efb2ef09c5407f9e680ac61dfa3311c4b47c6651b66f7dca83fcc41a17da,,,,,,,nao,
sau.ctx.cobertura_planos,"Cobertura de planos de saúde privados, em dezembro",1400100,Boa Vista,RR,exercício financeiro,2021,,7.054681,% da população,,Município da capital. Saúde suplementar (ANS). Planos de assistência médica.,OBSERVADO,sim,,,Percentual da população com plano de saúde privado em dezembro. Contexto: o SIH cobre só internações pagas pelo SUS. Não serve para estimar usuários do SUS subtraindo beneficiários da população.,nao,,ripsa_cob501_planos,"RIPSA COB.5.01 (base ANS), município 140010, dezembro de 2021, categoria Total",1.0,2026-10-09T14:34:23Z,f111efb2ef09c5407f9e680ac61dfa3311c4b47c6651b66f7dca83fcc41a17da,,,,,,,nao,
sau.ctx.cobertura_planos,"Cobertura de planos de saúde privados, em dezembro",1400100,Boa Vista,RR,exercício financeiro,2022,,7.094396,% da população,,Município da capital. Saúde suplementar (ANS). Planos de assistência médica.,OBSERVADO,sim,,,Percentual da população com plano de saúde privado em dezembro. Contexto: o SIH cobre só internações pagas pelo SUS. Não serve para estimar usuários do SUS subtraindo beneficiários da população.,nao,,ripsa_cob501_planos,"RIPSA COB.5.01 (base ANS), município 140010, dezembro de 2022, categoria Total",1.0,2026-10-09T14:34:23Z,f111efb2ef09c5407f9e680ac61dfa3311c4b47c6651b66f7dca83fcc41a17da,,,,,,,nao,
sau.ctx.cobertura_planos,"Cobertura de planos de saúde privados, em dezembro",1400100,Boa Vista,RR,exercício financeiro,2023,,6.807772,% da população,,Município da capital. Saúde suplementar (ANS). Planos de assistência médica.,OBSERVADO,sim,,,Percentual da população com plano de saúde privado em dezembro. Contexto: o SIH cobre só internações pagas pelo SUS. Não serve para estimar usuários do SUS subtraindo beneficiários da população.,nao,,ripsa_cob501_planos,"RIPSA COB.5.01 (base ANS), município 140010, dezembro de 2023, categoria Total",1.0,2026-10-09T14:34:23Z,f111efb2ef09c5407f9e680ac61dfa3311c4b47c6651b66f7dca83fcc41a17da,,,,,,,nao,
sau.ctx.cobertura_planos,"Cobertura de planos de saúde privados, em dezembro",1400100,Boa Vista,RR,exercício financeiro,2024,,6.465122,% da população,,Município da capital. Saúde suplementar (ANS). Planos de assistência médica.,OBSERVADO,sim,,,Percentual da população com plano de saúde privado em dezembro. Contexto: o SIH cobre só internações pagas pelo SUS. Não serve para estimar usuários do SUS subtraindo beneficiários da população.,nao,,ripsa_cob501_planos,"RIPSA COB.5.01 (base ANS), município 140010, dezembro de 2024, categoria Total",1.0,2026-10-09T14:34:23Z,f111efb2ef09c5407f9e680ac61dfa3311c4b47c6651b66f7dca83fcc41a17da,,,,,,,nao,
sau.ctx.cobertura_planos,"Cobertura de planos de saúde privados, em dezembro",4205407,Florianópolis,SC,exercício financeiro,2021,,34.662023,% da população,,Município da capital. Saúde suplementar (ANS). Planos de assistência médica.,OBSERVADO,sim,,,Percentual da população com plano de saúde privado em dezembro. Contexto: o SIH cobre só internações pagas pelo SUS. Não serve para estimar usuários do SUS subtraindo beneficiários da população.,nao,,ripsa_cob501_planos,"RIPSA COB.5.01 (base ANS), município 420540, dezembro de 2021, categoria Total",1.0,2026-10-09T14:34:23Z,f111efb2ef09c5407f9e680ac61dfa3311c4b47c6651b66f7dca83fcc41a17da,,,,,,,nao,
sau.ctx.cobertura_planos,"Cobertura de planos de saúde privados, em dezembro",4205407,Florianópolis,SC,exercício financeiro,2022,,36.919935,% da população,,Município da capital. Saúde suplementar (ANS). Planos de assistência médica.,OBSERVADO,sim,,,Percentual da população com plano de saúde privado em dezembro. Contexto: o SIH cobre só internações pagas pelo SUS. Não serve para estimar usuários do SUS subtraindo beneficiários da população.,nao,,ripsa_cob501_planos,"RIPSA COB.5.01 (base ANS), município 420540, dezembro de 2022, categoria Total",1.0,2026-10-09T14:34:23Z,f111efb2ef09c5407f9e680ac61dfa3311c4b47c6651b66f7dca83fcc41a17da,,,,,,,nao,
sau.ctx.cobertura_planos,"Cobertura de planos de saúde privados, em dezembro",4205407,Florianópolis,SC,exercício financeiro,2023,,35.986279,% da população,,Município da capital. Saúde suplementar (ANS). Planos de assistência médica.,OBSERVADO,sim,,,Percentual da população com plano de saúde privado em dezembro. Contexto: o SIH cobre só internações pagas pelo SUS. Não serve para estimar usuários do SUS subtraindo beneficiários da população.,nao,,ripsa_cob501_planos,"RIPSA COB.5.01 (base ANS), município 420540, dezembro de 2023, categoria Total",1.0,2026-10-09T14:34:23Z,f111efb2ef09c5407f9e680ac61dfa3311c4b47c6651b66f7dca83fcc41a17da,,,,,,,nao,
sau.ctx.cobertura_planos,"Cobertura de planos de saúde privados, em dezembro",4205407,Florianópolis,SC,exercício financeiro,2024,,35.867798,% da população,,Município da capital. Saúde suplementar (ANS). Planos de assistência médica.,OBSERVADO,sim,,,Percentual da população com plano de saúde privado em dezembro. Contexto: o SIH cobre só internações pagas pelo SUS. Não serve para estimar usuários do SUS subtraindo beneficiários da população.,nao,,ripsa_cob501_planos,"RIPSA COB.5.01 (base ANS), município 420540, dezembro de 2024, categoria Total",1.0,2026-10-09T14:34:23Z,f111efb2ef09c5407f9e680ac61dfa3311c4b47c6651b66f7dca83fcc41a17da,,,,,,,nao,
sau.ctx.cobertura_planos,"Cobertura de planos de saúde privados, em dezembro",3550308,São Paulo,SP,exercício financeiro,2021,,48.092786,% da população,,Município da capital. Saúde suplementar (ANS). Planos de assistência médica.,OBSERVADO,sim,,,Percentual da população com plano de saúde privado em dezembro. Contexto: o SIH cobre só internações pagas pelo SUS. Não serve para estimar usuários do SUS subtraindo beneficiários da população.,nao,,ripsa_cob501_planos,"RIPSA COB.5.01 (base ANS), município 355030, dezembro de 2021, categoria Total",1.0,2026-10-09T14:34:23Z,f111efb2ef09c5407f9e680ac61dfa3311c4b47c6651b66f7dca83fcc41a17da,,,,,,,nao,
sau.ctx.cobertura_planos,"Cobertura de planos de saúde privados, em dezembro",3550308,São Paulo,SP,exercício financeiro,2022,,49.190107,% da população,,Município da capital. Saúde suplementar (ANS). Planos de assistência médica.,OBSERVADO,sim,,,Percentual da população com plano de saúde privado em dezembro. Contexto: o SIH cobre só internações pagas pelo SUS. Não serve para estimar usuários do SUS subtraindo beneficiários da população.,nao,,ripsa_cob501_planos,"RIPSA COB.5.01 (base ANS), município 355030, dezembro de 2022, categoria Total",1.0,2026-10-09T14:34:23Z,f111efb2ef09c5407f9e680ac61dfa3311c4b47c6651b66f7dca83fcc41a17da,,,,,,,nao,
sau.ctx.cobertura_planos,"Cobertura de planos de saúde privados, em dezembro",3550308,São Paulo,SP,exercício financeiro,2023,,48.944266,% da população,,Município da capital. Saúde suplementar (ANS). Planos de assistência médica.,OBSERVADO,sim,,,Percentual da população com plano de saúde privado em dezembro. Contexto: o SIH cobre só internações pagas pelo SUS. Não serve para estimar usuários do SUS subtraindo beneficiários da população.,nao,,ripsa_cob501_planos,"RIPSA COB.5.01 (base ANS), município 355030, dezembro de 2023, categoria Total",1.0,2026-10-09T14:34:23Z,f111efb2ef09c5407f9e680ac61dfa3311c4b47c6651b66f7dca83fcc41a17da,,,,,,,nao,
sau.ctx.cobertura_planos,"Cobertura de planos de saúde privados, em dezembro",3550308,São Paulo,SP,exercício financeiro,2024,,48.306774,% da população,,Município da capital. Saúde suplementar (ANS). Planos de assistência médica.,OBSERVADO,sim,,,Percentual da população com plano de saúde privado em dezembro. Contexto: o SIH cobre só internações pagas pelo SUS. Não serve para estimar usuários do SUS subtraindo beneficiários da população.,nao,,ripsa_cob501_planos,"RIPSA COB.5.01 (base ANS), município 355030, dezembro de 2024, categoria Total",1.0,2026-10-09T14:34:23Z,f111efb2ef09c5407f9e680ac61dfa3311c4b47c6651b66f7dca83fcc41a17da,,,,,,,nao,
sau.ctx.cobertura_planos,"Cobertura de planos de saúde privados, em dezembro",2800308,Aracaju,SE,exercício financeiro,2021,,36.851162,% da população,,Município da capital. Saúde suplementar (ANS). Planos de assistência médica.,OBSERVADO,sim,,,Percentual da população com plano de saúde privado em dezembro. Contexto: o SIH cobre só internações pagas pelo SUS. Não serve para estimar usuários do SUS subtraindo beneficiários da população.,nao,,ripsa_cob501_planos,"RIPSA COB.5.01 (base ANS), município 280030, dezembro de 2021, categoria Total",1.0,2026-10-09T14:34:23Z,f111efb2ef09c5407f9e680ac61dfa3311c4b47c6651b66f7dca83fcc41a17da,,,,,,,nao,
sau.ctx.cobertura_planos,"Cobertura de planos de saúde privados, em dezembro",2800308,Aracaju,SE,exercício financeiro,2022,,38.364183,% da população,,Município da capital. Saúde suplementar (ANS). Planos de assistência médica.,OBSERVADO,sim,,,Percentual da população com plano de saúde privado em dezembro. Contexto: o SIH cobre só internações pagas pelo SUS. Não serve para estimar usuários do SUS subtraindo beneficiários da população.,nao,,ripsa_cob501_planos,"RIPSA COB.5.01 (base ANS), município 280030, dezembro de 2022, categoria Total",1.0,2026-10-09T14:34:23Z,f111efb2ef09c5407f9e680ac61dfa3311c4b47c6651b66f7dca83fcc41a17da,,,,,,,nao,
sau.ctx.cobertura_planos,"Cobertura de planos de saúde privados, em dezembro",2800308,Aracaju,SE,exercício financeiro,2023,,37.835198,% da população,,Município da capital. Saúde suplementar (ANS). Planos de assistência médica.,OBSERVADO,sim,,,Percentual da população com plano de saúde privado em dezembro. Contexto: o SIH cobre só internações pagas pelo SUS. Não serve para estimar usuários do SUS subtraindo beneficiários da população.,nao,,ripsa_cob501_planos,"RIPSA COB.5.01 (base ANS), município 280030, dezembro de 2023, categoria Total",1.0,2026-10-09T14:34:23Z,f111efb2ef09c5407f9e680ac61dfa3311c4b47c6651b66f7dca83fcc41a17da,,,,,,,nao,
sau.ctx.cobertura_planos,"Cobertura de planos de saúde privados, em dezembro",2800308,Aracaju,SE,exercício financeiro,2024,,38.538504,% da população,,Município da capital. Saúde suplementar (ANS). Planos de assistência médica.,OBSERVADO,sim,,,Percentual da população com plano de saúde privado em dezembro. Contexto: o SIH cobre só internações pagas pelo SUS. Não serve para estimar usuários do SUS subtraindo beneficiários da população.,nao,,ripsa_cob501_planos,"RIPSA COB.5.01 (base ANS), município 280030, dezembro de 2024, categoria Total",1.0,2026-10-09T14:34:23Z,f111efb2ef09c5407f9e680ac61dfa3311c4b47c6651b66f7dca83fcc41a17da,,,,,,,nao,
sau.ctx.cobertura_planos,"Cobertura de planos de saúde privados, em dezembro",1721000,Palmas,TO,exercício financeiro,2021,,18.377558,% da população,,Município da capital. Saúde suplementar (ANS). Planos de assistência médica.,OBSERVADO,sim,,,Percentual da população com plano de saúde privado em dezembro. Contexto: o SIH cobre só internações pagas pelo SUS. Não serve para estimar usuários do SUS subtraindo beneficiários da população.,nao,,ripsa_cob501_planos,"RIPSA COB.5.01 (base ANS), município 172100, dezembro de 2021, categoria Total",1.0,2026-10-09T14:34:23Z,f111efb2ef09c5407f9e680ac61dfa3311c4b47c6651b66f7dca83fcc41a17da,,,,,,,nao,
sau.ctx.cobertura_planos,"Cobertura de planos de saúde privados, em dezembro",1721000,Palmas,TO,exercício financeiro,2022,,18.630213,% da população,,Município da capital. Saúde suplementar (ANS). Planos de assistência médica.,OBSERVADO,sim,,,Percentual da população com plano de saúde privado em dezembro. Contexto: o SIH cobre só internações pagas pelo SUS. Não serve para estimar usuários do SUS subtraindo beneficiários da população.,nao,,ripsa_cob501_planos,"RIPSA COB.5.01 (base ANS), município 172100, dezembro de 2022, categoria Total",1.0,2026-10-09T14:34:23Z,f111efb2ef09c5407f9e680ac61dfa3311c4b47c6651b66f7dca83fcc41a17da,,,,,,,nao,
sau.ctx.cobertura_planos,"Cobertura de planos de saúde privados, em dezembro",1721000,Palmas,TO,exercício financeiro,2023,,18.499928,% da população,,Município da capital. Saúde suplementar (ANS). Planos de assistência médica.,OBSERVADO,sim,,,Percentual da população com plano de saúde privado em dezembro. Contexto: o SIH cobre só internações pagas pelo SUS. Não serve para estimar usuários do SUS subtraindo beneficiários da população.,nao,,ripsa_cob501_planos,"RIPSA COB.5.01 (base ANS), município 172100, dezembro de 2023, categoria Total",1.0,2026-10-09T14:34:23Z,f111efb2ef09c5407f9e680ac61dfa3311c4b47c6651b66f7dca83fcc41a17da,,,,,,,nao,
sau.ctx.cobertura_planos,"Cobertura de planos de saúde privados, em dezembro",1721000,Palmas,TO,exercício financeiro,2024,,17.77304,% da população,,Município da capital. Saúde suplementar (ANS). Planos de assistência médica.,OBSERVADO,sim,,,Percentual da população com plano de saúde privado em dezembro. Contexto: o SIH cobre só internações pagas pelo SUS. Não serve para estimar usuários do SUS subtraindo beneficiários da população.,nao,,ripsa_cob501_planos,"RIPSA COB.5.01 (base ANS), município 172100, dezembro de 2024, categoria Total",1.0,2026-10-09T14:34:23Z,f111efb2ef09c5407f9e680ac61dfa3311c4b47c6651b66f7dca83fcc41a17da,,,,,,,nao,
