medida,etapa,moeda,disciplina,primeiro_ano,ultimo_ano,n_min,n_max,n_painel_equilibrado,mediana_publicada_inicio,mediana_publicada_fim,variacao_publicada_pct,mediana_equilibrada_inicio,mediana_equilibrada_fim,variacao_equilibrada_pct,diferenca_pontos_pct
despesa,,nominal,,2021,2025,25,26,25,544083424.47,1008199304.795,85.3,544083424.47,1002773511.46,84.3,1.0
despesa,,real,,2021,2025,25,26,25,681608937.8,1008199304.795,47.9,681608937.8,1002773511.46,47.1,0.8
despesa_hab,,nominal,,2021,2025,25,26,25,624.575,1159.806,85.7,624.575,1147.401,83.7,2.0
despesa_hab,,real,,2021,2025,25,26,25,782.446,1159.806,48.2,782.446,1147.401,46.6,1.6
despesa_mat,,nominal,,2021,2025,23,26,22,7688.025,14253.568,85.4,7822.514,16142.722,106.4,-21.0
despesa_mat,,real,,2021,2025,23,26,22,9631.292,14253.568,48.0,9799.776,16142.722,64.7,-16.7
matriculas,total,nominal,,2021,2025,26,26,26,68803.0,68179.0,-0.9,68803.0,68179.0,-0.9,0.0
matriculas,creche,nominal,,2021,2025,26,26,26,6823.5,8304.5,21.7,6823.5,8304.5,21.7,0.0
matriculas,pre_escola,nominal,,2021,2025,26,26,26,10918.0,11425.5,4.6,10918.0,11425.5,4.6,0.0
matriculas,anos_iniciais,nominal,,2021,2025,26,26,26,30667.5,34844.0,13.6,30667.5,34844.0,13.6,0.0
matriculas,anos_finais,nominal,,2021,2025,26,26,26,14688.5,13558.5,-7.7,14688.5,13558.5,-7.7,0.0
matriculas,eja,nominal,,2021,2025,26,26,26,3840.5,2508.0,-34.7,3840.5,2508.0,-34.7,0.0
conveniadas,total,nominal,,2021,2025,26,26,26,1157.0,2495.0,115.6,1157.0,2495.0,115.6,0.0
conveniadas,creche,nominal,,2021,2025,26,26,26,427.5,1000.5,134.0,427.5,1000.5,134.0,0.0
conveniadas,pre_escola,nominal,,2021,2025,26,26,26,276.0,571.0,106.9,276.0,571.0,106.9,0.0
conveniadas,anos_iniciais,nominal,,2021,2025,26,26,26,38.0,33.5,-11.8,38.0,33.5,-11.8,0.0
atu,creche,nominal,,2021,2025,26,26,26,18.25,18.4,0.8,18.25,18.4,0.8,0.0
atu,pre_escola,nominal,,2021,2025,26,26,26,20.65,20.3,-1.7,20.65,20.3,-1.7,0.0
atu,anos_iniciais,nominal,,2021,2025,26,26,26,25.2,25.0,-0.8,25.2,25.0,-0.8,0.0
atu,anos_finais,nominal,,2021,2025,23,24,23,31.4,30.0,-4.5,31.4,30.8,-1.9,-2.5
aprovacao,anos_iniciais,nominal,,2021,2025,26,26,26,98.55,99.05,0.5,98.55,99.05,0.5,0.0
aprovacao,anos_finais,nominal,,2021,2025,23,24,23,97.6,97.65,0.1,97.6,97.6,0.0,0.1
ideb,anos_iniciais,nominal,,2005,2025,25,26,24,3.65,6.05,65.8,3.65,6.1,67.1,-1.4
ideb,anos_finais,nominal,,2005,2025,22,26,20,3.15,4.9,55.6,3.15,5.05,60.3,-4.8
saeb,anos_iniciais,nominal,matematica,2005,2025,25,26,24,172.2,219.35,27.4,171.3,223.08,30.2,-2.8
saeb,anos_iniciais,nominal,portugues,2005,2025,25,26,24,165.8,211.595,27.6,165.6,212.79,28.5,-0.9
saeb,anos_finais,nominal,matematica,2005,2025,22,26,20,236.7,248.07,4.8,238.15,252.255,5.9,-1.1
saeb,anos_finais,nominal,portugues,2005,2025,22,26,20,223.45,252.42,13.0,223.45,257.525,15.2,-2.3
