conferencia,capital,ano,fonte_oficial_consulta_ao_vivo,gold,diferenca,resultado
DCA função 12 liquidada,Aracaju,2021,232207750.6,232207750.6,0.0,ok
DCA função 12 liquidada,Aracaju,2022,345521690.25,345521690.25,0.0,ok
DCA função 12 liquidada,Aracaju,2023,462463887.43,462463887.43,0.0,ok
DCA função 12 liquidada,Aracaju,2024,543493946.5,543493946.5,0.0,ok
DCA função 12 liquidada,Aracaju,2025,566422643.48,566422643.48,0.0,ok
DCA função 12 liquidada,Belém,2021,519663433.55,519663433.55,0.0,ok
DCA função 12 liquidada,Belém,2022,664950568.07,664950568.07,0.0,ok
DCA função 12 liquidada,Belém,2023,748602740.26,748602740.26,0.0,ok
DCA função 12 liquidada,Belém,2024,862847902.51,862847902.51,0.0,ok
DCA função 12 liquidada,Belém,2025,980844819.25,980844819.25,0.0,ok
DCA função 12 liquidada,Belo Horizonte,2021,1789994434.78,1789994434.78,0.0,ok
DCA função 12 liquidada,Belo Horizonte,2022,2239871804.23,2239871804.23,0.0,ok
DCA função 12 liquidada,Belo Horizonte,2023,2714848623.07,2714848623.07,0.0,ok
DCA função 12 liquidada,Belo Horizonte,2024,3243053501.84,3243053501.84,0.0,ok
DCA função 12 liquidada,Belo Horizonte,2025,3592502237.44,3592502237.44,0.0,ok
DCA função 12 liquidada,Boa Vista,2021,410491568.91,410491568.91,0.0,ok
DCA função 12 liquidada,Boa Vista,2022,524475864.72,524475864.72,0.0,ok
DCA função 12 liquidada,Boa Vista,2023,525197652.64,525197652.64,0.0,ok
DCA função 12 liquidada,Boa Vista,2024,658077936.34,658077936.34,0.0,ok
DCA função 12 liquidada,Boa Vista,2025,731974680.77,731974680.77,0.0,ok
DCA função 12 liquidada,Campo Grande,2021,1030887330.5,1030887330.5,0.0,ok
DCA função 12 liquidada,Campo Grande,2022,981845151.05,981845151.05,0.0,ok
DCA função 12 liquidada,Campo Grande,2023,1020150419.47,1020150419.47,0.0,ok
DCA função 12 liquidada,Campo Grande,2024,1434005863.38,1434005863.38,0.0,ok
DCA função 12 liquidada,Campo Grande,2025,1626463459.42,1626463459.42,0.0,ok
DCA função 12 liquidada,Cuiabá,2021,443780118.89,443780118.89,0.0,ok
DCA função 12 liquidada,Cuiabá,2022,687629550.45,687629550.45,0.0,ok
DCA função 12 liquidada,Cuiabá,2023,734810186.95,734810186.95,0.0,ok
DCA função 12 liquidada,Cuiabá,2024,756935589.53,756935589.53,0.0,ok
DCA função 12 liquidada,Cuiabá,2025,1013625098.13,1013625098.13,0.0,ok
DCA função 12 liquidada,Curitiba,2021,1169863324.18,1169863324.18,0.0,ok
DCA função 12 liquidada,Curitiba,2022,1637418152.94,1637418152.94,0.0,ok
DCA função 12 liquidada,Curitiba,2023,1681717841.98,1681717841.98,0.0,ok
DCA função 12 liquidada,Curitiba,2024,2064354059.12,2064354059.12,0.0,ok
DCA função 12 liquidada,Curitiba,2025,2172758525.83,2172758525.83,0.0,ok
DCA função 12 liquidada,Florianópolis,2021,546483659.32,546483659.32,0.0,ok
DCA função 12 liquidada,Florianópolis,2022,683151283.72,683151283.72,0.0,ok
DCA função 12 liquidada,Florianópolis,2023,834528666.69,834528666.69,0.0,ok
DCA função 12 liquidada,Florianópolis,2024,849881128.23,849881128.23,0.0,ok
DCA função 12 liquidada,Florianópolis,2025,858963719.14,858963719.14,0.0,ok
DCA função 12 liquidada,Fortaleza,2021,1771146425.03,1771146425.03,0.0,ok
DCA função 12 liquidada,Fortaleza,2022,2285947921.06,2285947921.06,0.0,ok
DCA função 12 liquidada,Fortaleza,2023,2600768542.07,2600768542.07,0.0,ok
DCA função 12 liquidada,Fortaleza,2024,2890081152.04,2890081152.04,0.0,ok
DCA função 12 liquidada,Fortaleza,2025,3064259154.43,3064259154.43,0.0,ok
DCA função 12 liquidada,Goiânia,2021,1146634214.95,1146634214.95,0.0,ok
DCA função 12 liquidada,Goiânia,2022,1448718358.8,1448718358.8,0.0,ok
DCA função 12 liquidada,Goiânia,2023,1586223760.58,1586223760.58,0.0,ok
DCA função 12 liquidada,Goiânia,2024,1800683692,1800683692.0,0.0,ok
DCA função 12 liquidada,Goiânia,2025,1903975496.37,1903975496.37,0.0,ok
DCA função 12 liquidada,João Pessoa,2021,395251157.23,395251157.23,0.0,ok
DCA função 12 liquidada,João Pessoa,2022,558780976.51,558780976.51,0.0,ok
DCA função 12 liquidada,João Pessoa,2023,678990570.85,678990570.85,0.0,ok
DCA função 12 liquidada,João Pessoa,2024,793656328.52,793656328.52,0.0,ok
DCA função 12 liquidada,João Pessoa,2025,886110574.26,886110574.26,0.0,ok
DCA função 12 liquidada,Macapá,2021,246697463.63,246697463.63,0.0,ok
DCA função 12 liquidada,Macapá,2022,377168373.65,377168373.65,0.0,ok
DCA função 12 liquidada,Macapá,2023,406558568.27,406558568.27,0.0,ok
DCA função 12 liquidada,Macapá,2024,468206157.49,468206157.49,0.0,ok
DCA função 12 liquidada,Macapá,2025,494077144.73,494077144.73,0.0,ok
DCA função 12 liquidada,Maceió,2021,386710842.07,386710842.07,0.0,ok
DCA função 12 liquidada,Maceió,2022,728303509.02,728303509.02,0.0,ok
DCA função 12 liquidada,Maceió,2023,620841878.14,620841878.14,0.0,ok
DCA função 12 liquidada,Maceió,2024,706469728.81,706469728.81,0.0,ok
DCA função 12 liquidada,Maceió,2025,775950701.15,775950701.15,0.0,ok
DCA função 12 liquidada,Manaus,2021,1559827364.32,1559827364.32,0.0,ok
DCA função 12 liquidada,Manaus,2022,1946164557.45,1946164557.45,0.0,ok
DCA função 12 liquidada,Manaus,2023,2152038240.65,2152038240.65,0.0,ok
DCA função 12 liquidada,Manaus,2024,2697208912.32,2697208912.32,0.0,ok
DCA função 12 liquidada,Manaus,2025,2854797327.2,2854797327.2,0.0,ok
DCA função 12 liquidada,Natal,2021,407354585.81,407354585.81,0.0,ok
DCA função 12 liquidada,Natal,2022,475019173.72,475019173.72,0.0,ok
DCA função 12 liquidada,Natal,2023,536291384.67,536291384.67,0.0,ok
DCA função 12 liquidada,Natal,2024,641000293.12,641000293.12,0.0,ok
DCA função 12 liquidada,Natal,2025,654608833.36,654608833.36,0.0,ok
DCA função 12 liquidada,Palmas,2021,368392851.11,368392851.11,0.0,ok
DCA função 12 liquidada,Palmas,2022,490694498.55,490694498.55,0.0,ok
DCA função 12 liquidada,Palmas,2023,539202711.54,539202711.54,0.0,ok
DCA função 12 liquidada,Palmas,2024,611175059.22,611175059.22,0.0,ok
DCA função 12 liquidada,Palmas,2025,644229369.37,644229369.37,0.0,ok
DCA função 12 liquidada,Porto Alegre,2021,672518226.54,672518226.54,0.0,ok
DCA função 12 liquidada,Porto Alegre,2022,938494745.75,938494745.75,0.0,ok
DCA função 12 liquidada,Porto Alegre,2023,893868610.79,893868610.79,0.0,ok
DCA função 12 liquidada,Porto Alegre,2024,1018340152.47,1018340152.47,0.0,ok
DCA função 12 liquidada,Porto Alegre,2025,1229544915.38,1229544915.38,0.0,ok
DCA função 12 liquidada,Porto Velho,2021,357755812.37,357755812.37,0.0,ok
DCA função 12 liquidada,Porto Velho,2022,437508506.62,437508506.62,0.0,ok
DCA função 12 liquidada,Porto Velho,2023,485194834.11,485194834.11,0.0,ok
DCA função 12 liquidada,Porto Velho,2024,567436045.56,567436045.56,0.0,ok
DCA função 12 liquidada,Porto Velho,2025,594019947.68,594019947.68,0.0,ok
DCA função 12 liquidada,Recife,2021,891743734.78,891743734.78,0.0,ok
DCA função 12 liquidada,Recife,2022,1193304452.67,1193304452.67,0.0,ok
DCA função 12 liquidada,Recife,2023,1481916260.53,1481916260.53,0.0,ok
DCA função 12 liquidada,Recife,2024,1756409214.12,1756409214.12,0.0,ok
DCA função 12 liquidada,Recife,2025,1861910249.26,1861910249.26,0.0,ok
DCA função 12 liquidada,Rio Branco,2021,178136523.27,178136523.27,0.0,ok
DCA função 12 liquidada,Rio Branco,2022,221044914.48,221044914.48,0.0,ok
DCA função 12 liquidada,Rio Branco,2023,308862090.39,308862090.39,0.0,ok
DCA função 12 liquidada,Rio Branco,2024,338125234.01,338125234.01,0.0,ok
DCA função 12 liquidada,Rio Branco,2025,354158021.6,354158021.6,0.0,ok
DCA função 12 liquidada,Rio de Janeiro,2021,5193699899.18,5193699899.18,0.0,ok
DCA função 12 liquidada,Rio de Janeiro,2022,5751009962.36,5751009962.36,0.0,ok
DCA função 12 liquidada,Rio de Janeiro,2023,6424124922.31,6424124922.31,0.0,ok
DCA função 12 liquidada,Rio de Janeiro,2024,6956623263.77,6956623263.77,0.0,ok
DCA função 12 liquidada,Rio de Janeiro,2025,7164394219.78,7164394219.78,0.0,ok
DCA função 12 liquidada,Salvador,2021,1372767717.07,1372767717.07,0.0,ok
DCA função 12 liquidada,Salvador,2022,1730928855.29,1730928855.29,0.0,ok
DCA função 12 liquidada,Salvador,2023,2124230349.97,2124230349.97,0.0,ok
DCA função 12 liquidada,Salvador,2024,2514744295.8,2514744295.8,0.0,ok
DCA função 12 liquidada,Salvador,2025,2438587342.31,2438587342.31,0.0,ok
DCA função 12 liquidada,São Luís,2021,615396136.59,615396136.59,0.0,ok
DCA função 12 liquidada,São Luís,2022,665348819.94,665348819.94,0.0,ok
DCA função 12 liquidada,São Luís,2023,900563480.99,900563480.99,0.0,ok
DCA função 12 liquidada,São Luís,2024,1037380568.66,1037380568.66,0.0,ok
DCA função 12 liquidada,São Luís,2025,1162822134.63,1162822134.63,0.0,ok
DCA função 12 liquidada,São Paulo,2021,13730649173.95,13730649173.95,0.0,ok
DCA função 12 liquidada,São Paulo,2022,16125803253.28,16125803253.28,0.0,ok
DCA função 12 liquidada,São Paulo,2023,19185940956.86,19185940956.86,0.0,ok
DCA função 12 liquidada,São Paulo,2024,22334221416.7,22334221416.7,0.0,ok
DCA função 12 liquidada,São Paulo,2025,23584096338.05,23584096338.05,0.0,ok
DCA função 12 liquidada,Teresina,2021,544083424.47,544083424.47,0.0,ok
DCA função 12 liquidada,Teresina,2022,693298437.42,693298437.42,0.0,ok
DCA função 12 liquidada,Teresina,2023,892101617.2,892101617.2,0.0,ok
DCA função 12 liquidada,Teresina,2024,923027903.43,923027903.43,0.0,ok
DCA função 12 liquidada,Teresina,2025,1002773511.46,1002773511.46,0.0,ok
DCA função 12 liquidada,Vitória,2021,409221775.02,409221775.02,0.0,ok
DCA função 12 liquidada,Vitória,2022,555788808.76,555788808.76,0.0,ok
DCA função 12 liquidada,Vitória,2023,644732537.6,644732537.6,0.0,ok
DCA função 12 liquidada,Vitória,2024,752860573.31,752860573.31,0.0,ok
DCA função 12 liquidada,Vitória,2025,810892059.61,810892059.61,0.0,ok
População SIDRA (6579 estimativa),Aracaju,2021,672614,672614,0.0,ok
População SIDRA (6579 estimativa),Belém,2021,1506420,1506420,0.0,ok
População SIDRA (6579 estimativa),Belo Horizonte,2021,2530701,2530701,0.0,ok
População SIDRA (6579 estimativa),Boa Vista,2021,436591,436591,0.0,ok
População SIDRA (6579 estimativa),Campo Grande,2021,916001,916001,0.0,ok
População SIDRA (6579 estimativa),Cuiabá,2021,623614,623614,0.0,ok
População SIDRA (6579 estimativa),Curitiba,2021,1963726,1963726,0.0,ok
População SIDRA (6579 estimativa),Florianópolis,2021,516524,516524,0.0,ok
População SIDRA (6579 estimativa),Fortaleza,2021,2703391,2703391,0.0,ok
População SIDRA (6579 estimativa),Goiânia,2021,1555626,1555626,0.0,ok
População SIDRA (6579 estimativa),João Pessoa,2021,825796,825796,0.0,ok
População SIDRA (6579 estimativa),Macapá,2021,522357,522357,0.0,ok
População SIDRA (6579 estimativa),Maceió,2021,1031597,1031597,0.0,ok
População SIDRA (6579 estimativa),Manaus,2021,2255903,2255903,0.0,ok
População SIDRA (6579 estimativa),Natal,2021,896708,896708,0.0,ok
População SIDRA (6579 estimativa),Palmas,2021,313349,313349,0.0,ok
População SIDRA (6579 estimativa),Porto Alegre,2021,1492530,1492530,0.0,ok
População SIDRA (6579 estimativa),Porto Velho,2021,548952,548952,0.0,ok
População SIDRA (6579 estimativa),Recife,2021,1661017,1661017,0.0,ok
População SIDRA (6579 estimativa),Rio Branco,2021,419452,419452,0.0,ok
População SIDRA (6579 estimativa),Rio de Janeiro,2021,6775561,6775561,0.0,ok
População SIDRA (6579 estimativa),Salvador,2021,2900319,2900319,0.0,ok
População SIDRA (6579 estimativa),São Luís,2021,1115932,1115932,0.0,ok
População SIDRA (6579 estimativa),São Paulo,2021,12396372,12396372,0.0,ok
População SIDRA (6579 estimativa),Teresina,2021,871126,871126,0.0,ok
População SIDRA (6579 estimativa),Vitória,2021,369534,369534,0.0,ok
População SIDRA (6579 estimativa),Aracaju,2024,628849,628849,0.0,ok
População SIDRA (6579 estimativa),Belém,2024,1398531,1398531,0.0,ok
População SIDRA (6579 estimativa),Belo Horizonte,2024,2416339,2416339,0.0,ok
População SIDRA (6579 estimativa),Boa Vista,2024,470169,470169,0.0,ok
População SIDRA (6579 estimativa),Campo Grande,2024,954537,954537,0.0,ok
População SIDRA (6579 estimativa),Cuiabá,2024,682932,682932,0.0,ok
População SIDRA (6579 estimativa),Curitiba,2024,1829225,1829225,0.0,ok
População SIDRA (6579 estimativa),Florianópolis,2024,576361,576361,0.0,ok
População SIDRA (6579 estimativa),Fortaleza,2024,2574412,2574412,0.0,ok
População SIDRA (6579 estimativa),Goiânia,2024,1494599,1494599,0.0,ok
População SIDRA (6579 estimativa),João Pessoa,2024,888679,888679,0.0,ok
População SIDRA (6579 estimativa),Macapá,2024,487200,487200,0.0,ok
População SIDRA (6579 estimativa),Maceió,2024,994464,994464,0.0,ok
População SIDRA (6579 estimativa),Manaus,2024,2279686,2279686,0.0,ok
População SIDRA (6579 estimativa),Natal,2024,785368,785368,0.0,ok
População SIDRA (6579 estimativa),Palmas,2024,323625,323625,0.0,ok
População SIDRA (6579 estimativa),Porto Alegre,2024,1389322,1389322,0.0,ok
População SIDRA (6579 estimativa),Porto Velho,2024,514873,514873,0.0,ok
População SIDRA (6579 estimativa),Recife,2024,1587707,1587707,0.0,ok
População SIDRA (6579 estimativa),Rio Branco,2024,387852,387852,0.0,ok
População SIDRA (6579 estimativa),Rio de Janeiro,2024,6729894,6729894,0.0,ok
População SIDRA (6579 estimativa),Salvador,2024,2568928,2568928,0.0,ok
População SIDRA (6579 estimativa),São Luís,2024,1088057,1088057,0.0,ok
População SIDRA (6579 estimativa),São Paulo,2024,11895578,11895578,0.0,ok
População SIDRA (6579 estimativa),Teresina,2024,902644,902644,0.0,ok
População SIDRA (6579 estimativa),Vitória,2024,342800,342800,0.0,ok
População SIDRA (6579 estimativa),Aracaju,2025,621408,621408,0.0,ok
População SIDRA (6579 estimativa),Belém,2025,1397315,1397315,0.0,ok
População SIDRA (6579 estimativa),Belo Horizonte,2025,2415872,2415872,0.0,ok
População SIDRA (6579 estimativa),Boa Vista,2025,485477,485477,0.0,ok
População SIDRA (6579 estimativa),Campo Grande,2025,962883,962883,0.0,ok
População SIDRA (6579 estimativa),Cuiabá,2025,691875,691875,0.0,ok
População SIDRA (6579 estimativa),Curitiba,2025,1830795,1830795,0.0,ok
População SIDRA (6579 estimativa),Florianópolis,2025,587486,587486,0.0,ok
População SIDRA (6579 estimativa),Fortaleza,2025,2578483,2578483,0.0,ok
População SIDRA (6579 estimativa),Goiânia,2025,1503256,1503256,0.0,ok
População SIDRA (6579 estimativa),João Pessoa,2025,897633,897633,0.0,ok
População SIDRA (6579 estimativa),Macapá,2025,489676,489676,0.0,ok
População SIDRA (6579 estimativa),Maceió,2025,994952,994952,0.0,ok
População SIDRA (6579 estimativa),Manaus,2025,2303732,2303732,0.0,ok
População SIDRA (6579 estimativa),Natal,2025,784249,784249,0.0,ok
População SIDRA (6579 estimativa),Palmas,2025,328499,328499,0.0,ok
População SIDRA (6579 estimativa),Porto Alegre,2025,1388794,1388794,0.0,ok
População SIDRA (6579 estimativa),Porto Velho,2025,517709,517709,0.0,ok
População SIDRA (6579 estimativa),Recife,2025,1588376,1588376,0.0,ok
População SIDRA (6579 estimativa),Rio Branco,2025,389001,389001,0.0,ok
População SIDRA (6579 estimativa),Rio de Janeiro,2025,6730729,6730729,0.0,ok
População SIDRA (6579 estimativa),Salvador,2025,2564204,2564204,0.0,ok
População SIDRA (6579 estimativa),São Luís,2025,1089215,1089215,0.0,ok
População SIDRA (6579 estimativa),São Paulo,2025,11904961,11904961,0.0,ok
População SIDRA (6579 estimativa),Teresina,2025,905692,905692,0.0,ok
População SIDRA (6579 estimativa),Vitória,2025,343378,343378,0.0,ok
População SIDRA (4714 Censo),Aracaju,2022,602757,602757,0.0,ok
População SIDRA (4714 Censo),Belém,2022,1303403,1303403,0.0,ok
População SIDRA (4714 Censo),Belo Horizonte,2022,2315560,2315560,0.0,ok
População SIDRA (4714 Censo),Boa Vista,2022,413486,413486,0.0,ok
População SIDRA (4714 Censo),Campo Grande,2022,898100,898100,0.0,ok
População SIDRA (4714 Censo),Cuiabá,2022,650877,650877,0.0,ok
População SIDRA (4714 Censo),Curitiba,2022,1773718,1773718,0.0,ok
População SIDRA (4714 Censo),Florianópolis,2022,537211,537211,0.0,ok
População SIDRA (4714 Censo),Fortaleza,2022,2428708,2428708,0.0,ok
População SIDRA (4714 Censo),Goiânia,2022,1437366,1437366,0.0,ok
População SIDRA (4714 Censo),João Pessoa,2022,833932,833932,0.0,ok
População SIDRA (4714 Censo),Macapá,2022,442933,442933,0.0,ok
População SIDRA (4714 Censo),Maceió,2022,957916,957916,0.0,ok
População SIDRA (4714 Censo),Manaus,2022,2063689,2063689,0.0,ok
População SIDRA (4714 Censo),Natal,2022,751300,751300,0.0,ok
População SIDRA (4714 Censo),Palmas,2022,302692,302692,0.0,ok
População SIDRA (4714 Censo),Porto Alegre,2022,1332845,1332845,0.0,ok
População SIDRA (4714 Censo),Porto Velho,2022,460434,460434,0.0,ok
População SIDRA (4714 Censo),Recife,2022,1488920,1488920,0.0,ok
População SIDRA (4714 Censo),Rio Branco,2022,364756,364756,0.0,ok
População SIDRA (4714 Censo),Rio de Janeiro,2022,6211223,6211223,0.0,ok
População SIDRA (4714 Censo),Salvador,2022,2417678,2417678,0.0,ok
População SIDRA (4714 Censo),São Luís,2022,1037775,1037775,0.0,ok
População SIDRA (4714 Censo),São Paulo,2022,11451999,11451999,0.0,ok
População SIDRA (4714 Censo),Teresina,2022,866300,866300,0.0,ok
População SIDRA (4714 Censo),Vitória,2022,322869,322869,0.0,ok
