tipo;id;lat;lon;recorte;subrecorte;passo_grau;peso;populacao_recorte
precipitacao;pr_-028.250_-0051.250;-28.25;-51.25;JACUI;ANTAS;0.5;0.2202226845513464;
precipitacao;pr_-028.750_-0050.250;-28.75;-50.25;JACUI;ANTAS;0.5;0.21918168892687692;
precipitacao;pr_-028.750_-0050.750;-28.75;-50.75;JACUI;ANTAS;0.5;0.21918168892687692;
precipitacao;pr_-028.750_-0051.250;-28.75;-51.25;JACUI;ANTAS;0.5;0.21918168892687692;
precipitacao;pr_-029.250_-0050.250;-29.25;-50.25;JACUI;ANTAS;0.5;0.2181240017681993;
precipitacao;pr_+000.750_-0051.750;0.75;-51.75;ARAGUARI;ARAGUARI;0.5;0.24997858189350175;
precipitacao;pr_+000.750_-0052.250;0.75;-52.25;ARAGUARI;ARAGUARI;0.5;0.24997858189350175;
precipitacao;pr_+001.250_-0051.750;1.25;-51.75;ARAGUARI;ARAGUARI;0.5;0.24994050676997728;
precipitacao;pr_+001.250_-0052.250;1.25;-52.25;ARAGUARI;ARAGUARI;0.5;0.24994050676997728;
precipitacao;pr_+001.250_-0052.750;1.25;-52.75;ARAGUARI;ARAGUARI;0.5;0.24994050676997728;
precipitacao;pr_+001.750_-0051.750;1.75;-51.75;ARAGUARI;ARAGUARI;0.5;0.24988339770917822;
precipitacao;pr_+001.750_-0052.250;1.75;-52.25;ARAGUARI;ARAGUARI;0.5;0.24988339770917822;
precipitacao;pr_+001.750_-0052.750;1.75;-52.75;ARAGUARI;ARAGUARI;0.5;0.24988339770917822;
precipitacao;pr_-025.125_-0048.875;-25.125;-48.875;CAPIVARI;CAPIVARI;0.25;0.0565864763061222;
precipitacao;pr_-017.375_-0053.875;-17.375;-53.875;PARAGUAI;CORRENTES;0.25;0.05964816992723489;
precipitacao;pr_-017.375_-0054.125;-17.375;-54.125;PARAGUAI;CORRENTES;0.25;0.05964816992723489;
precipitacao;pr_-017.375_-0054.375;-17.375;-54.375;PARAGUAI;CORRENTES;0.25;0.05964816992723489;
precipitacao;pr_-017.625_-0053.875;-17.625;-53.875;PARAGUAI;CORRENTES;0.25;0.05956616520664356;
precipitacao;pr_-017.625_-0054.125;-17.625;-54.125;PARAGUAI;CORRENTES;0.25;0.05956616520664356;
precipitacao;pr_-017.625_-0054.375;-17.625;-54.375;PARAGUAI;CORRENTES;0.25;0.05956616520664356;
precipitacao;pr_-002.750_-0054.750;-2.75;-54.75;AMAZONAS;CURUA-UNA;0.5;0.24971209662123767;
precipitacao;pr_-003.250_-0054.250;-3.25;-54.25;AMAZONAS;CURUA-UNA;0.5;0.2495979176393372;
precipitacao;pr_-003.250_-0054.750;-3.25;-54.75;AMAZONAS;CURUA-UNA;0.5;0.2495979176393372;
precipitacao;pr_-003.750_-0054.250;-3.75;-54.25;AMAZONAS;CURUA-UNA;0.5;0.24946473080965087;
precipitacao;pr_-003.750_-0054.750;-3.75;-54.75;AMAZONAS;CURUA-UNA;0.5;0.24946473080965087;
precipitacao;pr_-004.250_-0054.250;-4.25;-54.25;AMAZONAS;CURUA-UNA;0.5;0.24931254627487143;
precipitacao;pr_-004.250_-0054.750;-4.25;-54.75;AMAZONAS;CURUA-UNA;0.5;0.24931254627487143;
precipitacao;pr_-018.500_-0042.500;-18.5;-42.5;DOCE;DOCE;1.0;0.9483236552061993;
precipitacao;pr_-019.500_-0040.500;-19.5;-40.5;DOCE;DOCE;1.0;0.9426414910921784;
precipitacao;pr_-019.500_-0041.500;-19.5;-41.5;DOCE;DOCE;1.0;0.9426414910921784;
precipitacao;pr_-019.500_-0042.500;-19.5;-42.5;DOCE;DOCE;1.0;0.9426414910921784;
precipitacao;pr_-019.500_-0043.500;-19.5;-43.5;DOCE;DOCE;1.0;0.9426414910921784;
precipitacao;pr_-020.500_-0042.500;-20.5;-42.5;DOCE;DOCE;1.0;0.9366721892483976;
precipitacao;pr_-020.500_-0043.500;-20.5;-43.5;DOCE;DOCE;1.0;0.9366721892483976;
precipitacao;pr_-019.500_-0049.500;-19.5;-49.5;GRANDE;GRANDE;1.0;0.9426414910921784;
precipitacao;pr_-020.500_-0045.500;-20.5;-45.5;GRANDE;GRANDE;1.0;0.9366721892483976;
precipitacao;pr_-020.500_-0046.500;-20.5;-46.5;GRANDE;GRANDE;1.0;0.9366721892483976;
precipitacao;pr_-020.500_-0047.500;-20.5;-47.5;GRANDE;GRANDE;1.0;0.9366721892483976;
precipitacao;pr_-020.500_-0048.500;-20.5;-48.5;GRANDE;GRANDE;1.0;0.9366721892483976;
precipitacao;pr_-020.500_-0049.500;-20.5;-49.5;GRANDE;GRANDE;1.0;0.9366721892483976;
precipitacao;pr_-021.500_-0044.500;-21.5;-44.5;GRANDE;GRANDE;1.0;0.9304175679820246;
precipitacao;pr_-021.500_-0045.500;-21.5;-45.5;GRANDE;GRANDE;1.0;0.9304175679820246;
precipitacao;pr_-021.500_-0046.500;-21.5;-46.5;GRANDE;GRANDE;1.0;0.9304175679820246;
precipitacao;pr_-021.500_-0047.500;-21.5;-47.5;GRANDE;GRANDE;1.0;0.9304175679820246;
precipitacao;pr_-022.500_-0045.500;-22.5;-45.5;GRANDE;GRANDE;1.0;0.9238795325112867;
precipitacao;pr_-022.500_-0046.500;-22.5;-46.5;GRANDE;GRANDE;1.0;0.9238795325112867;
precipitacao;pr_-025.500_-0049.500;-25.5;-49.5;IGUACU;IGUACU;1.0;0.9025852843498606;
precipitacao;pr_-025.500_-0051.500;-25.5;-51.5;IGUACU;IGUACU;1.0;0.9025852843498606;
precipitacao;pr_-025.500_-0052.500;-25.5;-52.5;IGUACU;IGUACU;1.0;0.9025852843498606;
precipitacao;pr_-025.500_-0053.500;-25.5;-53.5;IGUACU;IGUACU;1.0;0.9025852843498606;
precipitacao;pr_-025.500_-0054.500;-25.5;-54.5;IGUACU;IGUACU;1.0;0.9025852843498606;
precipitacao;pr_-026.500_-0049.500;-26.5;-49.5;IGUACU;IGUACU;1.0;0.8949343616020251;
precipitacao;pr_-026.500_-0050.500;-26.5;-50.5;IGUACU;IGUACU;1.0;0.8949343616020251;
precipitacao;pr_-026.500_-0051.500;-26.5;-51.5;IGUACU;IGUACU;1.0;0.8949343616020251;
precipitacao;pr_-020.625_-0041.875;-20.625;-41.875;ITABAPOANA;ITABAPOANA;0.25;0.05849412042233286;
precipitacao;pr_-020.875_-0041.625;-20.875;-41.625;ITABAPOANA;ITABAPOANA;0.25;0.05839750260642472;
precipitacao;pr_-020.875_-0041.875;-20.875;-41.875;ITABAPOANA;ITABAPOANA;0.25;0.05839750260642472;
precipitacao;pr_-021.125_-0041.125;-21.125;-41.125;ITABAPOANA;ITABAPOANA;0.25;0.05829977298624514;
precipitacao;pr_-021.125_-0041.375;-21.125;-41.375;ITABAPOANA;ITABAPOANA;0.25;0.05829977298624514;
precipitacao;pr_-021.125_-0041.625;-21.125;-41.625;ITABAPOANA;ITABAPOANA;0.25;0.05829977298624514;
precipitacao;pr_-026.875_-0050.125;-26.875;-50.125;ITAJAI;ITAJAI-ACU;0.25;0.05574967853683214;
precipitacao;pr_-027.125_-0049.625;-27.125;-49.625;ITAJAI;ITAJAI-ACU;0.25;0.0556258719320256;
precipitacao;pr_-027.125_-0049.875;-27.125;-49.875;ITAJAI;ITAJAI-ACU;0.25;0.0556258719320256;
precipitacao;pr_-027.125_-0050.125;-27.125;-50.125;ITAJAI;ITAJAI-ACU;0.25;0.0556258719320256;
precipitacao;pr_-027.375_-0049.625;-27.375;-49.625;ITAJAI;ITAJAI-ACU;0.25;0.05550100629080046;
precipitacao;pr_-027.375_-0049.875;-27.375;-49.875;ITAJAI;ITAJAI-ACU;0.25;0.05550100629080046;
precipitacao;pr_-027.625_-0049.375;-27.625;-49.375;ITAJAI;ITAJAI-ACU;0.25;0.05537508399041851;
precipitacao;pr_-016.875_-0053.625;-16.875;-53.625;PARAGUAI;ITIQUIRA;0.25;0.05980877098326305;
precipitacao;pr_-016.875_-0053.875;-16.875;-53.875;PARAGUAI;ITIQUIRA;0.25;0.05980877098326305;
precipitacao;pr_-017.125_-0053.625;-17.125;-53.625;PARAGUAI;ITIQUIRA;0.25;0.05972903903265178;
precipitacao;pr_-017.125_-0053.875;-17.125;-53.875;PARAGUAI;ITIQUIRA;0.25;0.05972903903265178;
precipitacao;pr_-017.125_-0054.125;-17.125;-54.125;PARAGUAI;ITIQUIRA;0.25;0.05972903903265178;
precipitacao;pr_-028.375_-0052.375;-28.375;-52.375;JACUI;JACUI;0.25;0.054991001208434837;
precipitacao;pr_-028.375_-0052.625;-28.375;-52.625;JACUI;JACUI;0.25;0.054991001208434837;
precipitacao;pr_-028.375_-0052.875;-28.375;-52.875;JACUI;JACUI;0.25;0.054991001208434837;
precipitacao;pr_-028.375_-0053.125;-28.375;-53.125;JACUI;JACUI;0.25;0.054991001208434837;
precipitacao;pr_-028.625_-0052.375;-28.625;-52.375;JACUI;JACUI;0.25;0.0548608764457023;
precipitacao;pr_-028.625_-0052.625;-28.625;-52.625;JACUI;JACUI;0.25;0.0548608764457023;
precipitacao;pr_-028.625_-0052.875;-28.625;-52.875;JACUI;JACUI;0.25;0.0548608764457023;
precipitacao;pr_-028.625_-0053.125;-28.625;-53.125;JACUI;JACUI;0.25;0.0548608764457023;
precipitacao;pr_-028.625_-0053.375;-28.625;-53.375;JACUI;JACUI;0.25;0.0548608764457023;
precipitacao;pr_-028.875_-0052.625;-28.875;-52.625;JACUI;JACUI;0.25;0.054729707210962486;
precipitacao;pr_-028.875_-0052.875;-28.875;-52.875;JACUI;JACUI;0.25;0.054729707210962486;
precipitacao;pr_-028.875_-0053.125;-28.875;-53.125;JACUI;JACUI;0.25;0.054729707210962486;
precipitacao;pr_-028.875_-0053.375;-28.875;-53.375;JACUI;JACUI;0.25;0.054729707210962486;
precipitacao;pr_-028.875_-0053.625;-28.875;-53.625;JACUI;JACUI;0.25;0.054729707210962486;
precipitacao;pr_-029.125_-0052.875;-29.125;-52.875;JACUI;JACUI;0.25;0.05459749600148855;
precipitacao;pr_-029.125_-0053.125;-29.125;-53.125;JACUI;JACUI;0.25;0.05459749600148855;
precipitacao;pr_-029.125_-0053.375;-29.125;-53.375;JACUI;JACUI;0.25;0.05459749600148855;
precipitacao;pr_-029.125_-0053.625;-29.125;-53.625;JACUI;JACUI;0.25;0.05459749600148855;
precipitacao;pr_-029.375_-0052.875;-29.375;-52.875;JACUI;JACUI;0.25;0.054464245334391335;
precipitacao;pr_-029.375_-0053.125;-29.375;-53.125;JACUI;JACUI;0.25;0.054464245334391335;
precipitacao;pr_+000.500_-0052.500;0.5;-52.5;AMAZONAS;JARI;1.0;0.9999619230641713;
precipitacao;pr_+000.500_-0053.500;0.5;-53.5;AMAZONAS;JARI;1.0;0.9999619230641713;
precipitacao;pr_+001.500_-0053.500;1.5;-53.5;AMAZONAS;JARI;1.0;0.9996573249755573;
precipitacao;pr_+001.500_-0054.500;1.5;-54.5;AMAZONAS;JARI;1.0;0.9996573249755573;
precipitacao;pr_-000.500_-0052.500;-0.5;-52.5;AMAZONAS;JARI;1.0;0.9999619230641713;
precipitacao;pr_-014.625_-0058.375;-14.625;-58.375;PARAGUAI;JAURU;0.25;0.060474943272516235;
precipitacao;pr_-014.625_-0058.625;-14.625;-58.625;PARAGUAI;JAURU;0.25;0.060474943272516235;
precipitacao;pr_-014.875_-0058.625;-14.875;-58.625;PARAGUAI;JAURU;0.25;0.06040551141699825;
precipitacao;pr_-015.125_-0058.875;-15.125;-58.875;PARAGUAI;JAURU;0.25;0.06033492952761556;
precipitacao;pr_-016.500_-0040.500;-16.5;-40.5;JEQUITINHONHA;JEQUITINHONHA;1.0;0.958819734868193;
precipitacao;pr_-016.500_-0041.500;-16.5;-41.5;JEQUITINHONHA;JEQUITINHONHA;1.0;0.958819734868193;
precipitacao;pr_-016.500_-0042.500;-16.5;-42.5;JEQUITINHONHA;JEQUITINHONHA;1.0;0.958819734868193;
precipitacao;pr_-017.500_-0042.500;-17.5;-42.5;JEQUITINHONHA;JEQUITINHONHA;1.0;0.9537169507482269;
precipitacao;pr_-017.500_-0043.500;-17.5;-43.5;JEQUITINHONHA;JEQUITINHONHA;1.0;0.9537169507482269;
precipitacao;pr_-018.500_-0043.500;-18.5;-43.5;JEQUITINHONHA;JEQUITINHONHA;1.0;0.9483236552061993;
precipitacao;pr_-003.500_-0056.500;-3.5;-56.5;AMAZONAS;MADEIRA;1.0;0.9981347984218669;
precipitacao;pr_-003.500_-0057.500;-3.5;-57.5;AMAZONAS;MADEIRA;1.0;0.9981347984218669;
precipitacao;pr_-003.500_-0059.500;-3.5;-59.5;AMAZONAS;MADEIRA;1.0;0.9981347984218669;
precipitacao;pr_-004.500_-0057.500;-4.5;-57.5;AMAZONAS;MADEIRA;1.0;0.996917333733128;
precipitacao;pr_-004.500_-0058.500;-4.5;-58.5;AMAZONAS;MADEIRA;1.0;0.996917333733128;
precipitacao;pr_-004.500_-0059.500;-4.5;-59.5;AMAZONAS;MADEIRA;1.0;0.996917333733128;
precipitacao;pr_-004.500_-0060.500;-4.5;-60.5;AMAZONAS;MADEIRA;1.0;0.996917333733128;
precipitacao;pr_-004.500_-0061.500;-4.5;-61.5;AMAZONAS;MADEIRA;1.0;0.996917333733128;
precipitacao;pr_-005.500_-0058.500;-5.5;-58.5;AMAZONAS;MADEIRA;1.0;0.9953961983671789;
precipitacao;pr_-005.500_-0059.500;-5.5;-59.5;AMAZONAS;MADEIRA;1.0;0.9953961983671789;
precipitacao;pr_-005.500_-0060.500;-5.5;-60.5;AMAZONAS;MADEIRA;1.0;0.9953961983671789;
precipitacao;pr_-005.500_-0061.500;-5.5;-61.5;AMAZONAS;MADEIRA;1.0;0.9953961983671789;
precipitacao;pr_-006.500_-0059.500;-6.5;-59.5;AMAZONAS;MADEIRA;1.0;0.9935718556765875;
precipitacao;pr_-006.500_-0060.500;-6.5;-60.5;AMAZONAS;MADEIRA;1.0;0.9935718556765875;
precipitacao;pr_-006.500_-0061.500;-6.5;-61.5;AMAZONAS;MADEIRA;1.0;0.9935718556765875;
precipitacao;pr_-006.500_-0062.500;-6.5;-62.5;AMAZONAS;MADEIRA;1.0;0.9935718556765875;
precipitacao;pr_-007.500_-0058.500;-7.5;-58.5;AMAZONAS;MADEIRA;1.0;0.9914448613738104;
precipitacao;pr_-007.500_-0059.500;-7.5;-59.5;AMAZONAS;MADEIRA;1.0;0.9914448613738104;
precipitacao;pr_-007.500_-0060.500;-7.5;-60.5;AMAZONAS;MADEIRA;1.0;0.9914448613738104;
precipitacao;pr_-007.500_-0061.500;-7.5;-61.5;AMAZONAS;MADEIRA;1.0;0.9914448613738104;
precipitacao;pr_-007.500_-0062.500;-7.5;-62.5;AMAZONAS;MADEIRA;1.0;0.9914448613738104;
precipitacao;pr_-008.500_-0059.500;-8.5;-59.5;AMAZONAS;MADEIRA;1.0;0.9890158633619168;
precipitacao;pr_-008.500_-0060.500;-8.5;-60.5;AMAZONAS;MADEIRA;1.0;0.9890158633619168;
precipitacao;pr_-008.500_-0061.500;-8.5;-61.5;AMAZONAS;MADEIRA;1.0;0.9890158633619168;
precipitacao;pr_-008.500_-0062.500;-8.5;-62.5;AMAZONAS;MADEIRA;1.0;0.9890158633619168;
precipitacao;pr_-008.500_-0063.500;-8.5;-63.5;AMAZONAS;MADEIRA;1.0;0.9890158633619168;
precipitacao;pr_-009.500_-0059.500;-9.5;-59.5;AMAZONAS;MADEIRA;1.0;0.9862856015372314;
precipitacao;pr_-009.500_-0060.500;-9.5;-60.5;AMAZONAS;MADEIRA;1.0;0.9862856015372314;
precipitacao;pr_-009.500_-0061.500;-9.5;-61.5;AMAZONAS;MADEIRA;1.0;0.9862856015372314;
precipitacao;pr_-009.500_-0062.500;-9.5;-62.5;AMAZONAS;MADEIRA;1.0;0.9862856015372314;
precipitacao;pr_-009.500_-0063.500;-9.5;-63.5;AMAZONAS;MADEIRA;1.0;0.9862856015372314;
precipitacao;pr_-009.500_-0064.500;-9.5;-64.5;AMAZONAS;MADEIRA;1.0;0.9862856015372314;
precipitacao;pr_-010.500_-0059.500;-10.5;-59.5;AMAZONAS;MADEIRA;1.0;0.9832549075639546;
precipitacao;pr_-010.500_-0060.500;-10.5;-60.5;AMAZONAS;MADEIRA;1.0;0.9832549075639546;
precipitacao;pr_-010.500_-0061.500;-10.5;-61.5;AMAZONAS;MADEIRA;1.0;0.9832549075639546;
precipitacao;pr_-010.500_-0062.500;-10.5;-62.5;AMAZONAS;MADEIRA;1.0;0.9832549075639546;
precipitacao;pr_-010.500_-0063.500;-10.5;-63.5;AMAZONAS;MADEIRA;1.0;0.9832549075639546;
precipitacao;pr_-010.500_-0064.500;-10.5;-64.5;AMAZONAS;MADEIRA;1.0;0.9832549075639546;
precipitacao;pr_-010.500_-0065.500;-10.5;-65.5;AMAZONAS;MADEIRA;1.0;0.9832549075639546;
precipitacao;pr_-010.500_-0066.500;-10.5;-66.5;AMAZONAS;MADEIRA;1.0;0.9832549075639546;
precipitacao;pr_-010.500_-0067.500;-10.5;-67.5;AMAZONAS;MADEIRA;1.0;0.9832549075639546;
precipitacao;pr_-011.500_-0059.500;-11.5;-59.5;AMAZONAS;MADEIRA;1.0;0.9799247046208296;
precipitacao;pr_-011.500_-0060.500;-11.5;-60.5;AMAZONAS;MADEIRA;1.0;0.9799247046208296;
precipitacao;pr_-011.500_-0061.500;-11.5;-61.5;AMAZONAS;MADEIRA;1.0;0.9799247046208296;
precipitacao;pr_-011.500_-0062.500;-11.5;-62.5;AMAZONAS;MADEIRA;1.0;0.9799247046208296;
precipitacao;pr_-011.500_-0063.500;-11.5;-63.5;AMAZONAS;MADEIRA;1.0;0.9799247046208296;
precipitacao;pr_-011.500_-0064.500;-11.5;-64.5;AMAZONAS;MADEIRA;1.0;0.9799247046208296;
precipitacao;pr_-011.500_-0065.500;-11.5;-65.5;AMAZONAS;MADEIRA;1.0;0.9799247046208296;
precipitacao;pr_-011.500_-0066.500;-11.5;-66.5;AMAZONAS;MADEIRA;1.0;0.9799247046208296;
precipitacao;pr_-011.500_-0067.500;-11.5;-67.5;AMAZONAS;MADEIRA;1.0;0.9799247046208296;
precipitacao;pr_-011.500_-0068.500;-11.5;-68.5;AMAZONAS;MADEIRA;1.0;0.9799247046208296;
precipitacao;pr_-011.500_-0069.500;-11.5;-69.5;AMAZONAS;MADEIRA;1.0;0.9799247046208296;
precipitacao;pr_-011.500_-0070.500;-11.5;-70.5;AMAZONAS;MADEIRA;1.0;0.9799247046208296;
precipitacao;pr_-011.500_-0071.500;-11.5;-71.5;AMAZONAS;MADEIRA;1.0;0.9799247046208296;
precipitacao;pr_-012.500_-0060.500;-12.5;-60.5;AMAZONAS;MADEIRA;1.0;0.9762960071199334;
precipitacao;pr_-012.500_-0061.500;-12.5;-61.5;AMAZONAS;MADEIRA;1.0;0.9762960071199334;
precipitacao;pr_-012.500_-0062.500;-12.5;-62.5;AMAZONAS;MADEIRA;1.0;0.9762960071199334;
precipitacao;pr_-012.500_-0063.500;-12.5;-63.5;AMAZONAS;MADEIRA;1.0;0.9762960071199334;
precipitacao;pr_-012.500_-0064.500;-12.5;-64.5;AMAZONAS;MADEIRA;1.0;0.9762960071199334;
precipitacao;pr_-012.500_-0065.500;-12.5;-65.5;AMAZONAS;MADEIRA;1.0;0.9762960071199334;
precipitacao;pr_-012.500_-0066.500;-12.5;-66.5;AMAZONAS;MADEIRA;1.0;0.9762960071199334;
precipitacao;pr_-012.500_-0067.500;-12.5;-67.5;AMAZONAS;MADEIRA;1.0;0.9762960071199334;
precipitacao;pr_-012.500_-0068.500;-12.5;-68.5;AMAZONAS;MADEIRA;1.0;0.9762960071199334;
precipitacao;pr_-012.500_-0069.500;-12.5;-69.5;AMAZONAS;MADEIRA;1.0;0.9762960071199334;
precipitacao;pr_-012.500_-0070.500;-12.5;-70.5;AMAZONAS;MADEIRA;1.0;0.9762960071199334;
precipitacao;pr_-012.500_-0071.500;-12.5;-71.5;AMAZONAS;MADEIRA;1.0;0.9762960071199334;
precipitacao;pr_-013.500_-0060.500;-13.5;-60.5;AMAZONAS;MADEIRA;1.0;0.9723699203976766;
precipitacao;pr_-013.500_-0061.500;-13.5;-61.5;AMAZONAS;MADEIRA;1.0;0.9723699203976766;
precipitacao;pr_-013.500_-0062.500;-13.5;-62.5;AMAZONAS;MADEIRA;1.0;0.9723699203976766;
precipitacao;pr_-013.500_-0063.500;-13.5;-63.5;AMAZONAS;MADEIRA;1.0;0.9723699203976766;
precipitacao;pr_-013.500_-0064.500;-13.5;-64.5;AMAZONAS;MADEIRA;1.0;0.9723699203976766;
precipitacao;pr_-013.500_-0065.500;-13.5;-65.5;AMAZONAS;MADEIRA;1.0;0.9723699203976766;
precipitacao;pr_-013.500_-0066.500;-13.5;-66.5;AMAZONAS;MADEIRA;1.0;0.9723699203976766;
precipitacao;pr_-013.500_-0067.500;-13.5;-67.5;AMAZONAS;MADEIRA;1.0;0.9723699203976766;
precipitacao;pr_-013.500_-0068.500;-13.5;-68.5;AMAZONAS;MADEIRA;1.0;0.9723699203976766;
precipitacao;pr_-013.500_-0069.500;-13.5;-69.5;AMAZONAS;MADEIRA;1.0;0.9723699203976766;
precipitacao;pr_-013.500_-0070.500;-13.5;-70.5;AMAZONAS;MADEIRA;1.0;0.9723699203976766;
precipitacao;pr_-014.500_-0059.500;-14.5;-59.5;AMAZONAS;MADEIRA;1.0;0.9681476403781077;
precipitacao;pr_-014.500_-0060.500;-14.5;-60.5;AMAZONAS;MADEIRA;1.0;0.9681476403781077;
precipitacao;pr_-014.500_-0061.500;-14.5;-61.5;AMAZONAS;MADEIRA;1.0;0.9681476403781077;
precipitacao;pr_-014.500_-0062.500;-14.5;-62.5;AMAZONAS;MADEIRA;1.0;0.9681476403781077;
precipitacao;pr_-014.500_-0063.500;-14.5;-63.5;AMAZONAS;MADEIRA;1.0;0.9681476403781077;
precipitacao;pr_-014.500_-0064.500;-14.5;-64.5;AMAZONAS;MADEIRA;1.0;0.9681476403781077;
precipitacao;pr_-014.500_-0065.500;-14.5;-65.5;AMAZONAS;MADEIRA;1.0;0.9681476403781077;
precipitacao;pr_-014.500_-0066.500;-14.5;-66.5;AMAZONAS;MADEIRA;1.0;0.9681476403781077;
precipitacao;pr_-014.500_-0067.500;-14.5;-67.5;AMAZONAS;MADEIRA;1.0;0.9681476403781077;
precipitacao;pr_-014.500_-0068.500;-14.5;-68.5;AMAZONAS;MADEIRA;1.0;0.9681476403781077;
precipitacao;pr_-014.500_-0069.500;-14.5;-69.5;AMAZONAS;MADEIRA;1.0;0.9681476403781077;
precipitacao;pr_-015.500_-0059.500;-15.5;-59.5;AMAZONAS;MADEIRA;1.0;0.963630453208623;
precipitacao;pr_-015.500_-0060.500;-15.5;-60.5;AMAZONAS;MADEIRA;1.0;0.963630453208623;
precipitacao;pr_-015.500_-0061.500;-15.5;-61.5;AMAZONAS;MADEIRA;1.0;0.963630453208623;
precipitacao;pr_-015.500_-0062.500;-15.5;-62.5;AMAZONAS;MADEIRA;1.0;0.963630453208623;
precipitacao;pr_-015.500_-0063.500;-15.5;-63.5;AMAZONAS;MADEIRA;1.0;0.963630453208623;
precipitacao;pr_-015.500_-0064.500;-15.5;-64.5;AMAZONAS;MADEIRA;1.0;0.963630453208623;
precipitacao;pr_-015.500_-0065.500;-15.5;-65.5;AMAZONAS;MADEIRA;1.0;0.963630453208623;
precipitacao;pr_-015.500_-0066.500;-15.5;-66.5;AMAZONAS;MADEIRA;1.0;0.963630453208623;
precipitacao;pr_-015.500_-0067.500;-15.5;-67.5;AMAZONAS;MADEIRA;1.0;0.963630453208623;
precipitacao;pr_-015.500_-0068.500;-15.5;-68.5;AMAZONAS;MADEIRA;1.0;0.963630453208623;
precipitacao;pr_-016.500_-0060.500;-16.5;-60.5;AMAZONAS;MADEIRA;1.0;0.958819734868193;
precipitacao;pr_-016.500_-0061.500;-16.5;-61.5;AMAZONAS;MADEIRA;1.0;0.958819734868193;
precipitacao;pr_-016.500_-0062.500;-16.5;-62.5;AMAZONAS;MADEIRA;1.0;0.958819734868193;
precipitacao;pr_-016.500_-0063.500;-16.5;-63.5;AMAZONAS;MADEIRA;1.0;0.958819734868193;
precipitacao;pr_-016.500_-0064.500;-16.5;-64.5;AMAZONAS;MADEIRA;1.0;0.958819734868193;
precipitacao;pr_-016.500_-0065.500;-16.5;-65.5;AMAZONAS;MADEIRA;1.0;0.958819734868193;
precipitacao;pr_-016.500_-0066.500;-16.5;-66.5;AMAZONAS;MADEIRA;1.0;0.958819734868193;
precipitacao;pr_-016.500_-0067.500;-16.5;-67.5;AMAZONAS;MADEIRA;1.0;0.958819734868193;
precipitacao;pr_-017.500_-0060.500;-17.5;-60.5;AMAZONAS;MADEIRA;1.0;0.9537169507482269;
precipitacao;pr_-017.500_-0061.500;-17.5;-61.5;AMAZONAS;MADEIRA;1.0;0.9537169507482269;
precipitacao;pr_-017.500_-0062.500;-17.5;-62.5;AMAZONAS;MADEIRA;1.0;0.9537169507482269;
precipitacao;pr_-017.500_-0063.500;-17.5;-63.5;AMAZONAS;MADEIRA;1.0;0.9537169507482269;
precipitacao;pr_-017.500_-0064.500;-17.5;-64.5;AMAZONAS;MADEIRA;1.0;0.9537169507482269;
precipitacao;pr_-017.500_-0065.500;-17.5;-65.5;AMAZONAS;MADEIRA;1.0;0.9537169507482269;
precipitacao;pr_-017.500_-0066.500;-17.5;-66.5;AMAZONAS;MADEIRA;1.0;0.9537169507482269;
precipitacao;pr_-018.500_-0060.500;-18.5;-60.5;AMAZONAS;MADEIRA;1.0;0.9483236552061993;
precipitacao;pr_-018.500_-0061.500;-18.5;-61.5;AMAZONAS;MADEIRA;1.0;0.9483236552061993;
precipitacao;pr_-018.500_-0062.500;-18.5;-62.5;AMAZONAS;MADEIRA;1.0;0.9483236552061993;
precipitacao;pr_-018.500_-0063.500;-18.5;-63.5;AMAZONAS;MADEIRA;1.0;0.9483236552061993;
precipitacao;pr_-018.500_-0064.500;-18.5;-64.5;AMAZONAS;MADEIRA;1.0;0.9483236552061993;
precipitacao;pr_-018.500_-0065.500;-18.5;-65.5;AMAZONAS;MADEIRA;1.0;0.9483236552061993;
precipitacao;pr_-018.500_-0066.500;-18.5;-66.5;AMAZONAS;MADEIRA;1.0;0.9483236552061993;
precipitacao;pr_-019.500_-0062.500;-19.5;-62.5;AMAZONAS;MADEIRA;1.0;0.9426414910921784;
precipitacao;pr_-019.500_-0063.500;-19.5;-63.5;AMAZONAS;MADEIRA;1.0;0.9426414910921784;
precipitacao;pr_-019.500_-0064.500;-19.5;-64.5;AMAZONAS;MADEIRA;1.0;0.9426414910921784;
precipitacao;pr_-014.750_-0054.750;-14.75;-54.75;PARAGUAI;MANSO;0.5;0.24176148472848577;
precipitacao;pr_-014.750_-0055.250;-14.75;-55.25;PARAGUAI;MANSO;0.5;0.24176148472848577;
precipitacao;pr_-014.750_-0055.750;-14.75;-55.75;PARAGUAI;MANSO;0.5;0.24176148472848577;
precipitacao;pr_-015.250_-0055.250;-15.25;-55.25;PARAGUAI;MANSO;0.5;0.24119683095720326;
precipitacao;pr_-015.250_-0055.750;-15.25;-55.75;PARAGUAI;MANSO;0.5;0.24119683095720326;
precipitacao;pr_-017.250_-0040.750;-17.25;-40.75;MUCURI;MUCURI;0.5;0.23875498611429666;
precipitacao;pr_-017.250_-0041.250;-17.25;-41.25;MUCURI;MUCURI;0.5;0.23875498611429666;
precipitacao;pr_-017.750_-0040.250;-17.75;-40.25;MUCURI;MUCURI;0.5;0.2380989499108196;
precipitacao;pr_-017.750_-0040.750;-17.75;-40.75;MUCURI;MUCURI;0.5;0.2380989499108196;
precipitacao;pr_-017.750_-0041.250;-17.75;-41.25;MUCURI;MUCURI;0.5;0.2380989499108196;
precipitacao;pr_-017.750_-0041.750;-17.75;-41.75;MUCURI;MUCURI;0.5;0.2380989499108196;
precipitacao;pr_-011.500_-0039.500;-11.5;-39.5;PARAGUACU;PARAGUACU;1.0;0.9799247046208296;
precipitacao;pr_-011.500_-0040.500;-11.5;-40.5;PARAGUACU;PARAGUACU;1.0;0.9799247046208296;
precipitacao;pr_-012.500_-0039.500;-12.5;-39.5;PARAGUACU;PARAGUACU;1.0;0.9762960071199334;
precipitacao;pr_-012.500_-0040.500;-12.5;-40.5;PARAGUACU;PARAGUACU;1.0;0.9762960071199334;
precipitacao;pr_-012.500_-0041.500;-12.5;-41.5;PARAGUACU;PARAGUACU;1.0;0.9762960071199334;
precipitacao;pr_-021.500_-0041.500;-21.5;-41.5;PARAIBA DO SUL;PARAIBA DO SUL;1.0;0.9304175679820246;
precipitacao;pr_-021.500_-0042.500;-21.5;-42.5;PARAIBA DO SUL;PARAIBA DO SUL;1.0;0.9304175679820246;
precipitacao;pr_-021.500_-0043.500;-21.5;-43.5;PARAIBA DO SUL;PARAIBA DO SUL;1.0;0.9304175679820246;
precipitacao;pr_-022.500_-0044.500;-22.5;-44.5;PARAIBA DO SUL;PARAIBA DO SUL;1.0;0.9238795325112867;
precipitacao;pr_-023.500_-0045.500;-23.5;-45.5;PARAIBA DO SUL;PARAIBA DO SUL;1.0;0.917060074385124;
precipitacao;pr_-015.500_-0047.500;-15.5;-47.5;PARANAIBA;PARANAIBA;1.0;0.963630453208623;
precipitacao;pr_-016.500_-0047.500;-16.5;-47.5;PARANAIBA;PARANAIBA;1.0;0.958819734868193;
precipitacao;pr_-016.500_-0048.500;-16.5;-48.5;PARANAIBA;PARANAIBA;1.0;0.958819734868193;
precipitacao;pr_-016.500_-0049.500;-16.5;-49.5;PARANAIBA;PARANAIBA;1.0;0.958819734868193;
precipitacao;pr_-017.500_-0047.500;-17.5;-47.5;PARANAIBA;PARANAIBA;1.0;0.9537169507482269;
precipitacao;pr_-017.500_-0048.500;-17.5;-48.5;PARANAIBA;PARANAIBA;1.0;0.9537169507482269;
precipitacao;pr_-017.500_-0049.500;-17.5;-49.5;PARANAIBA;PARANAIBA;1.0;0.9537169507482269;
precipitacao;pr_-017.500_-0050.500;-17.5;-50.5;PARANAIBA;PARANAIBA;1.0;0.9537169507482269;
precipitacao;pr_-017.500_-0051.500;-17.5;-51.5;PARANAIBA;PARANAIBA;1.0;0.9537169507482269;
precipitacao;pr_-018.500_-0046.500;-18.5;-46.5;PARANAIBA;PARANAIBA;1.0;0.9483236552061993;
precipitacao;pr_-018.500_-0047.500;-18.5;-47.5;PARANAIBA;PARANAIBA;1.0;0.9483236552061993;
precipitacao;pr_-018.500_-0048.500;-18.5;-48.5;PARANAIBA;PARANAIBA;1.0;0.9483236552061993;
precipitacao;pr_-018.500_-0049.500;-18.5;-49.5;PARANAIBA;PARANAIBA;1.0;0.9483236552061993;
precipitacao;pr_-018.500_-0050.500;-18.5;-50.5;PARANAIBA;PARANAIBA;1.0;0.9483236552061993;
precipitacao;pr_-019.500_-0046.500;-19.5;-46.5;PARANAIBA;PARANAIBA;1.0;0.9426414910921784;
precipitacao;pr_-019.500_-0047.500;-19.5;-47.5;PARANAIBA;PARANAIBA;1.0;0.9426414910921784;
precipitacao;pr_-019.500_-0048.500;-19.5;-48.5;PARANAIBA;PARANAIBA;1.0;0.9426414910921784;
precipitacao;pr_-022.500_-0049.500;-22.5;-49.5;PARANAPANEMA;PARANAPANEMA;1.0;0.9238795325112867;
precipitacao;pr_-022.500_-0050.500;-22.5;-50.5;PARANAPANEMA;PARANAPANEMA;1.0;0.9238795325112867;
precipitacao;pr_-022.500_-0051.500;-22.5;-51.5;PARANAPANEMA;PARANAPANEMA;1.0;0.9238795325112867;
precipitacao;pr_-022.500_-0052.500;-22.5;-52.5;PARANAPANEMA;PARANAPANEMA;1.0;0.9238795325112867;
precipitacao;pr_-023.500_-0048.500;-23.5;-48.5;PARANAPANEMA;PARANAPANEMA;1.0;0.917060074385124;
precipitacao;pr_-023.500_-0049.500;-23.5;-49.5;PARANAPANEMA;PARANAPANEMA;1.0;0.917060074385124;
precipitacao;pr_-023.500_-0050.500;-23.5;-50.5;PARANAPANEMA;PARANAPANEMA;1.0;0.917060074385124;
precipitacao;pr_-023.500_-0051.500;-23.5;-51.5;PARANAPANEMA;PARANAPANEMA;1.0;0.917060074385124;
precipitacao;pr_-024.500_-0049.500;-24.5;-49.5;PARANAPANEMA;PARANAPANEMA;1.0;0.9099612708765432;
precipitacao;pr_-024.500_-0050.500;-24.5;-50.5;PARANAPANEMA;PARANAPANEMA;1.0;0.9099612708765432;
precipitacao;pr_-025.500_-0050.500;-25.5;-50.5;PARANAPANEMA;PARANAPANEMA;1.0;0.9025852843498606;
precipitacao;pr_-017.500_-0052.500;-17.5;-52.5;PARANA;PARANA;1.0;0.9537169507482269;
precipitacao;pr_-018.500_-0051.500;-18.5;-51.5;PARANA;PARANA;1.0;0.9483236552061993;
precipitacao;pr_-018.500_-0052.500;-18.5;-52.5;PARANA;PARANA;1.0;0.9483236552061993;
precipitacao;pr_-019.500_-0050.500;-19.5;-50.5;PARANA;PARANA;1.0;0.9426414910921784;
precipitacao;pr_-019.500_-0051.500;-19.5;-51.5;PARANA;PARANA;1.0;0.9426414910921784;
precipitacao;pr_-019.500_-0052.500;-19.5;-52.5;PARANA;PARANA;1.0;0.9426414910921784;
precipitacao;pr_-019.500_-0053.500;-19.5;-53.5;PARANA;PARANA;1.0;0.9426414910921784;
precipitacao;pr_-020.500_-0050.500;-20.5;-50.5;PARANA;PARANA;1.0;0.9366721892483976;
precipitacao;pr_-020.500_-0051.500;-20.5;-51.5;PARANA;PARANA;1.0;0.9366721892483976;
precipitacao;pr_-020.500_-0052.500;-20.5;-52.5;PARANA;PARANA;1.0;0.9366721892483976;
precipitacao;pr_-020.500_-0053.500;-20.5;-53.5;PARANA;PARANA;1.0;0.9366721892483976;
precipitacao;pr_-020.500_-0054.500;-20.5;-54.5;PARANA;PARANA;1.0;0.9366721892483976;
precipitacao;pr_-021.500_-0050.500;-21.5;-50.5;PARANA;PARANA;1.0;0.9304175679820246;
precipitacao;pr_-021.500_-0051.500;-21.5;-51.5;PARANA;PARANA;1.0;0.9304175679820246;
precipitacao;pr_-021.500_-0052.500;-21.5;-52.5;PARANA;PARANA;1.0;0.9304175679820246;
precipitacao;pr_-021.500_-0053.500;-21.5;-53.5;PARANA;PARANA;1.0;0.9304175679820246;
precipitacao;pr_-021.500_-0054.500;-21.5;-54.5;PARANA;PARANA;1.0;0.9304175679820246;
precipitacao;pr_-021.500_-0055.500;-21.5;-55.5;PARANA;PARANA;1.0;0.9304175679820246;
precipitacao;pr_-022.500_-0053.500;-22.5;-53.5;PARANA;PARANA;1.0;0.9238795325112867;
precipitacao;pr_-022.500_-0054.500;-22.5;-54.5;PARANA;PARANA;1.0;0.9238795325112867;
precipitacao;pr_-022.500_-0055.500;-22.5;-55.5;PARANA;PARANA;1.0;0.9238795325112867;
precipitacao;pr_-023.500_-0052.500;-23.5;-52.5;PARANA;PARANA;1.0;0.917060074385124;
precipitacao;pr_-023.500_-0053.500;-23.5;-53.5;PARANA;PARANA;1.0;0.917060074385124;
precipitacao;pr_-023.500_-0054.500;-23.5;-54.5;PARANA;PARANA;1.0;0.917060074385124;
precipitacao;pr_-023.500_-0055.500;-23.5;-55.5;PARANA;PARANA;1.0;0.917060074385124;
precipitacao;pr_-024.500_-0051.500;-24.5;-51.5;PARANA;PARANA;1.0;0.9099612708765432;
precipitacao;pr_-024.500_-0052.500;-24.5;-52.5;PARANA;PARANA;1.0;0.9099612708765432;
precipitacao;pr_-024.500_-0053.500;-24.5;-53.5;PARANA;PARANA;1.0;0.9099612708765432;
precipitacao;pr_-024.500_-0054.500;-24.5;-54.5;PARANA;PARANA;1.0;0.9099612708765432;
precipitacao;pr_-003.500_-0041.500;-3.5;-41.5;PARNAIBA;PARNAIBA;1.0;0.9981347984218669;
precipitacao;pr_-003.500_-0042.500;-3.5;-42.5;PARNAIBA;PARNAIBA;1.0;0.9981347984218669;
precipitacao;pr_-004.500_-0041.500;-4.5;-41.5;PARNAIBA;PARNAIBA;1.0;0.996917333733128;
precipitacao;pr_-004.500_-0042.500;-4.5;-42.5;PARNAIBA;PARNAIBA;1.0;0.996917333733128;
precipitacao;pr_-005.500_-0040.500;-5.5;-40.5;PARNAIBA;PARNAIBA;1.0;0.9953961983671789;
precipitacao;pr_-005.500_-0041.500;-5.5;-41.5;PARNAIBA;PARNAIBA;1.0;0.9953961983671789;
precipitacao;pr_-005.500_-0042.500;-5.5;-42.5;PARNAIBA;PARNAIBA;1.0;0.9953961983671789;
precipitacao;pr_-006.500_-0041.500;-6.5;-41.5;PARNAIBA;PARNAIBA;1.0;0.9935718556765875;
precipitacao;pr_-006.500_-0042.500;-6.5;-42.5;PARNAIBA;PARNAIBA;1.0;0.9935718556765875;
precipitacao;pr_-006.500_-0043.500;-6.5;-43.5;PARNAIBA;PARNAIBA;1.0;0.9935718556765875;
precipitacao;pr_-007.500_-0041.500;-7.5;-41.5;PARNAIBA;PARNAIBA;1.0;0.9914448613738104;
precipitacao;pr_-007.500_-0042.500;-7.5;-42.5;PARNAIBA;PARNAIBA;1.0;0.9914448613738104;
precipitacao;pr_-007.500_-0043.500;-7.5;-43.5;PARNAIBA;PARNAIBA;1.0;0.9914448613738104;
precipitacao;pr_-007.500_-0044.500;-7.5;-44.5;PARNAIBA;PARNAIBA;1.0;0.9914448613738104;
precipitacao;pr_-007.500_-0045.500;-7.5;-45.5;PARNAIBA;PARNAIBA;1.0;0.9914448613738104;
precipitacao;pr_-007.500_-0046.500;-7.5;-46.5;PARNAIBA;PARNAIBA;1.0;0.9914448613738104;
precipitacao;pr_-008.500_-0041.500;-8.5;-41.5;PARNAIBA;PARNAIBA;1.0;0.9890158633619168;
precipitacao;pr_-008.500_-0042.500;-8.5;-42.5;PARNAIBA;PARNAIBA;1.0;0.9890158633619168;
precipitacao;pr_-008.500_-0043.500;-8.5;-43.5;PARNAIBA;PARNAIBA;1.0;0.9890158633619168;
precipitacao;pr_-008.500_-0044.500;-8.5;-44.5;PARNAIBA;PARNAIBA;1.0;0.9890158633619168;
precipitacao;pr_-008.500_-0045.500;-8.5;-45.5;PARNAIBA;PARNAIBA;1.0;0.9890158633619168;
precipitacao;pr_-008.500_-0046.500;-8.5;-46.5;PARNAIBA;PARNAIBA;1.0;0.9890158633619168;
precipitacao;pr_-009.500_-0042.500;-9.5;-42.5;PARNAIBA;PARNAIBA;1.0;0.9862856015372314;
precipitacao;pr_-009.500_-0044.500;-9.5;-44.5;PARNAIBA;PARNAIBA;1.0;0.9862856015372314;
precipitacao;pr_-009.500_-0045.500;-9.5;-45.5;PARNAIBA;PARNAIBA;1.0;0.9862856015372314;
precipitacao;pr_-009.500_-0046.500;-9.5;-46.5;PARNAIBA;PARNAIBA;1.0;0.9862856015372314;
precipitacao;pr_-010.500_-0044.500;-10.5;-44.5;PARNAIBA;PARNAIBA;1.0;0.9832549075639546;
precipitacao;pr_-007.500_-0037.500;-7.5;-37.5;SAO FRANCISCO;SAO FRANCISCO;1.0;0.9914448613738104;
precipitacao;pr_-007.500_-0040.500;-7.5;-40.5;SAO FRANCISCO;SAO FRANCISCO;1.0;0.9914448613738104;
precipitacao;pr_-008.500_-0037.500;-8.5;-37.5;SAO FRANCISCO;SAO FRANCISCO;1.0;0.9890158633619168;
precipitacao;pr_-008.500_-0038.500;-8.5;-38.5;SAO FRANCISCO;SAO FRANCISCO;1.0;0.9890158633619168;
precipitacao;pr_-008.500_-0039.500;-8.5;-39.5;SAO FRANCISCO;SAO FRANCISCO;1.0;0.9890158633619168;
precipitacao;pr_-008.500_-0040.500;-8.5;-40.5;SAO FRANCISCO;SAO FRANCISCO;1.0;0.9890158633619168;
precipitacao;pr_-009.500_-0037.500;-9.5;-37.5;SAO FRANCISCO;SAO FRANCISCO;1.0;0.9862856015372314;
precipitacao;pr_-009.500_-0038.500;-9.5;-38.5;SAO FRANCISCO;SAO FRANCISCO;1.0;0.9862856015372314;
precipitacao;pr_-009.500_-0039.500;-9.5;-39.5;SAO FRANCISCO;SAO FRANCISCO;1.0;0.9862856015372314;
precipitacao;pr_-009.500_-0040.500;-9.5;-40.5;SAO FRANCISCO;SAO FRANCISCO;1.0;0.9862856015372314;
precipitacao;pr_-009.500_-0041.500;-9.5;-41.5;SAO FRANCISCO;SAO FRANCISCO;1.0;0.9862856015372314;
precipitacao;pr_-009.500_-0043.500;-9.5;-43.5;SAO FRANCISCO;SAO FRANCISCO;1.0;0.9862856015372314;
precipitacao;pr_-010.500_-0041.500;-10.5;-41.5;SAO FRANCISCO;SAO FRANCISCO;1.0;0.9832549075639546;
precipitacao;pr_-010.500_-0042.500;-10.5;-42.5;SAO FRANCISCO;SAO FRANCISCO;1.0;0.9832549075639546;
precipitacao;pr_-010.500_-0043.500;-10.5;-43.5;SAO FRANCISCO;SAO FRANCISCO;1.0;0.9832549075639546;
precipitacao;pr_-010.500_-0045.500;-10.5;-45.5;SAO FRANCISCO;SAO FRANCISCO;1.0;0.9832549075639546;
precipitacao;pr_-011.500_-0041.500;-11.5;-41.5;SAO FRANCISCO;SAO FRANCISCO;1.0;0.9799247046208296;
precipitacao;pr_-011.500_-0042.500;-11.5;-42.5;SAO FRANCISCO;SAO FRANCISCO;1.0;0.9799247046208296;
precipitacao;pr_-011.500_-0043.500;-11.5;-43.5;SAO FRANCISCO;SAO FRANCISCO;1.0;0.9799247046208296;
precipitacao;pr_-011.500_-0044.500;-11.5;-44.5;SAO FRANCISCO;SAO FRANCISCO;1.0;0.9799247046208296;
precipitacao;pr_-011.500_-0045.500;-11.5;-45.5;SAO FRANCISCO;SAO FRANCISCO;1.0;0.9799247046208296;
precipitacao;pr_-011.500_-0046.500;-11.5;-46.5;SAO FRANCISCO;SAO FRANCISCO;1.0;0.9799247046208296;
precipitacao;pr_-012.500_-0042.500;-12.5;-42.5;SAO FRANCISCO;SAO FRANCISCO;1.0;0.9762960071199334;
precipitacao;pr_-012.500_-0043.500;-12.5;-43.5;SAO FRANCISCO;SAO FRANCISCO;1.0;0.9762960071199334;
precipitacao;pr_-012.500_-0044.500;-12.5;-44.5;SAO FRANCISCO;SAO FRANCISCO;1.0;0.9762960071199334;
precipitacao;pr_-012.500_-0045.500;-12.5;-45.5;SAO FRANCISCO;SAO FRANCISCO;1.0;0.9762960071199334;
precipitacao;pr_-013.500_-0042.500;-13.5;-42.5;SAO FRANCISCO;SAO FRANCISCO;1.0;0.9723699203976766;
precipitacao;pr_-013.500_-0043.500;-13.5;-43.5;SAO FRANCISCO;SAO FRANCISCO;1.0;0.9723699203976766;
precipitacao;pr_-013.500_-0044.500;-13.5;-44.5;SAO FRANCISCO;SAO FRANCISCO;1.0;0.9723699203976766;
precipitacao;pr_-013.500_-0045.500;-13.5;-45.5;SAO FRANCISCO;SAO FRANCISCO;1.0;0.9723699203976766;
precipitacao;pr_-014.500_-0043.500;-14.5;-43.5;SAO FRANCISCO;SAO FRANCISCO;1.0;0.9681476403781077;
precipitacao;pr_-014.500_-0044.500;-14.5;-44.5;SAO FRANCISCO;SAO FRANCISCO;1.0;0.9681476403781077;
precipitacao;pr_-014.500_-0045.500;-14.5;-45.5;SAO FRANCISCO;SAO FRANCISCO;1.0;0.9681476403781077;
precipitacao;pr_-015.500_-0043.500;-15.5;-43.5;SAO FRANCISCO;SAO FRANCISCO;1.0;0.963630453208623;
precipitacao;pr_-015.500_-0044.500;-15.5;-44.5;SAO FRANCISCO;SAO FRANCISCO;1.0;0.963630453208623;
precipitacao;pr_-015.500_-0045.500;-15.5;-45.5;SAO FRANCISCO;SAO FRANCISCO;1.0;0.963630453208623;
precipitacao;pr_-015.500_-0046.500;-15.5;-46.5;SAO FRANCISCO;SAO FRANCISCO;1.0;0.963630453208623;
precipitacao;pr_-016.500_-0043.500;-16.5;-43.5;SAO FRANCISCO;SAO FRANCISCO;1.0;0.958819734868193;
precipitacao;pr_-016.500_-0044.500;-16.5;-44.5;SAO FRANCISCO;SAO FRANCISCO;1.0;0.958819734868193;
precipitacao;pr_-016.500_-0045.500;-16.5;-45.5;SAO FRANCISCO;SAO FRANCISCO;1.0;0.958819734868193;
precipitacao;pr_-016.500_-0046.500;-16.5;-46.5;SAO FRANCISCO;SAO FRANCISCO;1.0;0.958819734868193;
precipitacao;pr_-017.500_-0044.500;-17.5;-44.5;SAO FRANCISCO;SAO FRANCISCO;1.0;0.9537169507482269;
precipitacao;pr_-017.500_-0045.500;-17.5;-45.5;SAO FRANCISCO;SAO FRANCISCO;1.0;0.9537169507482269;
precipitacao;pr_-017.500_-0046.500;-17.5;-46.5;SAO FRANCISCO;SAO FRANCISCO;1.0;0.9537169507482269;
precipitacao;pr_-018.500_-0044.500;-18.5;-44.5;SAO FRANCISCO;SAO FRANCISCO;1.0;0.9483236552061993;
precipitacao;pr_-018.500_-0045.500;-18.5;-45.5;SAO FRANCISCO;SAO FRANCISCO;1.0;0.9483236552061993;
precipitacao;pr_-019.500_-0044.500;-19.5;-44.5;SAO FRANCISCO;SAO FRANCISCO;1.0;0.9426414910921784;
precipitacao;pr_-019.500_-0045.500;-19.5;-45.5;SAO FRANCISCO;SAO FRANCISCO;1.0;0.9426414910921784;
precipitacao;pr_-020.500_-0044.500;-20.5;-44.5;SAO FRANCISCO;SAO FRANCISCO;1.0;0.9366721892483976;
precipitacao;pr_-003.500_-0055.500;-3.5;-55.5;AMAZONAS;TAPAJOS;1.0;0.9981347984218669;
precipitacao;pr_-004.500_-0055.500;-4.5;-55.5;AMAZONAS;TAPAJOS;1.0;0.996917333733128;
precipitacao;pr_-004.500_-0056.500;-4.5;-56.5;AMAZONAS;TAPAJOS;1.0;0.996917333733128;
precipitacao;pr_-005.500_-0055.500;-5.5;-55.5;AMAZONAS;TAPAJOS;1.0;0.9953961983671789;
precipitacao;pr_-005.500_-0056.500;-5.5;-56.5;AMAZONAS;TAPAJOS;1.0;0.9953961983671789;
precipitacao;pr_-005.500_-0057.500;-5.5;-57.5;AMAZONAS;TAPAJOS;1.0;0.9953961983671789;
precipitacao;pr_-006.500_-0055.500;-6.5;-55.5;AMAZONAS;TAPAJOS;1.0;0.9935718556765875;
precipitacao;pr_-006.500_-0056.500;-6.5;-56.5;AMAZONAS;TAPAJOS;1.0;0.9935718556765875;
precipitacao;pr_-006.500_-0057.500;-6.5;-57.5;AMAZONAS;TAPAJOS;1.0;0.9935718556765875;
precipitacao;pr_-006.500_-0058.500;-6.5;-58.5;AMAZONAS;TAPAJOS;1.0;0.9935718556765875;
precipitacao;pr_-007.500_-0055.500;-7.5;-55.5;AMAZONAS;TAPAJOS;1.0;0.9914448613738104;
precipitacao;pr_-007.500_-0056.500;-7.5;-56.5;AMAZONAS;TAPAJOS;1.0;0.9914448613738104;
precipitacao;pr_-007.500_-0057.500;-7.5;-57.5;AMAZONAS;TAPAJOS;1.0;0.9914448613738104;
precipitacao;pr_-007.500_-0058.500;-7.5;-58.5;AMAZONAS;TAPAJOS;1.0;0.9914448613738104;
precipitacao;pr_-008.500_-0055.500;-8.5;-55.5;AMAZONAS;TAPAJOS;1.0;0.9890158633619168;
precipitacao;pr_-008.500_-0056.500;-8.5;-56.5;AMAZONAS;TAPAJOS;1.0;0.9890158633619168;
precipitacao;pr_-008.500_-0057.500;-8.5;-57.5;AMAZONAS;TAPAJOS;1.0;0.9890158633619168;
precipitacao;pr_-008.500_-0058.500;-8.5;-58.5;AMAZONAS;TAPAJOS;1.0;0.9890158633619168;
precipitacao;pr_-009.500_-0055.500;-9.5;-55.5;AMAZONAS;TAPAJOS;1.0;0.9862856015372314;
precipitacao;pr_-009.500_-0056.500;-9.5;-56.5;AMAZONAS;TAPAJOS;1.0;0.9862856015372314;
precipitacao;pr_-009.500_-0057.500;-9.5;-57.5;AMAZONAS;TAPAJOS;1.0;0.9862856015372314;
precipitacao;pr_-009.500_-0058.500;-9.5;-58.5;AMAZONAS;TAPAJOS;1.0;0.9862856015372314;
precipitacao;pr_-010.500_-0054.500;-10.5;-54.5;AMAZONAS;TAPAJOS;1.0;0.9832549075639546;
precipitacao;pr_-010.500_-0055.500;-10.5;-55.5;AMAZONAS;TAPAJOS;1.0;0.9832549075639546;
precipitacao;pr_-010.500_-0056.500;-10.5;-56.5;AMAZONAS;TAPAJOS;1.0;0.9832549075639546;
precipitacao;pr_-010.500_-0057.500;-10.5;-57.5;AMAZONAS;TAPAJOS;1.0;0.9832549075639546;
precipitacao;pr_-010.500_-0058.500;-10.5;-58.5;AMAZONAS;TAPAJOS;1.0;0.9832549075639546;
precipitacao;pr_-011.500_-0055.500;-11.5;-55.5;AMAZONAS;TAPAJOS;1.0;0.9799247046208296;
precipitacao;pr_-011.500_-0056.500;-11.5;-56.5;AMAZONAS;TAPAJOS;1.0;0.9799247046208296;
precipitacao;pr_-011.500_-0057.500;-11.5;-57.5;AMAZONAS;TAPAJOS;1.0;0.9799247046208296;
precipitacao;pr_-011.500_-0058.500;-11.5;-58.5;AMAZONAS;TAPAJOS;1.0;0.9799247046208296;
precipitacao;pr_-012.500_-0055.500;-12.5;-55.5;AMAZONAS;TAPAJOS;1.0;0.9762960071199334;
precipitacao;pr_-012.500_-0056.500;-12.5;-56.5;AMAZONAS;TAPAJOS;1.0;0.9762960071199334;
precipitacao;pr_-012.500_-0057.500;-12.5;-57.5;AMAZONAS;TAPAJOS;1.0;0.9762960071199334;
precipitacao;pr_-012.500_-0058.500;-12.5;-58.5;AMAZONAS;TAPAJOS;1.0;0.9762960071199334;
precipitacao;pr_-012.500_-0059.500;-12.5;-59.5;AMAZONAS;TAPAJOS;1.0;0.9762960071199334;
precipitacao;pr_-013.500_-0055.500;-13.5;-55.5;AMAZONAS;TAPAJOS;1.0;0.9723699203976766;
precipitacao;pr_-013.500_-0056.500;-13.5;-56.5;AMAZONAS;TAPAJOS;1.0;0.9723699203976766;
precipitacao;pr_-013.500_-0057.500;-13.5;-57.5;AMAZONAS;TAPAJOS;1.0;0.9723699203976766;
precipitacao;pr_-013.500_-0058.500;-13.5;-58.5;AMAZONAS;TAPAJOS;1.0;0.9723699203976766;
precipitacao;pr_-013.500_-0059.500;-13.5;-59.5;AMAZONAS;TAPAJOS;1.0;0.9723699203976766;
precipitacao;pr_-014.500_-0054.500;-14.5;-54.5;AMAZONAS;TAPAJOS;1.0;0.9681476403781077;
precipitacao;pr_-021.500_-0048.500;-21.5;-48.5;TIETE;TIETE;1.0;0.9304175679820246;
precipitacao;pr_-021.500_-0049.500;-21.5;-49.5;TIETE;TIETE;1.0;0.9304175679820246;
precipitacao;pr_-022.500_-0047.500;-22.5;-47.5;TIETE;TIETE;1.0;0.9238795325112867;
precipitacao;pr_-022.500_-0048.500;-22.5;-48.5;TIETE;TIETE;1.0;0.9238795325112867;
precipitacao;pr_-023.500_-0046.500;-23.5;-46.5;TIETE;TIETE;1.0;0.917060074385124;
precipitacao;pr_-023.500_-0047.500;-23.5;-47.5;TIETE;TIETE;1.0;0.917060074385124;
precipitacao;pr_-004.500_-0049.500;-4.5;-49.5;TOCANTINS;TOCANTINS;1.0;0.996917333733128;
precipitacao;pr_-005.500_-0047.500;-5.5;-47.5;TOCANTINS;TOCANTINS;1.0;0.9953961983671789;
precipitacao;pr_-005.500_-0048.500;-5.5;-48.5;TOCANTINS;TOCANTINS;1.0;0.9953961983671789;
precipitacao;pr_-005.500_-0049.500;-5.5;-49.5;TOCANTINS;TOCANTINS;1.0;0.9953961983671789;
precipitacao;pr_-005.500_-0050.500;-5.5;-50.5;TOCANTINS;TOCANTINS;1.0;0.9953961983671789;
precipitacao;pr_-006.500_-0047.500;-6.5;-47.5;TOCANTINS;TOCANTINS;1.0;0.9935718556765875;
precipitacao;pr_-006.500_-0048.500;-6.5;-48.5;TOCANTINS;TOCANTINS;1.0;0.9935718556765875;
precipitacao;pr_-006.500_-0049.500;-6.5;-49.5;TOCANTINS;TOCANTINS;1.0;0.9935718556765875;
precipitacao;pr_-006.500_-0050.500;-6.5;-50.5;TOCANTINS;TOCANTINS;1.0;0.9935718556765875;
precipitacao;pr_-007.500_-0047.500;-7.5;-47.5;TOCANTINS;TOCANTINS;1.0;0.9914448613738104;
precipitacao;pr_-007.500_-0048.500;-7.5;-48.5;TOCANTINS;TOCANTINS;1.0;0.9914448613738104;
precipitacao;pr_-007.500_-0049.500;-7.5;-49.5;TOCANTINS;TOCANTINS;1.0;0.9914448613738104;
precipitacao;pr_-008.500_-0047.500;-8.5;-47.5;TOCANTINS;TOCANTINS;1.0;0.9890158633619168;
precipitacao;pr_-008.500_-0048.500;-8.5;-48.5;TOCANTINS;TOCANTINS;1.0;0.9890158633619168;
precipitacao;pr_-008.500_-0049.500;-8.5;-49.5;TOCANTINS;TOCANTINS;1.0;0.9890158633619168;
precipitacao;pr_-008.500_-0050.500;-8.5;-50.5;TOCANTINS;TOCANTINS;1.0;0.9890158633619168;
precipitacao;pr_-009.500_-0047.500;-9.5;-47.5;TOCANTINS;TOCANTINS;1.0;0.9862856015372314;
precipitacao;pr_-009.500_-0048.500;-9.5;-48.5;TOCANTINS;TOCANTINS;1.0;0.9862856015372314;
precipitacao;pr_-009.500_-0049.500;-9.5;-49.5;TOCANTINS;TOCANTINS;1.0;0.9862856015372314;
precipitacao;pr_-009.500_-0050.500;-9.5;-50.5;TOCANTINS;TOCANTINS;1.0;0.9862856015372314;
precipitacao;pr_-010.500_-0046.500;-10.5;-46.5;TOCANTINS;TOCANTINS;1.0;0.9832549075639546;
precipitacao;pr_-010.500_-0047.500;-10.5;-47.5;TOCANTINS;TOCANTINS;1.0;0.9832549075639546;
precipitacao;pr_-010.500_-0048.500;-10.5;-48.5;TOCANTINS;TOCANTINS;1.0;0.9832549075639546;
precipitacao;pr_-010.500_-0049.500;-10.5;-49.5;TOCANTINS;TOCANTINS;1.0;0.9832549075639546;
precipitacao;pr_-010.500_-0050.500;-10.5;-50.5;TOCANTINS;TOCANTINS;1.0;0.9832549075639546;
precipitacao;pr_-010.500_-0051.500;-10.5;-51.5;TOCANTINS;TOCANTINS;1.0;0.9832549075639546;
precipitacao;pr_-011.500_-0047.500;-11.5;-47.5;TOCANTINS;TOCANTINS;1.0;0.9799247046208296;
precipitacao;pr_-011.500_-0048.500;-11.5;-48.5;TOCANTINS;TOCANTINS;1.0;0.9799247046208296;
precipitacao;pr_-011.500_-0049.500;-11.5;-49.5;TOCANTINS;TOCANTINS;1.0;0.9799247046208296;
precipitacao;pr_-011.500_-0050.500;-11.5;-50.5;TOCANTINS;TOCANTINS;1.0;0.9799247046208296;
precipitacao;pr_-011.500_-0051.500;-11.5;-51.5;TOCANTINS;TOCANTINS;1.0;0.9799247046208296;
precipitacao;pr_-012.500_-0046.500;-12.5;-46.5;TOCANTINS;TOCANTINS;1.0;0.9762960071199334;
precipitacao;pr_-012.500_-0047.500;-12.5;-47.5;TOCANTINS;TOCANTINS;1.0;0.9762960071199334;
precipitacao;pr_-012.500_-0048.500;-12.5;-48.5;TOCANTINS;TOCANTINS;1.0;0.9762960071199334;
precipitacao;pr_-012.500_-0049.500;-12.5;-49.5;TOCANTINS;TOCANTINS;1.0;0.9762960071199334;
precipitacao;pr_-012.500_-0050.500;-12.5;-50.5;TOCANTINS;TOCANTINS;1.0;0.9762960071199334;
precipitacao;pr_-012.500_-0051.500;-12.5;-51.5;TOCANTINS;TOCANTINS;1.0;0.9762960071199334;
precipitacao;pr_-013.500_-0046.500;-13.5;-46.5;TOCANTINS;TOCANTINS;1.0;0.9723699203976766;
precipitacao;pr_-013.500_-0047.500;-13.5;-47.5;TOCANTINS;TOCANTINS;1.0;0.9723699203976766;
precipitacao;pr_-013.500_-0048.500;-13.5;-48.5;TOCANTINS;TOCANTINS;1.0;0.9723699203976766;
precipitacao;pr_-013.500_-0049.500;-13.5;-49.5;TOCANTINS;TOCANTINS;1.0;0.9723699203976766;
precipitacao;pr_-013.500_-0050.500;-13.5;-50.5;TOCANTINS;TOCANTINS;1.0;0.9723699203976766;
precipitacao;pr_-013.500_-0051.500;-13.5;-51.5;TOCANTINS;TOCANTINS;1.0;0.9723699203976766;
precipitacao;pr_-014.500_-0046.500;-14.5;-46.5;TOCANTINS;TOCANTINS;1.0;0.9681476403781077;
precipitacao;pr_-014.500_-0047.500;-14.5;-47.5;TOCANTINS;TOCANTINS;1.0;0.9681476403781077;
precipitacao;pr_-014.500_-0048.500;-14.5;-48.5;TOCANTINS;TOCANTINS;1.0;0.9681476403781077;
precipitacao;pr_-014.500_-0049.500;-14.5;-49.5;TOCANTINS;TOCANTINS;1.0;0.9681476403781077;
precipitacao;pr_-014.500_-0050.500;-14.5;-50.5;TOCANTINS;TOCANTINS;1.0;0.9681476403781077;
precipitacao;pr_-014.500_-0051.500;-14.5;-51.5;TOCANTINS;TOCANTINS;1.0;0.9681476403781077;
precipitacao;pr_-014.500_-0052.500;-14.5;-52.5;TOCANTINS;TOCANTINS;1.0;0.9681476403781077;
precipitacao;pr_-015.500_-0048.500;-15.5;-48.5;TOCANTINS;TOCANTINS;1.0;0.963630453208623;
precipitacao;pr_-015.500_-0049.500;-15.5;-49.5;TOCANTINS;TOCANTINS;1.0;0.963630453208623;
precipitacao;pr_-015.500_-0050.500;-15.5;-50.5;TOCANTINS;TOCANTINS;1.0;0.963630453208623;
precipitacao;pr_-015.500_-0051.500;-15.5;-51.5;TOCANTINS;TOCANTINS;1.0;0.963630453208623;
precipitacao;pr_-015.500_-0052.500;-15.5;-52.5;TOCANTINS;TOCANTINS;1.0;0.963630453208623;
precipitacao;pr_-015.500_-0053.500;-15.5;-53.5;TOCANTINS;TOCANTINS;1.0;0.963630453208623;
precipitacao;pr_-015.500_-0054.500;-15.5;-54.5;TOCANTINS;TOCANTINS;1.0;0.963630453208623;
precipitacao;pr_-016.500_-0050.500;-16.5;-50.5;TOCANTINS;TOCANTINS;1.0;0.958819734868193;
precipitacao;pr_-016.500_-0051.500;-16.5;-51.5;TOCANTINS;TOCANTINS;1.0;0.958819734868193;
precipitacao;pr_-016.500_-0052.500;-16.5;-52.5;TOCANTINS;TOCANTINS;1.0;0.958819734868193;
precipitacao;pr_-016.500_-0053.500;-16.5;-53.5;TOCANTINS;TOCANTINS;1.0;0.958819734868193;
precipitacao;pr_-000.750_-0059.750;-0.75;-59.75;AMAZONAS;UATUAMA;0.5;0.24997858189350175;
precipitacao;pr_-001.250_-0059.750;-1.25;-59.75;AMAZONAS;UATUAMA;0.5;0.24994050676997728;
precipitacao;pr_-001.250_-0060.250;-1.25;-60.25;AMAZONAS;UATUAMA;0.5;0.24994050676997728;
precipitacao;pr_-001.250_-0060.750;-1.25;-60.75;AMAZONAS;UATUAMA;0.5;0.24994050676997728;
precipitacao;pr_-001.750_-0059.250;-1.75;-59.25;AMAZONAS;UATUAMA;0.5;0.24988339770917822;
precipitacao;pr_-001.750_-0059.750;-1.75;-59.75;AMAZONAS;UATUAMA;0.5;0.24988339770917822;
precipitacao;pr_-026.500_-0052.500;-26.5;-52.5;URUGUAI;URUGUAI;1.0;0.8949343616020251;
precipitacao;pr_-026.500_-0053.500;-26.5;-53.5;URUGUAI;URUGUAI;1.0;0.8949343616020251;
precipitacao;pr_-027.500_-0050.500;-27.5;-50.5;URUGUAI;URUGUAI;1.0;0.8870108331782217;
precipitacao;pr_-027.500_-0051.500;-27.5;-51.5;URUGUAI;URUGUAI;1.0;0.8870108331782217;
precipitacao;pr_-027.500_-0052.500;-27.5;-52.5;URUGUAI;URUGUAI;1.0;0.8870108331782217;
precipitacao;pr_-027.500_-0053.500;-27.5;-53.5;URUGUAI;URUGUAI;1.0;0.8870108331782217;
precipitacao;pr_-027.500_-0054.500;-27.5;-54.5;URUGUAI;URUGUAI;1.0;0.8870108331782217;
precipitacao;pr_-028.500_-0050.500;-28.5;-50.5;URUGUAI;URUGUAI;1.0;0.8788171126619654;
precipitacao;pr_-028.500_-0053.500;-28.5;-53.5;URUGUAI;URUGUAI;1.0;0.8788171126619654;
precipitacao;pr_-028.500_-0054.500;-28.5;-54.5;URUGUAI;URUGUAI;1.0;0.8788171126619654;
precipitacao;pr_-028.500_-0055.500;-28.5;-55.5;URUGUAI;URUGUAI;1.0;0.8788171126619654;
precipitacao;pr_-029.500_-0054.500;-29.5;-54.5;URUGUAI;URUGUAI;1.0;0.8703556959398997;
precipitacao;pr_-029.500_-0055.500;-29.5;-55.5;URUGUAI;URUGUAI;1.0;0.8703556959398997;
precipitacao;pr_-029.500_-0056.500;-29.5;-56.5;URUGUAI;URUGUAI;1.0;0.8703556959398997;
precipitacao;pr_-030.500_-0055.500;-30.5;-55.5;URUGUAI;URUGUAI;1.0;0.8616291604415258;
precipitacao;pr_-002.500_-0052.500;-2.5;-52.5;AMAZONAS;XINGU;1.0;0.9990482215818578;
precipitacao;pr_-003.500_-0051.500;-3.5;-51.5;AMAZONAS;XINGU;1.0;0.9981347984218669;
precipitacao;pr_-003.500_-0052.500;-3.5;-52.5;AMAZONAS;XINGU;1.0;0.9981347984218669;
precipitacao;pr_-004.500_-0051.500;-4.5;-51.5;AMAZONAS;XINGU;1.0;0.996917333733128;
precipitacao;pr_-004.500_-0052.500;-4.5;-52.5;AMAZONAS;XINGU;1.0;0.996917333733128;
precipitacao;pr_-004.500_-0053.500;-4.5;-53.5;AMAZONAS;XINGU;1.0;0.996917333733128;
precipitacao;pr_-004.500_-0054.500;-4.5;-54.5;AMAZONAS;XINGU;1.0;0.996917333733128;
precipitacao;pr_-005.500_-0051.500;-5.5;-51.5;AMAZONAS;XINGU;1.0;0.9953961983671789;
precipitacao;pr_-005.500_-0052.500;-5.5;-52.5;AMAZONAS;XINGU;1.0;0.9953961983671789;
precipitacao;pr_-005.500_-0053.500;-5.5;-53.5;AMAZONAS;XINGU;1.0;0.9953961983671789;
precipitacao;pr_-005.500_-0054.500;-5.5;-54.5;AMAZONAS;XINGU;1.0;0.9953961983671789;
precipitacao;pr_-006.500_-0051.500;-6.5;-51.5;AMAZONAS;XINGU;1.0;0.9935718556765875;
precipitacao;pr_-006.500_-0052.500;-6.5;-52.5;AMAZONAS;XINGU;1.0;0.9935718556765875;
precipitacao;pr_-006.500_-0053.500;-6.5;-53.5;AMAZONAS;XINGU;1.0;0.9935718556765875;
precipitacao;pr_-006.500_-0054.500;-6.5;-54.5;AMAZONAS;XINGU;1.0;0.9935718556765875;
precipitacao;pr_-007.500_-0050.500;-7.5;-50.5;AMAZONAS;XINGU;1.0;0.9914448613738104;
precipitacao;pr_-007.500_-0051.500;-7.5;-51.5;AMAZONAS;XINGU;1.0;0.9914448613738104;
precipitacao;pr_-007.500_-0052.500;-7.5;-52.5;AMAZONAS;XINGU;1.0;0.9914448613738104;
precipitacao;pr_-007.500_-0053.500;-7.5;-53.5;AMAZONAS;XINGU;1.0;0.9914448613738104;
precipitacao;pr_-007.500_-0054.500;-7.5;-54.5;AMAZONAS;XINGU;1.0;0.9914448613738104;
precipitacao;pr_-008.500_-0051.500;-8.5;-51.5;AMAZONAS;XINGU;1.0;0.9890158633619168;
precipitacao;pr_-008.500_-0052.500;-8.5;-52.5;AMAZONAS;XINGU;1.0;0.9890158633619168;
precipitacao;pr_-008.500_-0053.500;-8.5;-53.5;AMAZONAS;XINGU;1.0;0.9890158633619168;
precipitacao;pr_-008.500_-0054.500;-8.5;-54.5;AMAZONAS;XINGU;1.0;0.9890158633619168;
precipitacao;pr_-009.500_-0051.500;-9.5;-51.5;AMAZONAS;XINGU;1.0;0.9862856015372314;
precipitacao;pr_-009.500_-0052.500;-9.5;-52.5;AMAZONAS;XINGU;1.0;0.9862856015372314;
precipitacao;pr_-009.500_-0053.500;-9.5;-53.5;AMAZONAS;XINGU;1.0;0.9862856015372314;
precipitacao;pr_-009.500_-0054.500;-9.5;-54.5;AMAZONAS;XINGU;1.0;0.9862856015372314;
precipitacao;pr_-010.500_-0052.500;-10.5;-52.5;AMAZONAS;XINGU;1.0;0.9832549075639546;
precipitacao;pr_-010.500_-0053.500;-10.5;-53.5;AMAZONAS;XINGU;1.0;0.9832549075639546;
precipitacao;pr_-011.500_-0052.500;-11.5;-52.5;AMAZONAS;XINGU;1.0;0.9799247046208296;
precipitacao;pr_-011.500_-0053.500;-11.5;-53.5;AMAZONAS;XINGU;1.0;0.9799247046208296;
precipitacao;pr_-011.500_-0054.500;-11.5;-54.5;AMAZONAS;XINGU;1.0;0.9799247046208296;
precipitacao;pr_-012.500_-0052.500;-12.5;-52.5;AMAZONAS;XINGU;1.0;0.9762960071199334;
precipitacao;pr_-012.500_-0053.500;-12.5;-53.5;AMAZONAS;XINGU;1.0;0.9762960071199334;
precipitacao;pr_-012.500_-0054.500;-12.5;-54.5;AMAZONAS;XINGU;1.0;0.9762960071199334;
precipitacao;pr_-013.500_-0052.500;-13.5;-52.5;AMAZONAS;XINGU;1.0;0.9723699203976766;
precipitacao;pr_-013.500_-0053.500;-13.5;-53.5;AMAZONAS;XINGU;1.0;0.9723699203976766;
precipitacao;pr_-013.500_-0054.500;-13.5;-54.5;AMAZONAS;XINGU;1.0;0.9723699203976766;
precipitacao;pr_-014.500_-0053.500;-14.5;-53.5;AMAZONAS;XINGU;1.0;0.9681476403781077;
temperatura;t_-007.500_-0072.500;-7.5;-72.5;AC;SE;;106826;830018
temperatura;t_-010.000_-0067.500;-10.0;-67.5;AC;SE;;386210;830018
temperatura;t_-009.500_-0035.625;-9.5;-35.625;AL;NE;;1243569;3127683
temperatura;t_-009.500_-0036.875;-9.5;-36.875;AL;NE;;446166;3127683
temperatura;t_-003.000_-0060.000;-3.0;-60.0;AM;N;;2083326;3941613
temperatura;t_+000.000_-0051.250;0.0;-51.25;AP;N;;572475;733759
temperatura;t_-012.500_-0038.125;-12.5;-38.125;BA;NE;;500621;14141626
temperatura;t_-012.500_-0038.750;-12.5;-38.75;BA;NE;;1081554;14141626
temperatura;t_-013.000_-0038.125;-13.0;-38.125;BA;NE;;317890;14141626
temperatura;t_-013.000_-0038.750;-13.0;-38.75;BA;NE;;2584238;14141626
temperatura;t_-015.000_-0040.625;-15.0;-40.625;BA;NE;;438017;14141626
temperatura;t_-016.500_-0039.375;-16.5;-39.375;BA;NE;;310201;14141626
temperatura;t_-003.500_-0038.750;-3.5;-38.75;CE;NE;;2877510;8794957
temperatura;t_-003.500_-0039.375;-3.5;-39.375;CE;NE;;332073;8794957
temperatura;t_-004.000_-0038.750;-4.0;-38.75;CE;NE;;792678;8794957
temperatura;t_-007.000_-0039.375;-7.0;-39.375;CE;NE;;557753;8794957
temperatura;t_-020.000_-0040.000;-20.0;-40.0;ES;SE;;615418;3833712
temperatura;t_-020.500_-0040.000;-20.5;-40.0;ES;SE;;467722;3833712
temperatura;t_-020.500_-0040.625;-20.5;-40.625;ES;SE;;941332;3833712
temperatura;t_-016.000_-0048.125;-16.0;-48.125;GO;SE;;466559;7056495
temperatura;t_-016.500_-0048.750;-16.5;-48.75;GO;SE;;477041;7056495
temperatura;t_-016.500_-0049.375;-16.5;-49.375;GO;SE;;1940075;7056495
temperatura;t_-017.000_-0049.375;-17.0;-49.375;GO;SE;;613466;7056495
temperatura;t_-018.000_-0050.625;-18.0;-50.625;GO;SE;;274492;7056495
temperatura;t_-002.500_-0043.750;-2.5;-43.75;MA;N;;283873;6776699
temperatura;t_-002.500_-0044.375;-2.5;-44.375;MA;N;;1232724;6776699
temperatura;t_-002.500_-0045.000;-2.5;-45.0;MA;N;;188019;6776699
temperatura;t_-003.500_-0045.625;-3.5;-45.625;MA;N;;232274;6776699
temperatura;t_-005.000_-0043.125;-5.0;-43.125;MA;N;;331438;6776699
temperatura;t_-005.500_-0047.500;-5.5;-47.5;MA;N;;345334;6776699
temperatura;t_-016.500_-0043.750;-16.5;-43.75;MG;SE;;451824;20539989
temperatura;t_-019.000_-0048.125;-19.0;-48.125;MG;SE;;719395;20539989
temperatura;t_-019.500_-0042.500;-19.5;-42.5;MG;SE;;515402;20539989
temperatura;t_-020.000_-0043.750;-20.0;-43.75;MG;SE;;2871863;20539989
temperatura;t_-020.000_-0044.375;-20.0;-44.375;MG;SE;;2075868;20539989
temperatura;t_-022.000_-0043.125;-22.0;-43.125;MG;SE;;589696;20539989
temperatura;t_-019.000_-0057.500;-19.0;-57.5;MS;SE;;117790;2757013
temperatura;t_-020.500_-0054.375;-20.5;-54.375;MS;SE;;898100;2757013
temperatura;t_-021.000_-0051.875;-21.0;-51.875;MS;SE;;143731;2757013
temperatura;t_-022.000_-0055.000;-22.0;-55.0;MS;SE;;267504;2757013
temperatura;t_-010.000_-0055.000;-10.0;-55.0;MT;SE;;90349;3658649
temperatura;t_-012.000_-0055.625;-12.0;-55.625;MT;SE;;196312;3658649
temperatura;t_-012.500_-0055.625;-12.5;-55.625;MT;SE;;110635;3658649
temperatura;t_-014.500_-0057.500;-14.5;-57.5;MT;SE;;106434;3658649
temperatura;t_-015.500_-0056.250;-15.5;-56.25;MT;SE;;950955;3658649
temperatura;t_-016.500_-0054.375;-16.5;-54.375;MT;SE;;265852;3658649
temperatura;t_-001.000_-0046.875;-1.0;-46.875;PA;N;;309708;8120131
temperatura;t_-001.500_-0048.125;-1.5;-48.125;PA;N;;954113;8120131
temperatura;t_-001.500_-0048.750;-1.5;-48.75;PA;N;;1613225;8120131
temperatura;t_-002.500_-0055.000;-2.5;-55.0;PA;N;;350041;8120131
temperatura;t_-005.500_-0049.375;-5.5;-49.375;PA;N;;266533;8120131
temperatura;t_-006.000_-0050.000;-6.0;-50.0;PA;N;;267836;8120131
temperatura;t_-007.000_-0035.000;-7.0;-35.0;PB;NE;;1336820;3974687
temperatura;t_-007.000_-0035.625;-7.0;-35.625;PB;NE;;877069;3974687
temperatura;t_-008.000_-0035.000;-8.0;-35.0;PE;NE;;3763286;9058931
temperatura;t_-008.500_-0036.250;-8.5;-36.25;PE;NE;;767038;9058931
temperatura;t_-003.000_-0041.875;-3.0;-41.875;PI;NE;;227364;3271199
temperatura;t_-004.000_-0042.500;-4.0;-42.5;PI;NE;;125090;3271199
temperatura;t_-004.500_-0041.875;-4.5;-41.875;PI;NE;;106555;3271199
temperatura;t_-005.000_-0042.500;-5.0;-42.5;PI;NE;;960429;3271199
temperatura;t_-006.000_-0042.500;-6.0;-42.5;PI;NE;;91252;3271199
temperatura;t_-007.000_-0041.250;-7.0;-41.25;PI;NE;;153533;3271199
temperatura;t_-023.500_-0051.250;-23.5;-51.25;PR;S;;1084447;11444380
temperatura;t_-023.500_-0051.875;-23.5;-51.875;PR;S;;747151;11444380
temperatura;t_-025.000_-0050.000;-25.0;-50.0;PR;S;;454729;11444380
temperatura;t_-025.000_-0053.750;-25.0;-53.75;PR;S;;415767;11444380
temperatura;t_-025.500_-0049.375;-25.5;-49.375;PR;S;;3224872;11444380
temperatura;t_-023.000_-0043.125;-23.0;-43.125;RJ;SE;;9833104;16055174
temperatura;t_-005.000_-0037.500;-5.0;-37.5;RN;NE;;296872;3302729
temperatura;t_-006.000_-0035.000;-6.0;-35.0;RN;NE;;1117489;3302729
temperatura;t_-006.000_-0035.625;-6.0;-35.625;RN;NE;;368912;3302729
temperatura;t_-009.500_-0063.750;-9.5;-63.75;RO;SE;;460434;1581196
temperatura;t_-011.000_-0061.875;-11.0;-61.875;RO;SE;;143660;1581196
temperatura;t_-011.500_-0061.250;-11.5;-61.25;RO;SE;;207786;1581196
temperatura;t_+003.000_-0060.625;3.0;-60.625;RR;N;;413486;636707
temperatura;t_-028.500_-0052.500;-28.5;-52.5;RS;S;;338258;10882965
temperatura;t_-029.000_-0051.250;-29.0;-51.25;RS;S;;768824;10882965
temperatura;t_-029.500_-0050.625;-29.5;-50.625;RS;S;;327845;10882965
temperatura;t_-029.500_-0051.250;-29.5;-51.25;RS;S;;797757;10882965
temperatura;t_-030.000_-0051.250;-30.0;-51.25;RS;S;;3080421;10882965
temperatura;t_-031.500_-0052.500;-31.5;-52.5;RS;S;;384010;10882965
temperatura;t_-026.500_-0048.750;-26.5;-48.75;SC;S;;801901;7610361
temperatura;t_-027.000_-0048.750;-27.0;-48.75;SC;S;;1089296;7610361
temperatura;t_-027.000_-0049.375;-27.0;-49.375;SC;S;;656996;7610361
temperatura;t_-027.500_-0048.750;-27.5;-48.75;SC;S;;1245897;7610361
temperatura;t_-028.500_-0049.375;-28.5;-49.375;SC;S;;506654;7610361
temperatura;t_-011.000_-0036.875;-11.0;-36.875;SE;NE;;871665;2210004
temperatura;t_-011.000_-0037.500;-11.0;-37.5;SE;NE;;330634;2210004
temperatura;t_-023.000_-0046.875;-23.0;-46.875;SP;SE;;2406431;44411238
temperatura;t_-023.500_-0046.250;-23.5;-46.25;SP;SE;;5281627;44411238
temperatura;t_-023.500_-0046.875;-23.5;-46.875;SP;SE;;15762969;44411238
temperatura;t_-005.500_-0048.125;-5.5;-48.125;TO;N;;71342;1511460
temperatura;t_-007.000_-0048.125;-7.0;-48.125;TO;N;;186306;1511460
temperatura;t_-010.000_-0048.125;-10.0;-48.125;TO;N;;310905;1511460
temperatura;t_-010.000_-0048.750;-10.0;-48.75;TO;N;;59602;1511460
temperatura;t_-010.500_-0048.125;-10.5;-48.125;TO;N;;64418;1511460
temperatura;t_-011.500_-0049.375;-11.5;-49.375;TO;N;;89373;1511460
