dataset;serie;ref;capturado_em;capturado_em_ant;valor;valor_anterior;diferenca;diferenca_pct;situacao
carga_energia_di;carga_mwmed.SE;2026-09-10;2026-09-30T02:19:48Z;2026-09-29T02:42:48Z;46249.7948;46234.2544;15.54;0.034;revisao
carga_energia_di;carga_mwmed.SE;2026-09-17;2026-09-30T02:19:48Z;2026-09-29T02:42:48Z;44325.2653;44325.1081;0.157;0.0;revisao
carga_energia_di;carga_mwmed.SE;2026-09-18;2026-09-30T02:19:48Z;2026-09-29T02:42:48Z;43905.666;43905.0662;0.6;0.001;revisao
carga_energia_di;carga_mwmed.SE;2026-09-19;2026-09-30T02:19:48Z;2026-09-29T02:42:48Z;40986.301;40984.2685;2.032;0.005;revisao
carga_energia_di;carga_mwmed.SE;2026-09-20;2026-09-30T02:19:48Z;2026-09-29T02:42:48Z;39166.8147;39165.9778;0.837;0.002;revisao
carga_energia_di;carga_mwmed.SE;2026-09-21;2026-09-30T02:19:48Z;2026-09-29T02:42:48Z;46552.649;46552.0647;0.584;0.001;revisao
carga_energia_di;carga_mwmed.SE;2026-09-22;2026-09-30T02:19:48Z;2026-09-29T02:42:48Z;47681.629;47677.0241;4.605;0.01;revisao
carga_energia_di;carga_mwmed.SE;2026-09-23;2026-09-30T02:19:48Z;2026-09-29T02:42:48Z;46069.4723;46037.1082;32.364;0.07;revisao
carga_energia_di;carga_mwmed.SE;2026-09-24;2026-09-30T02:19:48Z;2026-09-29T02:42:48Z;44698.0497;44701.2813;-3.232;-0.007;revisao
carga_energia_di;carga_mwmed.SE;2026-09-25;2026-09-30T02:19:48Z;2026-09-29T02:42:48Z;45978.8337;45981.3491;-2.515;-0.005;revisao
carga_energia_di;carga_mwmed.SE;2026-09-26;2026-09-30T02:19:48Z;2026-09-29T02:42:48Z;44162.3458;42435.1016;1727.244;4.07;revisao
carga_energia_di;carga_mwmed.S;2026-09-22;2026-09-30T02:19:48Z;2026-09-29T02:42:48Z;13897.9331;13896.0447;1.888;0.014;revisao
carga_energia_di;carga_mwmed.S;2026-09-23;2026-09-30T02:19:48Z;2026-09-29T02:42:48Z;13989.7412;13988.3951;1.346;0.01;revisao
carga_energia_di;carga_mwmed.S;2026-09-24;2026-09-30T02:19:48Z;2026-09-29T02:42:48Z;13872.2013;13871.6306;0.571;0.004;revisao
carga_energia_di;carga_mwmed.S;2026-09-25;2026-09-30T02:19:48Z;2026-09-29T02:42:48Z;13787.5955;13787.1765;0.419;0.003;revisao
carga_energia_di;carga_mwmed.S;2026-09-26;2026-09-30T02:19:48Z;2026-09-29T02:42:48Z;12519.8679;12292.4097;227.458;1.85;revisao
carga_energia_di;carga_mwmed.NE;2026-09-01;2026-09-30T02:19:48Z;2026-09-29T02:42:48Z;14670.6959;14682.3382;-11.642;-0.079;revisao
carga_energia_di;carga_mwmed.NE;2026-09-07;2026-09-30T02:19:48Z;2026-09-29T02:42:48Z;13222.1823;13240.3581;-18.176;-0.137;revisao
carga_energia_di;carga_mwmed.NE;2026-09-11;2026-09-30T02:19:48Z;2026-09-29T02:42:48Z;14506.0832;14500.0471;6.036;0.042;revisao
carga_energia_di;carga_mwmed.NE;2026-09-12;2026-09-30T02:19:48Z;2026-09-29T02:42:48Z;13813.2289;13806.5243;6.705;0.049;revisao
carga_energia_di;carga_mwmed.NE;2026-09-13;2026-09-30T02:19:48Z;2026-09-29T02:42:48Z;12836.7311;12829.0889;7.642;0.06;revisao
carga_energia_di;carga_mwmed.NE;2026-09-14;2026-09-30T02:19:48Z;2026-09-29T02:42:48Z;14313.4802;14304.7149;8.765;0.061;revisao
carga_energia_di;carga_mwmed.NE;2026-09-19;2026-09-30T02:19:48Z;2026-09-29T02:42:48Z;13783.7655;13785.8332;-2.068;-0.015;revisao
carga_energia_di;carga_mwmed.NE;2026-09-20;2026-09-30T02:19:48Z;2026-09-29T02:42:48Z;12676.229;12679.1805;-2.951;-0.023;revisao
carga_energia_di;carga_mwmed.NE;2026-09-21;2026-09-30T02:19:48Z;2026-09-29T02:42:48Z;14225.1976;14224.1484;1.049;0.007;revisao
carga_energia_di;carga_mwmed.NE;2026-09-22;2026-09-30T02:19:48Z;2026-09-29T02:42:48Z;14900.6005;14884.4623;16.138;0.108;revisao
carga_energia_di;carga_mwmed.NE;2026-09-23;2026-09-30T02:19:48Z;2026-09-29T02:42:48Z;15304.2549;15272.7105;31.544;0.207;revisao
carga_energia_di;carga_mwmed.NE;2026-09-24;2026-09-30T02:19:48Z;2026-09-29T02:42:48Z;15309.7116;15299.0318;10.68;0.07;revisao
carga_energia_di;carga_mwmed.NE;2026-09-25;2026-09-30T02:19:48Z;2026-09-29T02:42:48Z;15114.401;15109.0841;5.317;0.035;revisao
carga_energia_di;carga_mwmed.NE;2026-09-26;2026-09-30T02:19:48Z;2026-09-29T02:42:48Z;13984.6958;-668.879;14653.575;;correcao_de_valor_fora_do_dominio
carga_energia_di;carga_mwmed.N;2026-09-21;2026-09-30T02:19:48Z;2026-09-29T02:42:48Z;10068.4318;10068.3705;0.061;0.001;revisao
carga_energia_di;carga_mwmed.N;2026-09-25;2026-09-30T02:19:48Z;2026-09-29T02:42:48Z;9793.7047;9793.9294;-0.225;-0.002;revisao
carga_energia_di;carga_mwmed.N;2026-09-26;2026-09-30T02:19:48Z;2026-09-29T02:42:48Z;9401.1306;9126.2185;274.912;3.012;revisao
