id;familia;dataset;orgao;conjunto;slug;modulos;estado;papeis;golds;frequencia_declarada;campo_frequencia;caso_sla;cadencia_sla;granularidade;ref_min;ultimo_periodo;periodo_parcial;prazo_proximo;situacao;dias_atraso;capturas;primeira_captura;ultima_captura;ultima_publicacao_fonte;tentativas;falhas;ultima_falha_em;falhas_consecutivas;series;linhas;completude_interna;series_no_ultimo;series_no_anterior;revisoes_eventos;revisoes_observacoes;revisoes_referencias;revisoes_series;revisao_ref_min;revisao_ref_max;maior_revisao_abs;maior_revisao_rel_pct;registros_mudancas;registros_conflitos;validacao;checagens_aprovadas;checagens_ressalva;checagens_reprovadas;originais_ausentes;sha256_divergentes
aneel_distribuicao/aneel_componentes_tarifarias_b1;aneel_distribuicao;aneel_componentes_tarifarias_b1;ANEEL;componentes-tarifarias;aneel-componentes-tarifarias;perdas;PUBLICADO;indicador;perdas.json;Semanal;Frequência de atualização;D;semanal;cadência irregular;2012-02-03;2026-08-29;;2026-10-11;EM DIA;0;16;2026-09-30T22:26:56Z;2026-09-30T22:31:18Z;2026-09-27T05:32:55Z;16;0;;0;1380;22836;;;;;;;;;;;;;1;aprovado;4;0;0;0;0
aneel_distribuicao/aneel_continuidade_limites;aneel_distribuicao;aneel_continuidade_limites;ANEEL;indicadores-coletivos-de-continuidade-dec-e-fec;aneel-continuidade-dec-fec;perdas;PUBLICADO;indicador;perdas.json;Mensal;Frequência de atualização;D;mensal;cadastro (sem período de referência);;;;2026-12-05;EM DIA;0;2;2026-09-30T22:31:44Z;2026-09-30T22:32:21Z;2026-09-05T05:27:08Z;2;0;;0;;;;;;;;;;;;;;;;aprovado;4;0;0;0;0
aneel_distribuicao/aneel_indqual_municipio;aneel_distribuicao;aneel_indqual_municipio;ANEEL;indqual-municipio;aneel-indqual-municipio;perdas;PUBLICADO;indicador;perdas.json|qualidade.json;Mensal;Frequência de atualização;D;mensal;cadastro (sem período de referência);;;;2026-12-09;EM DIA;0;2;2026-09-30T22:32:31Z;2026-09-30T22:32:46Z;2026-09-09T11:06:11Z;2;0;;0;;;;;;;;;;;;;;;;aprovado;4;0;0;0;0
aneel_distribuicao/aneel_mmgd_municipio;aneel_distribuicao;aneel_mmgd_municipio;ANEEL;relacao-de-empreendimentos-de-geracao-distribuida;aneel-mmgd-empreendimentos;perdas;PUBLICADO;indicador;perdas.json;Diária;Frequência de atualização;D;diaria;sem referência temporal;1100015;;;2026-10-02;EM DIA;0;1;2026-09-30T22:34:01Z;2026-09-30T22:34:01Z;2026-09-29T12:07:03Z;1;0;;0;103;7230;;;;;;;;;;;;;;aprovado;3;0;0;0;0
aneel_distribuicao/aneel_samp_balanco;aneel_distribuicao;aneel_samp_balanco;ANEEL;samp-balanco;aneel-samp-balanco;perdas;PUBLICADO;indicador;empresas.json|perdas.json|territorio.json;Mensal;Frequência de atualização;A;mensal;mensal;2003-01;2026-08;;2026-11-29;EM DIA;0;2;2026-09-30T22:26:19Z;2026-09-30T22:26:40Z;2026-09-15T05:01:12Z;2;0;;0;1508;254796;0.982;173;664;;;;;;;;;;;aprovado;4;0;0;0;0
aneel_distribuicao/ibge_censo2022_municipio;aneel_distribuicao;ibge_censo2022_municipio;IBGE;censo-2022-agregados-4714-10295;ibge-censo-2022-municipios;perdas;PUBLICADO;indicador;perdas.json;;;;;sem referência temporal;1100015;;;;SEM SLA;;3;2026-09-30T22:34:14Z;2026-09-30T22:34:16Z;;3;0;;0;4;22280;;;;;;;;;;;;;;aprovado;3;0;0;0;0
aneel_geracao/aneel_atos_outorga_geracao;aneel_geracao;aneel_atos_outorga_geracao;ANEEL;atos-de-outorgas-de-geracao;aneel-atos-outorgas-geracao;expansao;PUBLICADO;indicador;expansao.json;Mensal;Frequência de atualização;D;mensal;cadastro (sem período de referência);;;;2026-12-25;EM DIA;0;1;2026-09-30T22:21:26Z;2026-09-30T22:21:26Z;2026-09-25T18:14:51Z;1;0;;0;;;;;;;;;;;;;;;;aprovado;4;0;0;0;0
aneel_geracao/aneel_capacidade_agregada;aneel_geracao;aneel_capacidade_agregada;ANEEL;capacidade-instalada-por-unidade-da-federacao;aneel-capacidade-uf;expansao;PUBLICADO;contexto;expansao.json;Trimestral;Frequência de atualização;A;trimestral;trimestral;2001-12;2026-06;;2027-02-28;EM DIA;0;2;2026-09-30T22:22:47Z;2026-09-30T22:22:50Z;2026-08-05T14:17:48Z;2;0;;0;43;2768;0.7782;41;41;;;;;;;;;;;aprovado;5;0;0;0;0
aneel_geracao/aneel_leiloes_transmissao;aneel_geracao;aneel_leiloes_transmissao;ANEEL;resultado-de-leiloes;aneel-resultado-leiloes;expansao;PUBLICADO;indicador;expansao.json;Mensal;Frequência de atualização;D;mensal;cadastro (sem período de referência);;;;2026-12-01;EM DIA;0;1;2026-09-30T22:21:32Z;2026-09-30T22:21:32Z;2026-09-01T05:01:33Z;1;0;;0;;;;;;;;;;;;;;;;aprovado;4;0;0;0;0
aneel_geracao/aneel_liberacao_comercial;aneel_geracao;aneel_liberacao_comercial;ANEEL;liberacao-para-operacao-comercial-de-empreendimentos-de-geracao;aneel-liberacao-operacao-comercial;expansao;PUBLICADO;indicador;expansao.json;Quinzenal;Frequencial de atualização;E;quinzenal;anual;1997;2026;1;2026-10-18;EM DIA;0;2;2026-09-30T22:21:13Z;2026-09-30T22:21:15Z;2026-09-18T20:07:07Z;2;0;;0;6;138;0.9718;5;6;;;;;;;;;;;aprovado;5;0;0;0;0
aneel_geracao/aneel_ralie;aneel_geracao;aneel_ralie;ANEEL;ralie-relatorio-de-acompanhamento-da-expansao-da-oferta-de-geracao-de-energia-eletrica;aneel-ralie;expansao;PUBLICADO;indicador;expansao.json;Quinzenal;Frequência de atualização;D;quinzenal;cadência irregular;2021-06-17;2026-09-18;;2026-10-18;EM DIA;0;5;2026-09-30T22:19:12Z;2026-09-30T22:20:52Z;2026-09-18T21:17:26Z;5;0;;0;53;9381;;;;;;;;;;;;;;aprovado;5;0;0;0;0
aneel_geracao/aneel_siga;aneel_geracao;aneel_siga;ANEEL;siga-sistema-de-informacoes-de-geracao-da-aneel;aneel-siga;expansao;PUBLICADO;indicador;empresas.json|expansao.json|territorio.json;Mensal e diária;Frequência de atualização;D;mensal;cadastro (sem período de referência);;;;2026-12-30;EM DIA;0;1;2026-09-30T22:18:54Z;2026-09-30T22:18:54Z;2026-09-30T10:40:44Z;1;0;;0;;;;;;;;;;;;;;;;aprovado;4;0;0;0;0
aneel_geracao/aneel_siget;aneel_geracao;aneel_siget;ANEEL;sistema-de-gestao-da-transmissao-siget;aneel-siget;expansao;PUBLICADO;indicador;empresas.json|expansao.json;Diária;Frequência de atualização;D;diaria;cadastro (sem período de referência);;;;2026-10-02;EM DIA;0;5;2026-09-30T22:21:58Z;2026-10-01T00:45:14Z;2026-09-29T16:36:54Z;5;0;;0;;;;;;;;;;;;;;;;aprovado;4;0;0;0;0
aneel_geracao/epe_pde;aneel_geracao;epe_pde;EPE;pde-2035;epe-pde-2035;expansao;PUBLICADO;indicador;expansao.json;;;;;anual;2025;2026;1;;SEM SLA;;3;2026-09-30T22:22:53Z;2026-09-30T22:22:59Z;;3;0;;0;76;605;0.8495;53;23;;;;;;;;;;;aprovado;4;0;0;0;0
aneel_geracao/epe_webmap_rede;aneel_geracao;epe_webmap_rede;EPE;webmap-epe-linhas-de-transmissao;epe-webmap-linhas-transmissao;expansao;PUBLICADO;indicador;expansao.json;;;;;;;;;;SEM SLA;;2;2026-10-01T00:45:40Z;2026-10-01T00:46:47Z;;2;0;;0;;;;;;;;;;;;;;;;aprovado;3;0;0;0;0
aneel_mmgd/aneel_mmgd_empreendimentos;aneel_mmgd;aneel_mmgd_empreendimentos;ANEEL;relacao-de-empreendimentos-de-geracao-distribuida;aneel-mmgd-empreendimentos;transicao;PUBLICADO;indicador;territorio.json|transicao.json;Diária;Frequência de atualização;D;diaria;diária;2026-09-29;2026-09-29;;2026-10-02;EM DIA;0;2;2026-09-30T22:21:47Z;2026-09-30T22:22:34Z;2026-09-29T12:07:03Z;2;0;;0;44;235163;;;;;;;;;;;;;;aprovado;3;0;0;0;0
aneel_mmgd/aneel_mmgd_ref_conjuntos_limite;aneel_mmgd;aneel_mmgd_ref_conjuntos_limite;ANEEL;indicadores-coletivos-de-continuidade-dec-e-fec;aneel-conjuntos-limite-area-mmgd;transicao;PUBLICADO;conferencia;transicao.json;Mensal;Frequência de atualização;D;mensal;cadastro (sem período de referência);;;;2026-12-05;EM DIA;0;1;2026-10-01T00:18:12Z;2026-10-01T00:18:12Z;2026-09-05T05:27:08Z;1;0;;0;;;;;;;;;;;;;;;;aprovado;4;0;0;0;0
aneel_mmgd/aneel_mmgd_ref_conjuntos_municipio;aneel_mmgd;aneel_mmgd_ref_conjuntos_municipio;ANEEL;indqual-municipio;aneel-indqual-municipio-area-mmgd;transicao;PUBLICADO;conferencia;transicao.json;Mensal;Frequência de atualização;D;mensal;cadastro (sem período de referência);;;;2026-12-09;EM DIA;0;1;2026-10-01T00:18:20Z;2026-10-01T00:18:20Z;2026-09-09T11:06:11Z;1;0;;0;;;;;;;;;;;;;;;;aprovado;4;0;0;0;0
aneel_mmgd/ibge_populacao_6579;aneel_mmgd;ibge_populacao_6579;IBGE;sidra-6579;ibge-populacao-estimada-6579;transicao;PUBLICADO;indicador;territorio.json|transicao.json;anual;periodicidade.frequencia;D;anual;sem referência temporal;1100015|2026;;;;SEM DADO;;1;2026-09-30T22:20:29Z;2026-09-30T22:20:29Z;;1;0;;0;1;5599;;;;;;;;;;;;;;aprovado;3;0;0;0;0
aneel_mmgd/mcti_fator_emissao;aneel_mmgd;mcti_fator_emissao;MCTI;fatores-de-emissao-sin;mcti-fatores-emissao-sin;transicao;PUBLICADO;indicador;transicao.json;;;;;diária;2006-01-01;2026-08-31;;;SEM SLA;;42;2026-09-30T22:48:14Z;2026-09-30T22:49:08Z;;45;0;;0;14;14413;1.0;1;1;;;;;;;;;;;aprovado;4;0;0;0;0
aneel_mmgd/ons_carga_verificada_mmgd;aneel_mmgd;ons_carga_verificada_mmgd;ONS;carga-energia-verificada;ons-carga-verificada-mmgd;transicao;PUBLICADO;indicador;territorio.json|transicao.json;;;;;diária;2019-01-01;2026-09-30;;;SEM SLA;;376;2026-09-30T22:24:52Z;2026-10-01T00:18:22Z;;376;0;;0;20;56048;0.9998;20;20;;;;;;;;;;;aprovado;4;0;0;0;0
aneel_qualidade/aneel_atendimento_emergencial;aneel_qualidade;aneel_atendimento_emergencial;ANEEL;atendimento-ocorrencias-emergenciais;aneel-atendimento-emergencial;qualidade;PUBLICADO;indicador;qualidade.json;Mensal;Frequência de atualização;A;mensal;mensal;2015-01;2026-08;;2026-11-29;EM DIA;0;2;2026-09-30T22:54:07Z;2026-09-30T22:54:22Z;2026-09-05T05:06:39Z;2;0;;0;1514;144418;0.9968;30;1000;;;;;;;;;;;aprovado;4;0;0;0;0
aneel_qualidade/aneel_atendimento_telefonico;aneel_qualidade;aneel_atendimento_telefonico;ANEEL;indicadores-de-qualidade-do-atendimento-telefonico;aneel-atendimento-telefonico;qualidade;PUBLICADO;indicador;qualidade.json;Mensal;Frequência de atualização;A;mensal;mensal;2014-01;2026-08;;2026-11-29;EM DIA;0;2;2026-10-01T00:06:45Z;2026-10-01T00:06:49Z;2026-09-05T10:00:20Z;2;0;;0;560;84210;0.9997;14;560;;;;;;;;;;;aprovado;5;0;0;0;0
aneel_qualidade/aneel_continuidade;aneel_qualidade;aneel_continuidade;ANEEL;indicadores-coletivos-de-continuidade-dec-e-fec;aneel-continuidade-dec-fec;qualidade;PUBLICADO;indicador;empresas.json|qualidade.json|territorio.json;Mensal;Frequência de atualização;E;mensal;anual;2000;2026;1;2026-12-05;EM DIA;0;10;2026-09-30T22:19:28Z;2026-09-30T22:45:43Z;2026-09-05T05:27:08Z;10;0;;0;124354;1360928;0.9997;27053;26890;;;;;;;;;;;aprovado;5;0;0;0;0
aneel_qualidade/aneel_eventos_emergencia;aneel_qualidade;aneel_eventos_emergencia;ANEEL;evento-situacao-de-emergencia;aneel-eventos-situacao-emergencia;qualidade;PUBLICADO;indicador;qualidade.json;;;;;cadastro (sem período de referência);;;;;SEM SLA;;2;2026-09-30T22:54:37Z;2026-09-30T22:54:38Z;2026-08-15T08:32:27Z;2;0;;0;;;;;;;;;;;;;;;;aprovado;4;0;0;0;0
aneel_qualidade/aneel_iasc;aneel_qualidade;aneel_iasc;ANEEL;indice-aneel-de-satisfacao-do-consumidor-iasc;aneel-iasc;qualidade;PUBLICADO;indicador;qualidade.json;Anual;Frequência de atualização;A;anual;anual;2006;2025;;2027-12-31;EM DIA;0;2;2026-09-30T22:26:32Z;2026-09-30T22:26:50Z;2026-06-26T16:05:35Z;2;0;;0;735;10347;0.9597;721;721;;;;;;;;;;;aprovado;5;0;0;0;0
aneel_qualidade/aneel_indqual_municipio;aneel_qualidade;aneel_indqual_municipio;ANEEL;indqual-municipio;aneel-indqual-municipio;qualidade;PUBLICADO;indicador;perdas.json|qualidade.json;Mensal;Frequência de atualização;D;mensal;cadastro (sem período de referência);;;;2026-12-09;EM DIA;0;2;2026-09-30T22:54:40Z;2026-09-30T22:54:47Z;2026-09-09T11:06:11Z;2;0;;0;;;;;;;;;;;;;;;;aprovado;4;0;0;0;0
aneel_qualidade/aneel_manifestacoes;aneel_qualidade;aneel_manifestacoes;ANEEL;manifestacoes-no-1o-e-2o-niveis-da-distribuidora;aneel-manifestacoes-distribuidora;qualidade;PUBLICADO;indicador;qualidade.json;Mensal;Frequência de atualização;A;mensal;mensal;2023-01;2026-07;;2026-10-30;EM DIA;0;5;2026-09-30T22:27:04Z;2026-09-30T22:29:38Z;2026-09-26T03:28:08Z;5;0;;0;665;25032;0.9737;568;576;;;;;;;;;;11;aprovado;4;0;0;0;0
aneel_qualidade/aneel_ouvidoria;aneel_qualidade;aneel_ouvidoria;ANEEL;ouvidoria-setorial-aneel;aneel-ouvidoria-setorial;qualidade;PUBLICADO;indicador;qualidade.json;Diária;Frequência de atualização;E;diaria;mensal;2023-01;2026-09;;2026-10-03;EM DIA;0;5;2026-09-30T22:32:41Z;2026-09-30T22:53:53Z;2026-09-30T10:01:48Z;5;0;;0;412;14744;0.8585;340;321;;;;;;;;;;;aprovado;5;0;0;0;0
aneel_qualidade/aneel_ranking_continuidade;aneel_qualidade;aneel_ranking_continuidade;ANEEL;ranking-de-continuidade;aneel-ranking-continuidade;qualidade;PUBLICADO;indicador;qualidade.json;;;;;cadastro (sem período de referência);;;;;SEM SLA;;9;2026-09-30T22:54:48Z;2026-10-01T00:06:59Z;;10;0;;0;;;;;;;;;;;;;;;;aprovado;3;0;0;0;0
aneel_qualidade/ibge_localidades_municipios;aneel_qualidade;ibge_localidades_municipios;IBGE;localidades-municipios;ibge-localidades-municipios-qualidade;qualidade;PUBLICADO;indicador;qualidade.json;;;;;cadastro (sem período de referência);;;;;SEM SLA;;1;2026-10-01T00:06:51Z;2026-10-01T00:06:51Z;;1;0;;0;;;;;;;;;;;;;;;;aprovado;3;0;0;0;0
aneel_social/aneel_cde_beneficiarios;aneel_social;aneel_cde_beneficiarios;ANEEL;beneficiarios-da-cde;aneel-beneficiarios-cde;inclusao;PUBLICADO;indicador;inclusao.json|territorio.json;Anual;Frequência de atualização;B;anual;mensal;2025-05;2026-05;;2028-05-31;EM DIA;0;14;2026-09-30T22:31:22Z;2026-10-01T00:09:07Z;2026-07-24T17:39:16Z;14;0;;0;79218;654934;0.8859;46092;49592;;;;;;;;;;;ressalva;3;1;0;2;0
aneel_social/aneel_cde_custeio;aneel_social;aneel_cde_custeio;ANEEL;conta-desenvolvimento-energetico-cde-custeio-dos-beneficios-tarifarios;aneel-cde-custeio;inclusao;PUBLICADO;indicador;conta.json|inclusao.json;Anual;Frequência de atualização;A;anual;anual;2013;2026;1;2027-12-31;EM DIA;0;2;2026-09-30T22:41:40Z;2026-09-30T22:41:44Z;2026-09-01T05:02:45Z;2;0;;0;30;359;1.0;26;26;;;;;;;;;;;aprovado;5;0;0;0;0
aneel_social/aneel_scs;aneel_social;aneel_scs;ANEEL;scs-sistema-de-controle-de-subvencoes-e-programas-sociais;aneel-scs;inclusao;PUBLICADO;indicador;inclusao.json;Mensal;Frequência de atualização;A;mensal;mensal;2011-12;2025-06;;2025-09-29;ATRASADO;367;2;2026-09-30T22:30:28Z;2026-09-30T22:30:55Z;2026-09-20T04:01:05Z;2;0;;0;3876;477802;0.9946;3332;3468;;;;;;;;;;;aprovado;5;0;0;0;0
aneel_social/aneel_tarifa_social_antiga;aneel_social;aneel_tarifa_social_antiga;ANEEL;tarifa-social-de-energia-eletrica-beneficiarios;aneel-tarifa-social-antiga;inclusao;PUBLICADO;historico;inclusao.json;;;;;trimestral;2012-03;2019-03;;;SEM SLA;;1;2026-09-30T22:41:34Z;2026-09-30T22:41:34Z;2021-11-30T19:18:37Z;1;0;;0;10;290;1.0;10;0;;;;;;;;;;;aprovado;5;0;0;0;0
aneel_social/epe_pasi_localidades;aneel_social;epe_pasi_localidades;EPE;pasi-localidades-sistemas-isolados;epe-pasi-localidades;inclusao;PUBLICADO;indicador;inclusao.json|territorio.json;;;;;anual;2023;2025;;;SEM SLA;;4;2026-09-30T22:41:53Z;2026-09-30T22:55:50Z;;4;0;;0;586;1587;1.0;478;523;;;;;;;;;;;aprovado;4;0;0;0;0
aneel_social/ibge_pnadc_energia;aneel_social;ibge_pnadc_energia;IBGE;pnad-continua-energia-eletrica;ibge-pnadc-energia;inclusao;PUBLICADO;indicador;inclusao.json;anual;periodicidade.frequencia;A;anual;anual;2016;2025;;2027-12-31;EM DIA;0;3;2026-09-30T22:41:46Z;2026-09-30T22:41:50Z;;3;0;;0;1386;11012;0.7965;1377;1382;;;;;;;;;;;aprovado;4;0;0;0;0
aneel_social/ibge_pof_6715;aneel_social;ibge_pof_6715;IBGE;pof-2017-2018-tabela-6715;ibge-pof-6715;inclusao;PUBLICADO;indicador;inclusao.json;anual;periodicidade.frequencia;D;anual;sem referência temporal;2017-2018;;;;SEM DADO;;1;2026-09-30T22:54:19Z;2026-09-30T22:54:19Z;;1;0;;0;1056;1056;;;;;;;;;;;;;;aprovado;3;0;0;0;0
aneel_social/ibge_pof_cv;aneel_social;ibge_pof_cv;IBGE;pof-2017-2018-coeficientes-de-variacao;ibge-pof-cv;inclusao;PUBLICADO;indicador;inclusao.json;;;;;sem referência temporal;2017-2018;;;;SEM SLA;;1;2026-09-30T22:54:21Z;2026-09-30T22:54:21Z;;1;0;;0;16;16;;;;;;;;;;;;;;aprovado;3;0;0;0;0
aneel_social/ibge_pof_microdados;aneel_social;ibge_pof_microdados;IBGE;pof-2017-2018-microdados;ibge-pof-microdados;inclusao;PUBLICADO;indicador;inclusao.json;;;;;sem referência temporal;2017-2018;;;;SEM SLA;;2;2026-09-30T22:54:30Z;2026-09-30T22:54:37Z;;2;0;;0;2400;2400;;;;;;;;;;;;;;aprovado;3;0;0;0;0
aneel_social/mds_cadunico;aneel_social;mds_cadunico;MDS;misocial-cadastro-unico;mds-cadunico-municipios;inclusao;PUBLICADO;indicador;inclusao.json;;;;;mensal;2012-08;2026-09;;;SEM SLA;;5;2026-09-30T22:54:07Z;2026-09-30T22:54:18Z;;5;0;;0;16719;67799;0.3107;6;6;;;;;;;;;;;aprovado;5;0;0;0;0
aneel_social/mme_luz_para_todos;aneel_social;mme_luz_para_todos;MME;luz-para-todos;mme-luz-para-todos;inclusao;PUBLICADO;indicador;inclusao.json|territorio.json;;;;;anual;2004;2026;1;;SEM SLA;;3;2026-09-30T22:55:59Z;2026-09-30T22:56:07Z;2026-09-20T11:02:02Z;3;0;;0;12543;57823;0.7236;347;851;;;;;;;;;;;aprovado;5;0;0;0;0
aneel_tarifas/aneel_bandeiras_tarifarias;aneel_tarifas;aneel_bandeiras_tarifarias;ANEEL;bandeiras-tarifarias;aneel-bandeiras-tarifarias;conta;PUBLICADO;indicador;conta.json;Mensal;Frequência de atualização;A;mensal;mensal;2015-01;2026-09;;2026-12-30;EM DIA;0;4;2026-09-30T22:52:02Z;2026-09-30T22:52:09Z;2026-09-28T08:00:56Z;4;0;;0;5;168;1.0;1;1;;;;;;;;;;;aprovado;5;0;0;0;0
aneel_tarifas/aneel_cde_custeio;aneel_tarifas;aneel_cde_custeio;ANEEL;conta-desenvolvimento-energetico-cde-custeio-dos-beneficios-tarifarios;aneel-cde-custeio;conta;PUBLICADO;indicador;conta.json|inclusao.json;Anual;Frequência de atualização;A;anual;anual;2013;2026;1;2027-12-31;EM DIA;0;2;2026-09-30T22:53:05Z;2026-09-30T22:53:08Z;2026-09-01T05:02:45Z;2;0;;0;30;359;1.0;26;26;;;;;;;;;;;aprovado;5;0;0;0;0
aneel_tarifas/aneel_componentes_tarifarias;aneel_tarifas;aneel_componentes_tarifarias;ANEEL;componentes-tarifarias;aneel-componentes-tarifarias;conta;PUBLICADO;indicador;conta.json;Semanal;Frequência de atualização;D;semanal;vigências;2012-02-03|2013-01-23|REH 1.390/2012;;;2026-10-11;EM DIA;0;16;2026-09-30T22:48:44Z;2026-09-30T22:51:44Z;2026-09-27T05:32:55Z;16;0;;0;4715;78187;;;;;;;;;;;;;;aprovado;3;0;0;0;0
aneel_tarifas/aneel_subsidios_tarifarios;aneel_tarifas;aneel_subsidios_tarifarios;ANEEL;subsidios-tarifarios;aneel-subsidios-tarifarios;conta;PUBLICADO;indicador;conta.json;Mensal;Frequência de atualização;A;mensal;mensal;2013-02;2026-10;1;2026-12-30;EM DIA;0;2;2026-09-30T22:52:14Z;2026-09-30T22:52:53Z;2026-09-11T11:44:10Z;2;0;;0;1022;111993;0.9916;595;627;;;;;;;;;;;aprovado;5;0;0;0;0
aneel_tarifas/aneel_tarifas_aplicacao;aneel_tarifas;aneel_tarifas_aplicacao;ANEEL;tarifas-distribuidoras-energia-eletrica;aneel-tarifas-aplicacao;conta;PUBLICADO;indicador;conta.json|empresas.json|territorio.json;Semanal;Frequência de atualização;D;semanal;vigências;2010-02-03|2011-02-02|REH 0.933/2010;;;2026-10-14;EM DIA;0;2;2026-09-30T22:34:06Z;2026-09-30T22:48:27Z;2026-09-30T10:01:51Z;2;0;;0;4408;54242;;;;;;;;;;;;;;aprovado;4;0;0;0;0
aneel_tarifas/ibge_ipca;aneel_tarifas;ibge_ipca;IBGE;sidra-1737-ipca;ibge-ipca-1737;conta;PUBLICADO;indicador;conta.json;mensal;periodicidade.frequencia;A;mensal;mensal;1979-12;2026-08;;2026-11-29;EM DIA;0;1;2026-09-30T22:53:10Z;2026-09-30T22:53:10Z;;1;0;;0;2;1110;1.0;2;2;;;;;;;;;;;aprovado;4;0;0;0;0
empresas/aneel_agentes_geracao;empresas;aneel_agentes_geracao;ANEEL;agentes-de-geracao-de-energia-eletrica;aneel-agentes-geracao;empresas;PUBLICADO;conferencia;empresas.json;Mensal;Frequência de atualização;D;mensal;cadastro (sem período de referência);;;;2026-12-31;EM DIA;0;3;2026-09-30T23:39:14Z;2026-10-01T07:02:50Z;2026-10-01T05:01:30Z;3;0;;0;;;;;;;;;;;;;;14;;aprovado;4;0;0;0;0
empresas/aneel_agentes_setor;empresas;aneel_agentes_setor;ANEEL;agentes-do-setor-eletrico;aneel-agentes-setor-eletrico;empresas;PUBLICADO;indicador;empresas.json;Mensal;Frequência de atualização;D;mensal;cadastro (sem período de referência);;;;2026-12-31;EM DIA;0;3;2026-09-30T23:39:06Z;2026-10-01T07:02:36Z;2026-10-01T05:01:19Z;3;0;;0;;;;;;;;;;;;;;56;;aprovado;4;0;0;0;0
empresas/aneel_polimero;empresas;aneel_polimero;ANEEL;composicao-societaria-polimero;aneel-composicao-societaria;empresas;PUBLICADO;indicador;empresas.json;Trimestral;Frequência de atualização;D;trimestral;cadastro (sem período de referência);;;;2027-01-12;EM DIA;0;2;2026-09-30T23:39:35Z;2026-09-30T23:39:55Z;2026-07-14T00:57:03Z;2;0;;0;;;;;;;;;;;;;;;;aprovado;3;0;0;0;0
empresas/aneel_siga;empresas;aneel_siga;ANEEL;siga-sistema-de-informacoes-de-geracao-da-aneel;aneel-siga;empresas;PUBLICADO;indicador;empresas.json|expansao.json|territorio.json;Mensal e diária;Frequência de atualização;D;mensal;cadastro (sem período de referência);;;;2026-12-30;EM DIA;0;1;2026-09-30T22:18:54Z;2026-09-30T22:18:54Z;2026-09-30T10:40:44Z;3;0;;0;;;;;;;;;;;;;;;;aprovado;4;0;0;0;0
empresas/aneel_siget;empresas;aneel_siget;ANEEL;sistema-de-gestao-da-transmissao-siget;aneel-siget;empresas;PUBLICADO;indicador;empresas.json|expansao.json;Diária;Frequência de atualização;D;diaria;cadastro (sem período de referência);;;;2026-10-02;EM DIA;0;4;2026-09-30T22:21:58Z;2026-10-01T00:45:14Z;2026-09-29T16:36:54Z;8;0;;0;;;;;;;;;;;;;;;;aprovado;4;0;0;0;0
empresas/cvm_cad_cia_aberta;empresas;cvm_cad_cia_aberta;CVM;cia_aberta-cad;cvm-cadastro-companhias-abertas;empresas;PUBLICADO;indicador;empresas.json;Diária;Periodicidade de atualização;D;diaria;cadastro (sem período de referência);;;;2026-10-04;EM DIA;0;2;2026-09-30T23:40:10Z;2026-10-01T07:02:56Z;2026-10-01T04:05:59Z;2;0;;0;;;;;;;;;;;;;;;;aprovado;4;0;0;0;0
empresas/cvm_dfp;empresas;cvm_dfp;CVM;cia_aberta-doc-dfp;cvm-dfp;empresas;PUBLICADO;indicador;empresas.json;Semanal;Periodicidade de atualização;D;semanal;a cada 365 dias;2009-12-31;2025-12-31;1;2026-10-11;EM DIA;0;17;2026-09-30T23:40:13Z;2026-09-30T23:40:58Z;2026-09-27T10:35:29Z;17;0;;0;5244;51640;0.9967;790;1640;;;;;;;;;;;aprovado;4;0;0;0;0
empresas/cvm_itr;empresas;cvm_itr;CVM;cia_aberta-doc-itr;cvm-itr;empresas;PUBLICADO;indicador;empresas.json;Semanal;Periodicidade de atualização;D;semanal;cadência irregular;2020-03-31;2026-06-30;;2026-10-11;EM DIA;0;6;2026-09-30T23:41:01Z;2026-09-30T23:41:26Z;2026-09-27T11:46:23Z;6;0;;0;36136;79514;;;;;;;;;;;;;;aprovado;4;0;0;0;0
energia/balanco_energia_subsistema_ho;energia;balanco_energia_subsistema_ho;ONS;balanco-energia-subsistema;ons-balanco-energia;operacao;PUBLICADO;indicador;geracao.json|pld_detalhe.json|rede.json|sintese.json;Diariamento, as 12h e 19h;Schedule de Atualização;A;diaria;horária;2021-01-01T00:00;2026-09-28T23:00;;2026-10-01;EM DIA;0;7;2026-09-29T02:42:49Z;2026-09-30T02:19:57Z;2026-09-29T22:00:42.467156;8;0;;0;30;1512460;1.0;30;30;2620;2620;336;19;2026-09-01T11:00;2026-09-26T23:00;22093.73;20656.591;;;ressalva;3;1;0;7;0
energia/carga_energia_di;energia;carga_energia_di;ONS;carga-energia;ons-carga-diaria;operacao;PUBLICADO;indicador;carga.json|carga_detalhe.json|sintese.json;Diariamento, as 12h e 19h;Schedule de Atualização;A;diaria;diária;2000-01-01;2026-09-28;;2026-10-01;EM DIA;0;28;2026-09-29T02:42:43Z;2026-09-30T02:19:48Z;2026-09-29T22:00:43.436290;29;0;;0;4;39093;0.9997;4;4;33;33;17;4;2026-09-01;2026-09-26;14653.5747;2190.7662;;;ressalva;3;1;0;28;0
energia/ccee_pld_horario;energia;ccee_pld_horario;CCEE;pld_horario;ccee-pld-horario;operacao;PUBLICADO;indicador;pld.json|pld_detalhe.json|previsoes_desempenho.json|rede.json|rede_detalhe.json|sintese.json|territorio.json;Mensal;Frequência de Atualização;A;diaria;horária;2021-01-01T00:00;2026-09-30T23:00;;2026-10-03;EM DIA;0;8;2026-09-27T15:44:02Z;2026-09-30T02:20:14Z;2026-06-09T16:37:15.091000;12;0;;0;4;201504;1.0;4;4;;;;;;;;;;;ressalva;4;1;0;2;0
energia/cmo_se;energia;cmo_se;ONS;cmo-semanal;ons-cmo-semanal;operacao;PUBLICADO;indicador;cmo.json|pld_detalhe.json|sintese.json;Diariamento, as 12h e 19h;Schedule de Atualização;C;semanal;semanal;2005-01-07;2026-09-25;;2026-10-15;EM DIA;0;22;2026-09-29T02:43:29Z;2026-09-29T02:43:32Z;2026-09-28T22:00:54.464349;24;0;;0;16;18160;1.0;16;16;;;;;;;;;;;ressalva;3;1;0;22;0
energia/ear_subsistema_di;energia;ear_subsistema_di;ONS;ear-diario-por-subsistema;ons-ear-subsistema;operacao;PUBLICADO;indicador;hidrologia.json|sintese.json;Diariamento, as 12h e 19h;Schedule de Atualização;A;diaria;diária;2000-01-01;2026-09-28;;2026-10-01;EM DIA;0;28;2026-09-29T02:42:22Z;2026-09-30T02:19:44Z;2026-09-29T22:01:32.453930;29;0;;0;12;117260;1.0;12;12;44;44;9;6;2026-09-19;2026-09-27;70.039;0.194;;;ressalva;3;1;0;28;0
energia/ena_subsistema_di;energia;ena_subsistema_di;ONS;ena-diario-por-subsistema;ons-ena-subsistema;operacao;PUBLICADO;indicador;hidrologia.json|sintese.json;Diariamento, as 12h e 19h;Schedule de Atualização;A;diaria;diária;2000-01-01;2026-09-28;;2026-10-01;EM DIA;0;28;2026-09-29T02:42:32Z;2026-09-30T02:19:46Z;2026-09-29T22:01:54.077751;29;0;;0;16;156648;1.0;16;16;360;360;30;16;2026-08-29;2026-09-27;-611.541;6.2492;;;ressalva;3;1;0;28;0
energia/intercambio_nacional_ho;energia;intercambio_nacional_ho;ONS;intercambio-nacional;ons-intercambio;operacao;PUBLICADO;indicador;pld_detalhe.json|rede.json;Diariamento, as 12h e 19h;Schedule de Atualização;A;diaria;horária;2021-01-01T00:00;2026-09-28T23:00;;2026-10-01;EM DIA;0;7;2026-09-29T02:43:23Z;2026-09-30T02:20:08Z;2026-09-29T22:04:31.640235;8;0;;0;8;227232;0.9996;8;8;;;;;;;;;;;ressalva;3;1;0;7;0
mercado/aneel_agentes_mercado;mercado;aneel_agentes_mercado;ANEEL;agentes-do-setor-eletrico;aneel-agentes-setor-eletrico;mercado;PUBLICADO;indicador;mercado.json;Mensal;Frequência de atualização;D;mensal;cadastro (sem período de referência);;;;2026-12-31;EM DIA;0;3;2026-10-01T00:34:56Z;2026-10-01T06:01:42Z;2026-10-01T05:01:19Z;3;0;;0;;;;;;;;;;;;;;49;;aprovado;4;0;0;0;0
mercado/aneel_conta_bandeira;mercado;aneel_conta_bandeira;ANEEL;bandeiras-tarifarias;aneel-conta-bandeira;mercado;PUBLICADO;indicador;mercado.json;Mensal;Frequência de atualização;A;mensal;mensal;2015-01;2026-07;;2026-10-30;EM DIA;0;3;2026-10-01T00:34:50Z;2026-10-01T06:01:29Z;2026-10-01T05:01:17Z;3;0;;0;1495;178451;1.0;1339;1326;;;;;;;;;;;aprovado;5;0;0;0;0
mercado/aneel_samp_mercado;mercado;aneel_samp_mercado;ANEEL;samp;aneel-samp-mercado;mercado;PUBLICADO;indicador;mercado.json;Mensal;Frequência de atualização;A;mensal;mensal;2019-01;2026-08;;2026-11-29;EM DIA;0;9;2026-10-01T00:33:37Z;2026-10-01T00:34:29Z;2026-09-15T05:20:19Z;9;0;;0;1488;110557;0.9819;353;1326;;;;;;;;;;;aprovado;4;0;0;0;0
mercado/ccee_agente_qtd_contabilizacao;mercado;ccee_agente_qtd_contabilizacao;CCEE;agente_qtd_contabilizacao;ccee-agente-qtd-contabilizacao;mercado;PUBLICADO;indicador;mercado.json;Mensal;Frequência de Atualização;A;mensal;mensal;2023-12;2026-07;;2026-10-30;EM DIA;0;4;2026-10-01T00:45:36Z;2026-10-01T00:45:39Z;2026-09-01T14:58:18Z;4;0;;0;7;224;1.0;7;7;;;;;;;;;;;aprovado;5;0;0;0;0
mercado/ccee_consumo_classe_agente;mercado;ccee_consumo_classe_agente;CCEE;consumo_classe_agente;ccee-consumo-classe-agente;mercado;PUBLICADO;indicador;mercado.json;Mensal;Frequência de Atualização;A;mensal;mensal;2023-05;2026-07;;2026-10-30;EM DIA;0;4;2026-10-01T00:45:31Z;2026-10-01T00:45:34Z;2026-09-01T14:54:32Z;5;1;2026-10-01T00:45:34Z;1;21;702;1.0;18;18;;;;;;;;;;;aprovado;5;0;0;0;0
mercado/ccee_consumo_mensal_ambiente_comercializacao;mercado;ccee_consumo_mensal_ambiente_comercializacao;CCEE;consumo_mensal_ambiente_comercializacao;ccee-consumo-mensal-ambiente-comercializacao;mercado;PUBLICADO;indicador;mercado.json;Mensal;Frequência de Atualização;A;mensal;mensal;2023-05;2026-07;;2026-10-30;EM DIA;0;4;2026-10-01T00:45:25Z;2026-10-01T00:45:29Z;2026-09-01T14:58:17Z;4;0;;0;2;78;1.0;2;2;;;;;;;;;;;aprovado;5;0;0;0;0
mercado/ccee_desligamento_compulsorio;mercado;ccee_desligamento_compulsorio;CCEE;desligamento_compulsorio;ccee-desligamento-compulsorio;mercado;PUBLICADO;indicador;mercado.json;Mensal;Frequência de Atualização;D;mensal;cadência irregular;2013-09;2026-09;;2026-12-30;EM DIA;0;1;2026-10-01T00:45:55Z;2026-10-01T00:45:55Z;2026-05-08T17:36:39Z;1;0;;0;8;147;;;;;;;;;;;;;;aprovado;5;0;0;0;0
mercado/ccee_desligamento_voluntario;mercado;ccee_desligamento_voluntario;CCEE;desligamento_voluntario;ccee-desligamento-voluntario;mercado;PUBLICADO;indicador;mercado.json;Mensal;Frequência de Atualização;A;mensal;mensal;2010-09;2026-09;;2026-12-30;EM DIA;0;1;2026-10-01T00:45:53Z;2026-10-01T00:45:53Z;2026-05-12T09:18:59Z;1;0;;0;12;815;0.5613;6;5;;;;;;;;;;;aprovado;5;0;0;0;0
mercado/ccee_encargo_ess_ancilar;mercado;ccee_encargo_ess_ancilar;CCEE;encargo_ess_ancilar;ccee-encargo-ess-ancilar;mercado;PUBLICADO;indicador;mercado.json;Mensal;Frequência de Atualização;A;mensal;mensal;2023-07;2026-07;;2026-10-30;EM DIA;0;4;2026-10-01T00:46:58Z;2026-10-01T00:47:01Z;2026-06-02T18:58:33Z;8;4;2026-10-01T00:47:01Z;1;15;555;1.0;15;15;;;;;;;;;;;aprovado;5;0;0;0;0
mercado/ccee_encargo_pgto_mensal;mercado;ccee_encargo_pgto_mensal;CCEE;encargo_pgto_mensal;ccee-encargo-pgto-mensal;mercado;PUBLICADO;indicador;mercado.json;Mensal;Frequência de Atualização;A;mensal;mensal;2023-09;2026-07;;2026-10-30;EM DIA;0;4;2026-10-01T00:47:07Z;2026-10-01T00:47:10Z;2026-06-02T19:00:09Z;4;0;;0;8;280;1.0;8;8;;;;;;;;;;;aprovado;5;0;0;0;0
mercado/ccee_garantia_fisica_sazo_mre_submercado;mercado;ccee_garantia_fisica_sazo_mre_submercado;CCEE;garantia_fisica_sazo_mre_submercado;ccee-garantia-fisica-sazo-mre-submercado;mercado;PUBLICADO;indicador;mercado.json;Mensal;Frequência de Atualização;A;mensal;mensal;2023-10;2026-07;;2026-10-30;EM DIA;0;4;2026-10-01T00:46:47Z;2026-10-01T00:46:51Z;2026-09-01T14:50:02Z;4;0;;0;4;136;1.0;4;4;;;;;;;;;;;aprovado;5;0;0;0;0
mercado/ccee_geracao_submercado;mercado;ccee_geracao_submercado;CCEE;geracao_submercado;ccee-geracao-submercado;mercado;PUBLICADO;indicador;mercado.json;Mensal;Frequência de Atualização;A;mensal;mensal;2023-05;2026-07;;2026-10-30;EM DIA;0;4;2026-10-01T00:46:42Z;2026-10-01T00:46:45Z;2026-09-01T14:54:33Z;4;0;;0;8;312;1.0;8;8;;;;;;;;;;;aprovado;5;0;0;0;0
mercado/ccee_infomercado;mercado;ccee_infomercado;CCEE;infomercado-mensal;ccee-infomercado-mensal;mercado;PUBLICADO;conferencia;mercado.json;;;;;mensal;2024-08;2026-07;;;SEM SLA;;4;2026-10-01T05:48:22Z;2026-10-01T06:07:41Z;2026-09-10;5;0;;0;49;49;;;;;;;;;;;;;;aprovado;4;0;0;0;0
mercado/ccee_lista_agente_associado;mercado;ccee_lista_agente_associado;CCEE;lista_agente_associado;ccee-lista-agente-associado;mercado;PUBLICADO;indicador;mercado.json;Mensal;Frequência de Atualização;A;mensal;mensal;2025-10;2026-09;;2026-12-30;EM DIA;0;2;2026-10-01T00:45:41Z;2026-10-01T00:45:45Z;2026-09-03T18:27:55Z;2;0;;0;7;84;1.0;7;7;;;;;;;;;;214;aprovado;5;0;0;0;0
mercado/ccee_lista_perfil_v1;mercado;ccee_lista_perfil_v1;CCEE;lista_perfil_v1;ccee-lista-perfil-v1;mercado;PUBLICADO;indicador;mercado.json;Mensal;Frequência de Atualização;D;mensal;diária;2026-09-01;2026-09-01;;2026-12-01;EM DIA;0;1;2026-10-01T00:45:51Z;2026-10-01T00:45:51Z;2026-09-01T14:57:51Z;3;2;2026-10-01T00:47:38Z;2;53;53;;;;;;;;;;;;;;aprovado;5;0;0;0;0
mercado/ccee_mre_mensal;mercado;ccee_mre_mensal;CCEE;mre_mensal;ccee-mre-mensal;mercado;PUBLICADO;indicador;mercado.json;Mensal;Frequência de Atualização;A;mensal;mensal;2023-05;2026-07;;2026-10-30;EM DIA;0;4;2026-10-01T00:46:52Z;2026-10-01T00:46:55Z;2026-09-01T14:54:26Z;4;0;;0;10;390;1.0;10;10;;;;;;;;;;;aprovado;5;0;0;0;0
mercado/ccee_parcela_carga_consumo;mercado;ccee_parcela_carga_consumo;CCEE;parcela_carga_consumo;ccee-parcela-carga-consumo;mercado;PUBLICADO;indicador;mercado.json;Mensal;Frequência de Atualização;A;mensal;mensal;2024-04;2026-07;;2026-10-30;EM DIA;0;3;2026-10-01T00:46:00Z;2026-10-01T00:46:32Z;2026-06-02T17:52:41Z;3;0;;0;94;2612;1.0;92;94;;;;;;;;;;;aprovado;5;0;0;0;0
mercado/ccee_rd_encargos_contab_mensal;mercado;ccee_rd_encargos_contab_mensal;CCEE;rd_encargos_contab_mensal;ccee-rd-encargos-contab-mensal;mercado;PUBLICADO;indicador;mercado.json;Mensal;Frequência de Atualização;A;mensal;mensal;2024-01;2026-08;;2026-11-29;EM DIA;0;3;2026-10-01T05:53:08Z;2026-10-01T05:53:11Z;2026-09-28T14:48:53Z;3;0;;0;4;36;0.375;1;0;;;;;;;;;;;aprovado;5;0;0;0;0
mercado/ccee_reserva_encargo;mercado;ccee_reserva_encargo;CCEE;reserva_encargo;ccee-reserva-encargo;mercado;PUBLICADO;indicador;mercado.json;Mensal;Frequência de Atualização;A;mensal;mensal;2023-09;2026-08;;2026-11-29;EM DIA;0;4;2026-10-01T00:47:02Z;2026-10-01T00:47:05Z;2026-08-14T20:17:29Z;4;0;;0;6;216;1.0;6;6;;;;;;;;;;;aprovado;5;0;0;0;0
mercado/ccee_sumario_mensal_compra_venda_submercado;mercado;ccee_sumario_mensal_compra_venda_submercado;CCEE;sumario_mensal_compra_venda_submercado;ccee-sumario-mensal-compra-venda-submercado;mercado;PUBLICADO;indicador;mercado.json;Mensal;Frequência de Atualização;A;mensal;mensal;2023-05;2026-07;;2026-10-30;EM DIA;0;4;2026-10-01T00:47:12Z;2026-10-01T00:47:15Z;2026-09-01T14:54:25Z;4;0;;0;16;624;1.0;16;16;;;;;;;;;;;aprovado;5;0;0;0;0
mercado/ccee_sumario_mensal_liquidacao;mercado;ccee_sumario_mensal_liquidacao;CCEE;sumario_mensal_liquidacao;ccee-sumario-mensal-liquidacao;mercado;PUBLICADO;indicador;mercado.json;Mensal;Frequência de Atualização;A;mensal;mensal;2023-07;2026-07;;2026-10-30;EM DIA;0;4;2026-10-01T00:47:17Z;2026-10-01T00:47:20Z;2026-09-11T20:25:06Z;4;0;;0;3;108;0.973;3;3;;;;;;;;;;;aprovado;5;0;0;0;0
mercado/epe_consumo_classe;mercado;epe_consumo_classe;EPE;consumo-de-energia-eletrica;epe-consumo-classe-planilha;mercado;PUBLICADO;conferencia;mercado.json;;;;;mensal;2004-01;2026-08;;;SEM SLA;;1;2026-10-01T00:33:34Z;2026-10-01T00:33:34Z;2026-09-30T11:44:44Z;1;0;;0;6;1524;0.9338;6;6;;;;;;;;;;;aprovado;4;0;0;0;0
mercado/epe_consumo_mensal;mercado;epe_consumo_mensal;EPE;dados-do-consumo-mensal-de-energia-eletrica;epe-consumo-mensal;mercado;PUBLICADO;indicador;mercado.json;;;;;mensal;2004-01;2026-08;;;SEM SLA;;2;2026-10-01T00:33:24Z;2026-10-01T00:33:32Z;2026-09-30T13:51:24Z;2;0;;0;796;159892;0.9781;160;726;;;;;;;;;;;aprovado;4;0;0;0;0
mercado/mme_boletim_monitoramento;mercado;mme_boletim_monitoramento;MME;boletim-de-monitoramento-do-sistema-eletrico;mme-boletim-monitoramento;mercado;PUBLICADO;indicador;mercado.json;;;;;mensal;2025-02;2026-06;;;SEM SLA;;12;2026-10-01T00:35:02Z;2026-10-01T07:37:35Z;2026-09-25T18:10:00Z;5;0;;0;100;272;1.0;20;24;;;;;;;;;;;aprovado;4;0;0;0;0
ons_carga/ibge_populacao_uf_6579;ons_carga;ibge_populacao_uf_6579;IBGE;sidra-6579;ibge-populacao-uf-6579-carga;carga;PUBLICADO;modelo;carga_detalhe.json;anual;periodicidade.frequencia;D;anual;anual;2026;2026;1;;SEM DADO;;1;2026-09-30T23:32:19Z;2026-09-30T23:32:19Z;;1;0;;0;27;27;;;;;;;;;;;;;;aprovado;4;0;0;0;0
ons_carga/nasa_power_temperatura;ons_carga;nasa_power_temperatura;NASA;power-daily-point;nasa-power-temperatura-capitais;carga;PUBLICADO;modelo;carga_detalhe.json;;;;;diária;2019-01-01;2026-09-27;;;SEM SLA;;32;2026-09-30T23:33:01Z;2026-09-30T23:33:21Z;;32;0;;0;54;152658;1.0;54;54;;;;;;;;;;;aprovado;4;0;0;0;0
ons_carga/ons_balanco_carga_conferencia;ons_carga;ons_balanco_carga_conferencia;ONS;balanco-energia-subsistema;ons-balanco-subsistema-conferencia-carga;carga;PUBLICADO;conferencia;carga_detalhe.json;Diariamento, as 12h e 19h;Schedule de Atualização;A;diaria;diária;2000-01-01;2026-09-29;;2026-10-02;EM DIA;0;27;2026-10-01T00:36:25Z;2026-10-01T00:37:06Z;2026-09-30T22:00:43Z;27;0;;0;48;468848;0.9999;48;48;;;;;;;;;;;aprovado;5;0;0;0;0
ons_carga/ons_carga_diaria_conferencia;ons_carga;ons_carga_diaria_conferencia;ONS;carga-energia;ons-carga-energia-arquivo-atual-conferencia;carga;PUBLICADO;conferencia;carga_detalhe.json;Diariamento, as 12h e 19h;Schedule de Atualização;A;diaria;diária;2000-01-01;2026-09-29;;2026-10-02;EM DIA;0;27;2026-10-01T00:37:39Z;2026-10-01T00:38:04Z;2026-09-30T22:00:54Z;27;0;;0;4;39064;0.9997;4;4;;;;;;;;;;;aprovado;5;0;0;0;0
ons_carga/ons_carga_verificada_ho;ons_carga;ons_carga_verificada_ho;ONS;carga-energia-verificada;ons-carga-verificada-horaria;carga;PUBLICADO;indicador;carga_detalhe.json|pld_detalhe.json;;;;;horária;2019-01-01T00:00;2026-09-29T23:00;;;SEM SLA;;376;2026-09-30T23:33:26Z;2026-10-01T00:04:34Z;;376;0;;0;8;538748;0.9998;8;8;;;;;;;;;;;aprovado;4;0;0;0;0
ons_carga/ons_curva_carga_ho;ons_carga;ons_curva_carga_ho;ONS;curva-carga;ons-curva-carga-horaria;carga;PUBLICADO;indicador;carga_detalhe.json;Diariamento, as 12h e 19h;Schedule de Atualização;A;diaria;horária;2019-01-01T00:00;2026-09-29T23:00;;2026-10-02;EM DIA;0;27;2026-09-30T23:30:42Z;2026-09-30T23:31:22Z;2026-09-30T22:01:09Z;27;0;;0;24;466600;1.0;4;4;;;;;;;;;;;aprovado;5;0;0;0;0
ons_carga/openmeteo_temperatura;ons_carga;openmeteo_temperatura;Open-Meteo;historical-weather-api;openmeteo-era5-ifs-capitais;carga;PUBLICADO;contexto;carga_detalhe.json;;;;;diária;2023-04-25;2026-09-30;;;SEM SLA;;15;2026-10-01T00:38:46Z;2026-10-01T00:56:30Z;;21;6;2026-10-01T00:58:07Z;2;60;75120;1.0;30;30;;;;;;;;;;;aprovado;4;0;0;0;0
ons_carga/senado_leis_feriados;ons_carga;senado_leis_feriados;Senado Federal;legislacao-federal-feriados;senado-leis-feriados;carga;PUBLICADO;modelo;carga_detalhe.json;;;;;cadastro (sem período de referência);;;;;SEM SLA;;5;2026-09-30T23:32:56Z;2026-09-30T23:33:00Z;;5;0;;0;;;;;;;;;;;;;;;;aprovado;3;0;0;0;0
ons_cmo/ibge_ipca_1737;ons_cmo;ibge_ipca_1737;IBGE;sidra-1737;ibge-ipca-1737;pld;PUBLICADO;indicador;pld_detalhe.json;mensal;periodicidade.frequencia;A;mensal;mensal;1979-12;2026-08;;2026-11-29;EM DIA;0;1;2026-09-30T22:06:47Z;2026-09-30T22:06:47Z;;1;0;;0;1;561;1.0;1;1;;;;;;;;;;;aprovado;4;0;0;0;0
ons_cmo/normas_pld;ons_cmo;normas_pld;Câmara dos Deputados;decreto-5163-2004;camara-decreto-5163-2004;pld;PUBLICADO;contexto;pld_detalhe.json;;;;;cadastro (sem período de referência);;;;;SEM SLA;;6;2026-09-30T22:48:12Z;2026-10-01T00:22:56Z;;11;0;;0;;;;;;;;;;;;;;;;aprovado;3;0;0;0;0
ons_cmo/ons_cmo_balanco_conferencia;ons_cmo;ons_cmo_balanco_conferencia;ONS;balanco-energia-subsistema;ons-balanco-subsistema-conferencia-pld;pld;RECURSO VERIFICADO;contexto;pld_detalhe.json;Diariamento, as 12h e 19h;Schedule de Atualização;D;diaria;;;;;2026-10-03;EM DIA;0;2;2026-10-01T00:17:41Z;2026-10-01T00:17:43Z;2026-09-30T22:00:23Z;2;0;;0;;;;;;;;;;;;;;;;ressalva;3;1;0;0;0
ons_cmo/ons_cmo_semanal_a02;ons_cmo;ons_cmo_semanal_a02;ONS;cmo-semanal;ons-cmo-semanal;pld;PUBLICADO;indicador;pld_detalhe.json;Diariamento, as 12h e 19h;Schedule de Atualização;C;semanal;semanal;2005-01-07;2026-09-25;;2026-10-15;EM DIA;0;44;2026-09-30T22:06:26Z;2026-09-30T22:06:43Z;2026-09-30T22:00:46Z;87;0;;0;16;18160;1.0;16;16;;;;;;;;;;;aprovado;5;0;0;0;0
ons_cmo/ons_cmo_semihorario;ons_cmo;ons_cmo_semihorario;ONS;cmo-semi-horario;ons-cmo-semi-horario;pld;PUBLICADO;indicador;pld_detalhe.json;Diariamento, as 12h e 19h;Schedule de Atualização;A;diaria;semi-horária;2020-01-01T00:00;2026-10-01T23:30;;2026-10-04;EM DIA;0;7;2026-09-30T22:06:07Z;2026-09-30T22:06:13Z;2026-09-30T22:00:52Z;17;0;;0;4;465216;0.9826;4;4;;;;;;;;;;;aprovado;5;0;0;0;0
ons_geracao/aneel_empreendimentos_operacao;ons_geracao;aneel_empreendimentos_operacao;ANEEL;empreendimentos-em-operacao;aneel-empreendimentos-operacao;geracao;PUBLICADO;indicador;geracao_detalhe.json;Trimestral;Frequência de atualização;A;trimestral;trimestral;2001-12;2026-06;;2027-02-28;EM DIA;0;1;2026-10-01T06:52:42Z;2026-10-01T06:52:42Z;2026-08-05T14:17:48Z;1;0;;0;16;1018;0.7149;14;14;;;;;;;;;;;aprovado;5;0;0;0;0
ons_geracao/ons_capacidade_geracao;ons_geracao;ons_capacidade_geracao;ONS;capacidade-geracao;ons-capacidade-geracao;geracao;PUBLICADO;indicador;geracao_detalhe.json;Diariamento, as 12h e 19h;Schedule de Atualização;D;diaria;cadastro (sem período de referência);;;;2026-10-03;EM DIA;0;1;2026-09-30T23:41:04Z;2026-09-30T23:41:04Z;2026-09-30T22:00:59Z;2;0;;0;;;;;;;;;;;;;;;;aprovado;3;0;0;0;0
ons_geracao/ons_coff_eolica;ons_geracao;ons_coff_eolica;ONS;restricao_coff_eolica_usi;ons-restricao-coff-eolica-usi;geracao;PUBLICADO;indicador;geracao_detalhe.json;Diariamento, as 12h e 19h;Schedule de Atualização;A;diaria;diária;2021-10-01;2026-09-29;;2026-10-02;EM DIA;0;60;2026-09-30T23:44:58Z;2026-09-30T23:46:02Z;2026-09-30T22:09:53Z;180;0;;0;1283;102784;0.5441;58;58;;;;;;;;;;22;aprovado;4;0;0;0;0
ons_geracao/ons_coff_eolica_detalhe;ons_geracao;ons_coff_eolica_detalhe;ONS;restricao_coff_eolica_detail;ons-restricao-coff-eolica-detail;geracao;PUBLICADO;indicador;geracao_detalhe.json;Diariamento, as 12h e 19h;Schedule de Atualização;C;mensal;mensal;2026-07;2026-09;;2026-12-30;EM DIA;0;3;2026-09-30T23:53:20Z;2026-09-30T23:53:24Z;2026-09-30T22:22:01Z;6;0;;0;160;478;1.0;160;159;;;;;;;;;;;aprovado;4;0;0;0;0
ons_geracao/ons_coff_fotovoltaica;ons_geracao;ons_coff_fotovoltaica;ONS;restricao_coff_fotovoltaica;ons-restricao-coff-fotovoltaica;geracao;PUBLICADO;indicador;geracao_detalhe.json;Diariamento, as 12h e 19h;Schedule de Atualização;A;diaria;diária;2024-04-01;2026-09-29;;2026-10-02;EM DIA;0;30;2026-09-30T23:47:25Z;2026-09-30T23:47:51Z;2026-09-30T22:08:57Z;90;0;;0;586;36619;0.5902;33;33;;;;;;;;;;79;aprovado;4;0;0;0;0
ons_geracao/ons_coff_fotovoltaica_detalhe;ons_geracao;ons_coff_fotovoltaica_detalhe;ONS;restricao_coff_fotovoltaica_detail;ons-restricao-coff-fotovoltaica-detail;geracao;PUBLICADO;indicador;geracao_detalhe.json;Diariamento, as 12h e 19h;Schedule de Atualização;C;mensal;mensal;2026-07;2026-09;;2026-12-30;EM DIA;0;3;2026-09-30T23:53:38Z;2026-09-30T23:53:41Z;2026-09-30T22:15:27Z;6;0;;0;92;266;1.0;90;89;;;;;;;;;;;aprovado;4;0;0;0;0
ons_geracao/ons_cvu_termica;ons_geracao;ons_cvu_termica;ONS;cvu-usitermica;ons-cvu-usitermica;geracao;PUBLICADO;indicador;geracao_detalhe.json;Diariamento, as 12h e 19h;Schedule de Atualização;C;semanal;semanal;2005-01-01;2026-09-26;1;2026-10-09;EM DIA;0;22;2026-09-30T23:40:49Z;2026-09-30T23:40:58Z;2026-09-30T22:01:15Z;44;0;;0;287;106643;0.904;101;101;;;;;;;;;;60;aprovado;4;0;0;0;0
ons_geracao/ons_fator_capacidade;ons_geracao;ons_fator_capacidade;ONS;fator-capacidade-2;ons-fator-capacidade-2;geracao;PUBLICADO;indicador;geracao_detalhe.json;Diariamento, as 12h e 19h;Schedule de Atualização;C;mensal;mensal;2022-01;2026-09;;2026-12-30;EM DIA;0;57;2026-09-30T23:53:50Z;2026-09-30T23:54:48Z;2026-09-30T22:07:02Z;114;0;;0;894;36612;0.9755;732;726;;;;;;;;;;452;aprovado;4;0;0;0;0
ons_geracao/ons_geracao_termica_motivo;ons_geracao;ons_geracao_termica_motivo;ONS;geracao-termica-despacho-2;ons-geracao-termica-despacho-2;geracao;PUBLICADO;indicador;geracao_detalhe.json;Diariamento, as 12h e 19h;Schedule de Atualização;A;diaria;diária;2013-01-01;2026-09-29;;2026-10-02;EM DIA;0;66;2026-09-30T23:41:12Z;2026-09-30T23:42:05Z;2026-09-30T22:09:35Z;264;0;;0;2805;579442;0.9911;65;65;;;;;;;;;;80;aprovado;4;0;0;0;0
ons_geracao/ons_geracao_usina;ons_geracao;ons_geracao_usina;ONS;geracao-usina-2;ons-geracao-usina-2;geracao;PUBLICADO;indicador;geracao_detalhe.json;Diariamento, as 12h e 19h;Schedule de Atualização;A;diaria;horária;2021-01-01T00:00;2026-09-29T23:00;;2026-10-02;EM DIA;0;58;2026-09-30T23:48:13Z;2026-09-30T23:49:22Z;2026-09-30T22:08:20Z;174;0;;0;2283;832595;1.0;11;11;;;;;;;;;;556;aprovado;4;0;0;0;0
ons_geracao/ons_modalidade_usina;ons_geracao;ons_modalidade_usina;ONS;modalidade-usina;ons-modalidade-usina;geracao;PUBLICADO;contexto;geracao_detalhe.json;Diariamento, as 12h e 19h;Schedule de Atualização;D;diaria;cadastro (sem período de referência);;;;2026-10-03;EM DIA;0;1;2026-09-30T23:41:05Z;2026-09-30T23:41:05Z;2026-09-30T22:04:46Z;2;0;;0;;;;;;;;;;;;;;;;aprovado;3;0;0;0;0
ons_geracao/ons_usina_conjunto;ons_geracao;ons_usina_conjunto;ONS;usina_conjunto;ons-usina-conjunto;geracao;PUBLICADO;indicador;geracao_detalhe.json;Diariamento, as 12h e 19h;Schedule de Atualização;D;diaria;cadastro (sem período de referência);;;;2026-10-03;EM DIA;0;1;2026-09-30T23:41:07Z;2026-09-30T23:41:07Z;2026-09-30T22:05:01Z;2;0;;0;;;;;;;;;;;;;;;;aprovado;3;0;0;0;0
ons_hidrologia/clima_previsao;ons_hidrologia;clima_previsao;Open-Meteo;forecast-ecmwf-ifs025;openmeteo-previsao-ecmwf;agua;PUBLICADO;indicador;agua_detalhe.json;;;;;diária;2026-10-01;2026-10-01;;;SEM SLA;;1;2026-10-01T06:32:43Z;2026-10-01T06:32:43Z;;0;0;;0;32;448;1.0;32;0;;;;;;;;;;;ressalva;3;1;0;0;0
ons_hidrologia/ibge_censo2022_populacao;ons_hidrologia;ibge_censo2022_populacao;IBGE;sidra-4709;ibge-sidra-4709;agua;RECURSO VERIFICADO;indicador;agua_detalhe.json;anual;periodicidade.frequencia;D;anual;;;;;;SEM DADO;;2;2026-09-30T23:44:27Z;2026-09-30T23:44:28Z;;2;0;;0;;;;;;;;;;;;;;;;ressalva;2;1;0;0;0
ons_hidrologia/ibge_localidades_2022;ons_hidrologia;ibge_localidades_2022;IBGE;localidades-2022;ibge-localidades-2022;agua;RECURSO VERIFICADO;indicador;agua_detalhe.json;;;;;;;;;;SEM SLA;;1;2026-09-30T23:44:24Z;2026-09-30T23:44:24Z;;1;0;;0;;;;;;;;;;;;;;;;ressalva;2;1;0;0;0
ons_hidrologia/nasa_power_imerg;ons_hidrologia;nasa_power_imerg;NASA;power-daily-imerg;nasa-power-imerg;agua;RECURSO VERIFICADO;indicador;agua_detalhe.json;;;;;;;;;;SEM SLA;;1170;2026-09-30T23:53:49Z;2026-10-01T00:38:58Z;;1170;0;;0;;;;;;;;;;;;;;;;ressalva;2;1;0;0;0
ons_hidrologia/nasa_power_merra2;ons_hidrologia;nasa_power_merra2;NASA;power-daily-merra2;nasa-power-merra2;agua;RECURSO VERIFICADO;indicador;agua_detalhe.json;;;;;;;;;;SEM SLA;;194;2026-09-30T23:44:51Z;2026-09-30T23:53:47Z;;194;0;;0;;;;;;;;;;;;;;;;ressalva;2;1;0;0;0
ons_hidrologia/ons_bacia_contorno;ons_hidrologia;ons_bacia_contorno;ONS;bacia_contorno;ons-bacia_contorno;agua;RECURSO VERIFICADO;indicador;agua_detalhe.json;;;;;;;;;;SEM SLA;;1;2026-09-30T23:43:45Z;2026-09-30T23:43:45Z;;1;0;;0;;;;;;;;;;;;;;;;ressalva;2;1;0;0;0
ons_hidrologia/ons_carga_areas_verificacao;ons_hidrologia;ons_carga_areas_verificacao;ONS;carga-energia-verificada;ons-carga-verificada-areas;agua;PUBLICADO;indicador;agua_detalhe.json;;;;;diária;2026-08-10;2026-08-10;;;SEM SLA;;34;2026-09-30T23:44:28Z;2026-09-30T23:44:49Z;;34;0;;0;68;68;;;;;;;;;;;;;;aprovado;4;0;0;0;0
ons_hidrologia/ons_dados_hidrologicos_di;ons_hidrologia;ons_dados_hidrologicos_di;ONS;dados-hidrologicos-res;ons-dados-hidrologicos-res;agua;PUBLICADO;indicador;agua_detalhe.json;Diariamente, 9:15h, 14:15 e 17h;Schedule de Atualização;A;diaria;diária;2025-01-01;2026-09-30;;2026-10-03;EM DIA;0;2;2026-09-30T23:43:02Z;2026-09-30T23:43:03Z;2026-09-30T20:01:20Z;2;0;;0;1286;754913;0.9766;6;1193;;;;;;;;;;;aprovado;4;0;0;0;0
ons_hidrologia/ons_ear_bacia_di;ons_hidrologia;ons_ear_bacia_di;ONS;ear-diario-por-bacia;ons-ear-diario-por-bacia;agua;PUBLICADO;indicador;agua_detalhe.json;Diariamento, as 12h e 19h;Schedule de Atualização;A;diaria;diária;2000-01-01;2026-09-29;;2026-10-02;EM DIA;0;27;2026-09-30T23:38:58Z;2026-09-30T23:39:23Z;2026-09-30T22:01:18Z;27;0;;0;69;531624;0.9148;69;69;;;;;;;;;;;aprovado;5;0;0;0;0
ons_hidrologia/ons_ear_ree_di;ons_hidrologia;ons_ear_ree_di;ONS;ear-diario-por-ree-reservatorio-equivalente-de-energia;ons-ear-diario-por-ree-reservatorio-equivalente-de-energia;agua;PUBLICADO;indicador;agua_detalhe.json;Diariamento, as 12h e 19h;Schedule de Atualização;A;diaria;diária;2016-01-01;2026-09-29;;2026-10-02;EM DIA;0;11;2026-09-30T23:38:28Z;2026-09-30T23:38:37Z;2026-09-30T22:01:22Z;11;0;;0;36;127890;0.9492;36;36;;;;;;;;;;;aprovado;5;0;0;0;0
ons_hidrologia/ons_ear_reservatorio_di;ons_hidrologia;ons_ear_reservatorio_di;ONS;ear-diario-por-reservatorio;ons-ear-diario-por-reservatorio;agua;PUBLICADO;indicador;agua_detalhe.json;Diariamento, as 12h e 19h;Schedule de Atualização;A;diaria;diária;2000-01-01;2026-09-28;;2026-10-01;EM DIA;0;27;2026-09-30T23:41:19Z;2026-09-30T23:41:49Z;2026-09-30T22:01:46Z;27;0;;0;214;155473;0.1265;82;82;;;;;;;;;;;aprovado;4;0;0;0;0
ons_hidrologia/ons_ena_bacia_di;ons_hidrologia;ons_ena_bacia_di;ONS;ena-diario-por-bacia;ons-ena-diario-por-bacia;agua;PUBLICADO;indicador;agua_detalhe.json;Diariamento, as 12h e 19h;Schedule de Atualização;A;diaria;diária;2000-01-01;2026-09-29;;2026-10-02;EM DIA;0;27;2026-09-30T23:39:55Z;2026-09-30T23:40:21Z;2026-09-30T22:01:41Z;27;0;;0;50;434772;0.9988;46;46;;;;;;;;;;;aprovado;5;0;0;0;0
ons_hidrologia/ons_ena_ree_di;ons_hidrologia;ons_ena_ree_di;ONS;ena-diario-por-ree-reservatorio-equivalente-de-energia;ons-ena-diario-por-ree-reservatorio-equivalente-de-energia;agua;PUBLICADO;indicador;agua_detalhe.json;Diariamento, as 12h e 19h;Schedule de Atualização;A;diaria;diária;2016-01-01;2026-09-29;;2026-10-02;EM DIA;0;11;2026-09-30T23:38:42Z;2026-09-30T23:38:51Z;2026-09-30T22:01:43Z;11;0;;0;24;89826;1.0;24;24;;;;;;;;;;;aprovado;5;0;0;0;0
ons_hidrologia/ons_ena_reservatorio_di;ons_hidrologia;ons_ena_reservatorio_di;ONS;ena-diario-por-reservatorio;ons-ena-diario-por-reservatorio;agua;PUBLICADO;indicador;agua_detalhe.json;Diariamento, as 12h e 19h;Schedule de Atualização;A;diaria;diária;2000-01-01;2026-09-28;;2026-10-01;EM DIA;0;27;2026-09-30T23:42:06Z;2026-09-30T23:42:42Z;2026-09-30T22:02:12Z;27;0;;0;167;154573;0.1173;12;12;;;;;;;;;;;aprovado;5;0;0;0;0
ons_hidrologia/ons_pmo_relatorio_mlt;ons_hidrologia;ons_pmo_relatorio_mlt;ONS;relatorio-executivo-pmo;ons-relatorio-pmo-mlt;agua;PUBLICADO;indicador;agua_detalhe.json;;;;;mensal;2025-12;2026-10;1;;SEM SLA;;12;2026-10-01T00:28:18Z;2026-10-01T00:28:32Z;;12;0;;0;4;40;0.75;4;4;;;;;;;;;;;ressalva;3;1;0;0;0
ons_hidrologia/ons_precipitacao_estacao;ons_hidrologia;ons_precipitacao_estacao;ONS;precipitacao-estacao;ons-precipitacao-estacao;agua;PUBLICADO;indicador;agua_detalhe.json;;;;;mensal;2020-01;2021-10;;;SEM SLA;;2;2026-09-30T23:43:40Z;2026-09-30T23:43:43Z;;2;0;;0;44;804;0.872;44;38;;;;;;;;;;;aprovado;5;0;0;0;0
ons_hidrologia/ons_reservatorio_cadastro;ons_hidrologia;ons_reservatorio_cadastro;ONS;reservatorio;ons-reservatorio;agua;PUBLICADO;indicador;agua_detalhe.json;Diariamento, as 12h e 19h;Schedule de Atualização;D;diaria;cadastro (sem período de referência);;;;2026-10-03;EM DIA;0;1;2026-09-30T23:43:37Z;2026-09-30T23:43:37Z;2026-09-30T22:05:15Z;1;0;;0;;;;;;;;;;;;;;;;aprovado;4;0;0;0;0
ons_rede/ons_rede_atls;ons_rede;ons_rede_atls;ONS;ind_confiarb_atls;ons-ind-confiarb-atls;rede;PUBLICADO;indicador;rede_detalhe.json;Diariamento, as 12h e 19h;Schedule de Atualização;C;mensal;mensal;2017-01;2026-07;;2026-10-30;EM DIA;0;1;2026-10-01T00:03:49Z;2026-10-01T00:03:49Z;2026-09-30T22:02:53Z;1;0;;0;64;3484;0.9582;32;32;;;;;;;;;;;aprovado;5;0;0;0;0
ons_rede/ons_rede_balanco;ons_rede;ons_rede_balanco;ONS;balanco-energia-subsistema;ons-balanco-energia-subsistema-releitura;rede;PUBLICADO;indicador;rede_detalhe.json;Diariamento, as 12h e 19h;Schedule de Atualização;A;diaria;horária;2021-01-01T00:00;2026-09-29T23:00;;2026-10-02;EM DIA;0;6;2026-10-01T00:03:42Z;2026-10-01T00:03:47Z;2026-09-30T22:00:43Z;6;0;;0;15;755280;1.0;15;15;;;;;;;;;;;aprovado;5;0;0;0;0
ons_rede/ons_rede_documentos;ons_rede;ons_rede_documentos;ONS;documentos-limites-intercambio;ons-documentos-limites-intercambio;rede;PUBLICADO;contexto;rede_detalhe.json;;;;;cadastro (sem período de referência);;;;;SEM SLA;;3;2026-10-01T00:04:21Z;2026-10-01T00:04:22Z;;3;0;;0;;;;;;;;;;;;;;;;aprovado;3;0;0;0;0
ons_rede/ons_rede_intercambio_internacional;ons_rede;ons_rede_intercambio_internacional;ONS;intercambio-internacional;ons-intercambio-internacional;rede;PUBLICADO;indicador;rede_detalhe.json;Diariamento, as 12h e 19h;Schedule de Atualização;A;diaria;horária;2021-01-01T00:00;2026-09-29T23:00;;2026-10-02;EM DIA;0;6;2026-10-01T00:03:38Z;2026-10-01T00:03:41Z;2026-09-30T22:04:20Z;6;0;;0;5;140616;0.9954;4;4;;;;;;;;;;;aprovado;5;0;0;0;0
ons_rede/ons_rede_intercambio_nacional;ons_rede;ons_rede_intercambio_nacional;ONS;intercambio-nacional;ons-intercambio-nacional-releitura;rede;PUBLICADO;indicador;rede_detalhe.json;Diariamento, as 12h e 19h;Schedule de Atualização;A;diaria;horária;2021-01-01T00:00;2026-09-29T23:00;;2026-10-02;EM DIA;0;6;2026-10-01T00:03:33Z;2026-10-01T00:03:37Z;2026-09-30T22:04:30Z;6;0;;0;8;227424;0.9996;8;8;;;;;;;;;;;aprovado;5;0;0;0;0
ons_rede/ons_rede_interrupcao_carga;ons_rede;ons_rede_interrupcao_carga;ONS;interrupcao_carga;ons-interrupcao-carga;rede;PUBLICADO;indicador;rede_detalhe.json;Diariamento, as 12h e 19h;Schedule de Atualização;D;diaria;cadastro (sem período de referência);;;;2026-10-03;EM DIA;0;1;2026-10-01T00:03:50Z;2026-10-01T00:03:50Z;2026-09-30T22:04:38Z;1;0;;0;;;;;;;;;;;;;;;;aprovado;4;0;0;0;0
ons_rede/ons_rede_itaipu;ons_rede;ons_rede_itaipu;ONS;geracao_itaipu;ons-geracao-itaipu;rede;PUBLICADO;indicador;rede_detalhe.json;Diariamento, as 12h e 19h;Schedule de Atualização;A;diaria;horária;2021-01-01T00:00;2026-09-29T23:00;;2026-10-02;EM DIA;0;1;2026-10-01T00:03:48Z;2026-10-01T00:03:48Z;2026-09-30T22:03:25Z;1;0;;0;2;100704;1.0;2;2;;;;;;;;;;;aprovado;5;0;0;0;0
ons_rede/ons_rede_pdo_conversoras;ons_rede;ons_rede_pdo_conversoras;ONS;programacao_fluxo_controlado;ons-programacao-fluxo-controlado;rede;PUBLICADO;indicador;rede_detalhe.json;;;;;semi-horária;2026-01-01T00:00;2026-10-01T23:30;;;SEM SLA;;47;2026-10-01T00:03:50Z;2026-10-01T00:04:15Z;2026-09-01T23:51:02Z;47;0;;0;5;11280;0.1715;5;5;;;;;;;;;;;aprovado;5;0;0;0;0
previsoes/previsoes_dicionarios_ons;previsoes;previsoes_dicionarios_ons;ONS;dicionarios-ear-ena-subsistema;ons-dicionarios-ear-ena;previsoes;PUBLICADO;contexto;previsoes_desempenho.json;;;;;cadastro (sem período de referência);;;;;SEM SLA;;2;2026-09-30T23:31:26Z;2026-09-30T23:31:27Z;;4;0;;0;;;;;;;;;;;;;;;;aprovado;3;0;0;0;0
publicacao/catalogo_ccee_seed;publicacao;catalogo_ccee_seed;CCEE;package-show-versionados;ccee-package-show-versionados;dados;PUBLICADO;indicador;publicacao.json;;;;;cadastro (sem período de referência);;;;;SEM SLA;;26;2026-09-27T15:44:02Z;2026-10-01T05:55:00Z;;0;0;;0;;;;;;;;;;;;;;;;aprovado;3;0;0;0;0
publicacao/catalogo_ckan_aneel;publicacao;catalogo_ckan_aneel;ANEEL;api-package-search;aneel-catalogo-ckan;dados;PUBLICADO;indicador;publicacao.json;;;;;cadastro (sem período de referência);;;;;SEM SLA;;2;2026-10-01T00:44:10Z;2026-10-01T05:56:53Z;;2;0;;0;;;;;;;;;;;;;;23;;aprovado;3;0;0;0;0
publicacao/catalogo_ckan_ccee;publicacao;catalogo_ckan_ccee;CCEE;api-package-search;ccee-catalogo-ckan;dados;PUBLICADO;indicador;publicacao.json;;;;;cadastro (sem período de referência);;;;;SEM SLA;;1;2026-10-01T00:44:12Z;2026-10-01T00:44:12Z;;2;0;;0;;;;;;;;;;;;;;;;aprovado;3;0;0;0;0
publicacao/catalogo_ckan_ons;publicacao;catalogo_ckan_ons;ONS;api-package-search;ons-catalogo-ckan;dados;PUBLICADO;indicador;publicacao.json;;;;;cadastro (sem período de referência);;;;;SEM SLA;;2;2026-10-01T00:44:00Z;2026-10-01T05:56:47Z;;2;0;;0;;;;;;;;;;;;;;2;;aprovado;3;0;0;0;0
regulacao/aneel_audiencias_consultas;regulacao;aneel_audiencias_consultas;ANEEL;audiencias-e-consultas-publicas;aneel-audiencias-consultas-publicas;regulacao;PUBLICADO;indicador;regulacao.json;Trimestral;Frequência de atualização;E;trimestral;anual;2013;2026;1;2027-01-20;EM DIA;0;2;2026-09-30T23:08:10Z;2026-09-30T23:08:14Z;2026-07-22T16:59:53Z;2;0;;0;3;42;1.0;3;3;;;;;;;;;;;aprovado;5;0;0;0;0
regulacao/aneel_bandeiras_adicional;regulacao;aneel_bandeiras_adicional;ANEEL;bandeiras-tarifarias;aneel-bandeiras-tarifarias;regulacao;PUBLICADO;indicador;regulacao.json;Mensal;Frequência de atualização;D;mensal;cadência irregular;2015-03-02;2024-04-01;;2026-12-31;EM DIA;0;5;2026-09-30T23:08:16Z;2026-10-01T06:34:59Z;2026-10-01T05:01:18Z;5;0;;0;4;27;;;;;;;;;;;;;;aprovado;5;0;0;0;0
regulacao/aneel_paginas_regulatorias;regulacao;aneel_paginas_regulatorias;ANEEL;paginas-procedimentos-e-agenda;aneel-paginas-regulatorias;regulacao;PUBLICADO;indicador;regulacao.json;;;;;cadastro (sem período de referência);;;;;SEM SLA;;4;2026-09-30T23:08:19Z;2026-09-30T23:08:24Z;;5;1;2026-10-01T06:35:30Z;1;;;;;;;;;;;;;;;;aprovado;3;0;0;0;0
regulacao/aneel_pautas_atas_diretoria;regulacao;aneel_pautas_atas_diretoria;ANEEL;pautas-e-atas-das-reunioes-publicas-da-diretoria;aneel-pautas-atas-diretoria;regulacao;PUBLICADO;indicador;regulacao.json;Semanal;Frequência de atualização;D;semanal;cadastro (sem período de referência);;;;2026-10-09;EM DIA;0;2;2026-09-30T23:07:42Z;2026-09-30T23:08:03Z;2026-09-25T03:04:53Z;2;0;;0;;;;;;;;;;;;;;;;aprovado;4;0;0;0;0
regulacao/ibge_ipca_1737;regulacao;ibge_ipca_1737;IBGE;sidra-1737;ibge-ipca-1737;regulacao;PUBLICADO;indicador;regulacao.json;mensal;periodicidade.frequencia;A;mensal;mensal;1979-12;2026-08;;2026-11-29;EM DIA;0;1;2026-09-30T23:08:25Z;2026-09-30T23:08:25Z;;1;0;;0;1;561;1.0;1;1;;;;;;;;;;;aprovado;4;0;0;0;0
regulacao/regulacao_documentos;regulacao;regulacao_documentos;ANEEL;atos-limites-pld;aneel-atos-limites-pld;regulacao;PUBLICADO;indicador;regulacao.json;;;;;;;;;;SEM SLA;;36;2026-09-30T23:02:52Z;2026-10-01T06:34:52Z;;38;2;2026-09-30T23:07:21Z;0;;;;;;;;;;;;;;;;aprovado;2;0;0;0;0
territorio/territorio_epe_webmap;territorio;territorio_epe_webmap;EPE;webmap-epe-subsistemas;epe-webmap-subsistemas-isolados-territorio;territorio;PUBLICADO;indicador;territorio.json;;;;;;;;;;SEM SLA;;2;2026-10-01T07:36:11Z;2026-10-01T07:36:20Z;;2;0;;0;;;;;;;;;;;;;;;;aprovado;3;0;0;0;0
territorio/territorio_ibge_malha_maxima;territorio;territorio_ibge_malha_maxima;IBGE;malhas-municipais-qualidade-maxima;ibge-malha-municipal-maxima-territorio;territorio;RECURSO VERIFICADO;conferencia;territorio.json;;;;;;;;;;SEM SLA;;27;2026-10-01T07:36:22Z;2026-10-01T07:37:02Z;;27;0;;0;;;;;;;;;;;;;;;;ressalva;2;1;0;0;0
territorio/territorio_ons_areas_carga;territorio;territorio_ons_areas_carga;ONS;carga-energia-verificada;ons-carga-verificada-areas-territorio;territorio;PUBLICADO;conferencia;territorio.json;;;;;semi-horária;2026-09-13T03:30:00.000Z;2026-09-17T03:00:00.000Z;;;SEM SLA;;68;2026-10-01T06:26:31Z;2026-10-01T06:27:03Z;;68;0;;0;102;3400;0.5;34;34;;;;;;;;;;;aprovado;4;0;0;0;0
