regiao;mes;uc_residencial;uc_baixa_renda;participacao_pct;processado_em
RG-CO;2012-03;4255493.0;366208.0;8.61;13/09/2017 00:00:00
RG-N;2012-03;3278291.0;399415.0;12.18;13/09/2017 00:00:00
RG-NE;2012-03;15842078.0;6279120.0;39.64;13/09/2017 00:00:00
RG-S;2012-03;8467209.0;672217.0;7.94;13/09/2017 00:00:00
RG-SE;2012-03;27571507.0;2122598.0;7.7;13/09/2017 00:00:00
RG-CO;2012-06;4319240.0;377138.0;8.73;13/09/2017 00:00:00
RG-N;2012-06;3296799.0;414736.0;12.58;13/09/2017 00:00:00
RG-NE;2012-06;15997648.0;6560818.0;41.01;13/09/2017 00:00:00
RG-S;2012-06;8627761.0;690580.0;8.0;13/09/2017 00:00:00
RG-SE;2012-06;27574393.0;2190534.0;7.94;13/09/2017 00:00:00
RG-CO;2012-09;4381589.0;384272.0;8.77;13/09/2017 00:00:00
RG-N;2012-09;3455680.0;466233.0;13.49;13/09/2017 00:00:00
RG-NE;2012-09;16113317.0;6918922.0;42.94;13/09/2017 00:00:00
RG-S;2012-09;8791661.0;764752.0;8.7;13/09/2017 00:00:00
RG-SE;2012-09;28008009.0;2320287.0;8.28;13/09/2017 00:00:00
RG-CO;2012-12;4412374.0;441295.0;10.0;13/09/2017 00:00:00
RG-N;2012-12;3489558.0;630233.0;18.06;13/09/2017 00:00:00
RG-NE;2012-12;16297613.0;7127938.0;43.74;13/09/2017 00:00:00
RG-S;2012-12;8852647.0;779715.0;8.81;13/09/2017 00:00:00
RG-SE;2012-12;28219590.0;2420949.0;8.58;13/09/2017 00:00:00
RG-CO;2013-03;4453881.0;449380.0;10.09;13/09/2017 00:00:00
RG-N;2013-03;3517460.0;682594.0;19.41;13/09/2017 00:00:00
RG-NE;2013-03;16399917.0;7201700.0;43.91;13/09/2017 00:00:00
RG-S;2013-03;8927592.0;783030.0;8.77;13/09/2017 00:00:00
RG-SE;2013-03;28389991.0;2499886.0;8.81;13/09/2017 00:00:00
RG-CO;2013-06;4546498.0;489698.0;10.77;13/09/2017 00:00:00
RG-N;2013-06;3568238.0;784828.0;21.99;13/09/2017 00:00:00
RG-NE;2013-06;16589149.0;7328198.0;44.17;13/09/2017 00:00:00
RG-S;2013-06;9013488.0;787714.0;8.74;13/09/2017 00:00:00
RG-SE;2013-06;28688371.0;2633347.0;9.18;13/09/2017 00:00:00
RG-CO;2013-09;4605269.0;549041.0;11.92;13/09/2017 00:00:00
RG-N;2013-09;3599324.0;798835.0;22.19;13/09/2017 00:00:00
RG-NE;2013-09;16721451.0;7402161.0;44.27;13/09/2017 00:00:00
RG-S;2013-09;9086292.0;812293.0;8.94;13/09/2017 00:00:00
RG-SE;2013-09;28918044.0;2709886.0;9.37;13/09/2017 00:00:00
RG-CO;2013-12;4678460.0;596637.0;12.75;13/09/2017 00:00:00
RG-N;2013-12;3662331.0;825362.0;22.54;13/09/2017 00:00:00
RG-NE;2013-12;16922969.0;7522851.0;44.45;13/09/2017 00:00:00
RG-S;2013-12;9133114.0;826351.0;9.05;13/09/2017 00:00:00
RG-SE;2013-12;29248021.0;2820035.0;9.64;13/09/2017 00:00:00
RG-CO;2014-03;4700129.0;592667.0;12.61;13/09/2017 00:00:00
RG-N;2014-03;3720509.0;846699.0;22.76;13/09/2017 00:00:00
RG-NE;2014-03;17081828.0;7537687.0;44.13;13/09/2017 00:00:00
RG-S;2014-03;9285599.0;830818.0;8.95;13/09/2017 00:00:00
RG-SE;2014-03;29433016.0;2866295.0;9.74;13/09/2017 00:00:00
RG-CO;2014-06;4749617.0;607631.0;12.79;13/09/2017 00:00:00
RG-N;2014-06;3750051.0;971486.0;25.91;13/09/2017 00:00:00
RG-NE;2014-06;17175302.0;7570341.0;44.08;13/09/2017 00:00:00
RG-S;2014-06;9335302.0;834794.0;8.94;13/09/2017 00:00:00
RG-SE;2014-06;29604541.0;2939766.0;9.93;13/09/2017 00:00:00
RG-CO;2014-09;4802740.0;604500.0;12.59;13/09/2017 00:00:00
RG-N;2014-09;3799024.0;916589.0;24.13;13/09/2017 00:00:00
RG-NE;2014-09;17314124.0;7639922.0;44.13;13/09/2017 00:00:00
RG-S;2014-09;9403582.0;839468.0;8.93;13/09/2017 00:00:00
RG-SE;2014-09;29741684.0;2991743.0;10.06;13/09/2017 00:00:00
RG-CO;2014-12;4875657.0;594912.0;12.2;13/09/2017 00:00:00
RG-N;2014-12;3924157.0;1056915.0;26.93;13/09/2017 00:00:00
RG-NE;2014-12;17506277.0;7634071.0;43.61;13/09/2017 00:00:00
RG-S;2014-12;9503796.0;849988.0;8.94;13/09/2017 00:00:00
RG-SE;2014-12;30094977.0;3046099.0;10.12;13/09/2017 00:00:00
RG-CO;2015-03;4943122.0;498790.0;10.09;13/09/2017 00:00:00
RG-N;2015-03;3973252.0;967891.0;24.36;13/09/2017 00:00:00
RG-NE;2015-03;17669973.0;6100450.0;34.52;13/09/2017 00:00:00
RG-S;2015-03;9578517.0;707347.0;7.38;13/09/2017 00:00:00
RG-SE;2015-03;30272369.0;2571155.0;8.49;13/09/2017 00:00:00
RG-CO;2015-06;4970568.0;442676.0;8.91;13/09/2017 00:00:00
RG-N;2015-06;4013190.0;836063.0;20.83;13/09/2017 00:00:00
RG-NE;2015-06;17739340.0;5256797.0;29.63;13/09/2017 00:00:00
RG-S;2015-06;9629468.0;587602.0;6.1;13/09/2017 00:00:00
RG-SE;2015-06;30177976.0;2101289.0;6.96;13/09/2017 00:00:00
RG-CO;2015-09;5006123.0;446120.0;8.91;13/09/2017 00:00:00
RG-N;2015-09;4063163.0;881786.0;21.7;13/09/2017 00:00:00
RG-NE;2015-09;17830773.0;5119539.0;28.71;13/09/2017 00:00:00
RG-S;2015-09;9691954.0;551390.0;5.69;13/09/2017 00:00:00
RG-SE;2015-09;30563350.0;2049079.0;6.7;13/09/2017 00:00:00
RG-CO;2015-12;5038409.0;380687.0;7.56;13/09/2017 00:00:00
RG-N;2015-12;4103279.0;863317.0;21.04;13/09/2017 00:00:00
RG-NE;2015-12;17910140.0;4816948.0;26.9;13/09/2017 00:00:00
RG-S;2015-12;9750577.0;592780.0;6.08;13/09/2017 00:00:00
RG-SE;2015-12;30767338.0;2051543.0;6.67;13/09/2017 00:00:00
RG-CO;2016-03;5061870.0;373457.0;7.38;13/09/2017 00:00:00
RG-N;2016-03;4129733.0;909429.0;22.02;13/09/2017 00:00:00
RG-NE;2016-03;18007324.0;5045662.0;28.02;13/09/2017 00:00:00
RG-S;2016-03;9806880.0;615752.0;6.28;13/09/2017 00:00:00
RG-SE;2016-03;30885091.0;2281462.0;7.39;13/09/2017 00:00:00
RG-CO;2016-06;5088067.0;377680.0;7.42;13/09/2017 00:00:00
RG-N;2016-06;3950432.0;930202.0;23.55;13/09/2017 00:00:00
RG-NE;2016-06;18096898.0;5149998.0;28.46;13/09/2017 00:00:00
RG-S;2016-06;9863618.0;644202.0;6.53;13/09/2017 00:00:00
RG-SE;2016-06;31008848.0;2371289.0;7.65;13/09/2017 00:00:00
RG-CO;2016-09;5099738.0;369454.0;7.24;13/09/2017 00:00:00
RG-N;2016-09;3984838.0;868207.0;21.79;13/09/2017 00:00:00
RG-NE;2016-09;18236703.0;5084875.0;27.88;13/09/2017 00:00:00
RG-S;2016-09;9901022.0;628646.0;6.35;13/09/2017 00:00:00
RG-SE;2016-09;31157103.0;2269695.0;7.28;13/09/2017 00:00:00
RG-CO;2016-12;5134196.0;366811.0;7.14;13/09/2017 00:00:00
RG-N;2016-12;4037306.0;863372.0;21.38;13/09/2017 00:00:00
RG-NE;2016-12;18353984.0;4974987.0;27.11;13/09/2017 00:00:00
RG-S;2016-12;9947806.0;580164.0;5.83;13/09/2017 00:00:00
RG-SE;2016-12;31368342.0;2131844.0;6.8;13/09/2017 00:00:00
RG-CO;2017-03;5155107.0;340996.0;6.61;13/09/2017 00:00:00
RG-N;2017-03;4101147.0;818710.0;19.96;13/09/2017 00:00:00
RG-NE;2017-03;18477179.0;4901772.0;26.53;13/09/2017 00:00:00
RG-S;2017-03;10037065.0;570337.0;5.68;13/09/2017 00:00:00
RG-SE;2017-03;31561014.0;2066589.0;6.55;13/09/2017 00:00:00
RG-CO;2017-06;5201034.0;335562.0;6.45;10/10/2017 00:00:00
RG-N;2017-06;4120959.0;848545.0;20.59;10/10/2017 00:00:00
RG-NE;2017-06;18593641.0;5167801.0;27.79;10/10/2017 00:00:00
RG-S;2017-06;10082973.0;580591.0;5.76;10/10/2017 00:00:00
RG-SE;2017-06;31721556.0;2096875.0;6.61;10/10/2017 00:00:00
RG-CO;2017-09;5243032.0;339585.0;6.48;21/12/2017 00:00:00
RG-N;2017-09;4166600.0;907219.0;21.77;21/12/2017 00:00:00
RG-NE;2017-09;18682491.0;5096128.0;27.28;21/12/2017 00:00:00
RG-S;2017-09;10138864.0;586707.0;5.79;21/12/2017 00:00:00
RG-SE;2017-09;32265950.0;2160365.0;6.7;21/12/2017 00:00:00
RG-CO;2017-12;5293547.0;374622.0;7.08;15/03/2018 00:00:00
RG-N;2017-12;4196674.0;953485.0;22.72;15/03/2018 00:00:00
RG-NE;2017-12;18738987.0;4961555.0;26.48;15/03/2018 00:00:00
RG-S;2017-12;10189450.0;557473.0;5.47;15/03/2018 00:00:00
RG-SE;2017-12;32360349.0;1973090.0;6.1;15/03/2018 00:00:00
RG-CO;2018-03;5307158.0;347758.0;6.55;29/06/2018 00:00:00
RG-N;2018-03;4216735.0;930681.0;22.07;29/06/2018 00:00:00
RG-NE;2018-03;18776535.0;4916012.0;26.18;29/06/2018 00:00:00
RG-S;2018-03;10234815.0;561984.0;5.49;29/06/2018 00:00:00
RG-SE;2018-03;32424300.0;2001801.0;6.17;29/06/2018 00:00:00
RG-CO;2018-06;5359366.0;452719.0;8.45;08/01/2019 00:00:00
RG-N;2018-06;4251332.0;879667.0;20.69;08/01/2019 00:00:00
RG-NE;2018-06;18882300.0;4925653.0;26.09;08/01/2019 00:00:00
RG-S;2018-06;10315642.0;532177.0;5.16;08/01/2019 00:00:00
RG-SE;2018-06;32961082.0;2053651.0;6.23;08/01/2019 00:00:00
RG-CO;2018-09;5405116.0;458507.0;8.48;08/01/2019 00:00:00
RG-N;2018-09;4279042.0;912056.0;21.31;08/01/2019 00:00:00
RG-NE;2018-09;18834100.0;5007730.0;26.59;08/01/2019 00:00:00
RG-S;2018-09;10378114.0;515091.0;4.96;08/01/2019 00:00:00
RG-SE;2018-09;33114457.0;2212247.0;6.68;08/01/2019 00:00:00
RG-CO;2018-11;5440119.0;458507.0;8.43;30/04/2019 00:00:00
RG-N;2018-11;5440119.0;912056.0;16.77;30/04/2019 00:00:00
RG-NE;2018-11;19037029.0;5007730.0;26.31;30/04/2019 00:00:00
RG-S;2018-11;10423515.0;515091.0;4.94;30/04/2019 00:00:00
RG-SE;2018-11;33195958.0;2212247.0;6.66;30/04/2019 00:00:00
RG-CO;2019-03;5474397.0;389852.0;7.12;24/07/2019 00:00:00
RG-N;2019-03;4271220.0;851150.0;19.93;24/07/2019 00:00:00
RG-NE;2019-03;19095210.0;4727025.0;24.76;24/07/2019 00:00:00
RG-S;2019-03;10479822.0;511435.0;4.88;24/07/2019 00:00:00
RG-SE;2019-03;33339251.0;2070850.0;6.21;24/07/2019 00:00:00
