territorio;ano;situacao;pct_com_energia;cv_pct_com_energia;pct_rede_geral;cv_pct_rede_geral;pct_integral_entre_rede;cv_pct_integral;domicilios_mil;domicilios_com_energia_mil;domicilios_sem_energia_mil
BR;2016;total;99.8;0.0;99.5;0.0;99.2;0.1;66697.0;66538.0;159.0
BR;2016;urbana;100.0;0.0;100.0;0.0;99.4;0.1;57541.0;57519.0;22.0
BR;2016;rural;98.5;0.1;96.6;0.3;98.1;0.2;9156.0;9019.0;137.0
BR;2017;total;99.8;0.0;99.5;0.0;99.1;0.1;67387.0;67226.0;161.0
BR;2017;urbana;99.9;0.0;99.9;0.0;99.3;0.1;58235.0;58204.0;31.0
BR;2017;rural;98.6;0.1;96.8;0.3;97.8;0.2;9152.0;9022.0;130.0
BR;2018;total;99.7;0.0;99.5;0.0;99.1;0.1;68648.0;68458.0;190.0
BR;2018;urbana;99.9;0.0;99.9;0.0;99.4;0.1;59288.0;59227.0;61.0
BR;2018;rural;98.6;0.1;97.1;0.3;97.8;0.2;9360.0;9231.0;129.0
BR;2019;total;99.8;0.0;99.5;0.0;99.2;0.0;69774.0;69603.0;171.0
BR;2019;urbana;99.9;0.0;99.9;0.0;99.4;0.0;60336.0;60291.0;45.0
BR;2019;rural;98.7;0.1;96.8;0.3;97.8;0.2;9438.0;9312.0;126.0
BR;2022;total;99.8;0.0;99.4;0.0;98.7;0.1;72678.0;72518.0;160.0
BR;2022;urbana;99.9;0.0;99.7;0.0;99.0;0.1;63408.0;63338.0;70.0
BR;2022;rural;99.0;0.1;97.4;0.3;96.4;0.2;9270.0;9180.0;90.0
BR;2023;total;99.8;0.0;99.4;0.0;98.7;0.1;76009.0;75850.0;159.0
BR;2023;urbana;99.9;0.0;99.7;0.0;99.0;0.1;66656.0;66591.0;65.0
BR;2023;rural;99.0;0.1;97.1;0.3;96.8;0.2;9354.0;9259.0;95.0
BR;2024;total;99.8;0.0;99.3;0.0;98.4;0.1;77330.0;77178.0;152.0
BR;2024;urbana;99.9;0.0;99.6;0.0;98.7;0.1;68473.0;68391.0;82.0
BR;2024;rural;99.2;0.1;97.4;0.3;96.0;0.2;8857.0;8787.0;70.0
BR;2025;total;99.8;0.0;99.2;0.1;98.3;0.1;79305.0;79170.0;135.0
BR;2025;urbana;99.9;0.0;99.5;0.0;98.6;0.1;70230.0;70158.0;72.0
BR;2025;rural;99.3;0.1;97.3;0.3;96.0;0.3;9075.0;9012.0;63.0
RG-N;2016;total;98.7;0.1;95.7;0.5;98.3;0.3;4791.0;4728.0;63.0
RG-N;2016;urbana;100.0;0.0;100.0;0.0;98.7;0.3;3687.0;3686.0;1.0
RG-N;2016;rural;94.5;0.6;81.4;2.6;96.3;0.9;1104.0;1043.0;61.0
RG-N;2017;total;98.9;0.1;96.3;0.5;98.6;0.2;4914.0;4860.0;54.0
RG-N;2017;urbana;100.0;0.0;99.9;0.0;99.2;0.2;3815.0;3814.0;1.0
RG-N;2017;rural;95.3;0.6;83.5;2.4;95.8;0.9;1098.0;1047.0;51.0
RG-N;2018;total;98.8;0.2;96.4;0.4;97.7;0.4;5042.0;4981.0;61.0
RG-N;2018;urbana;99.7;0.1;99.7;0.1;98.7;0.3;3937.0;3927.0;10.0
RG-N;2018;rural;95.3;0.9;85.0;2.2;93.4;1.4;1106.0;1054.0;52.0
RG-N;2019;total;98.8;0.1;96.0;0.5;98.3;0.2;5134.0;5072.0;62.0
RG-N;2019;urbana;99.9;0.0;99.8;0.1;99.1;0.1;3968.0;3964.0;4.0
RG-N;2019;rural;95.0;0.6;82.9;2.5;94.9;1.0;1167.0;1108.0;59.0
RG-N;2022;total;99.1;0.1;96.7;0.4;98.0;0.3;5428.0;5380.0;48.0
RG-N;2022;urbana;99.8;0.1;99.7;0.1;98.8;0.2;4336.0;4328.0;8.0
RG-N;2022;rural;96.3;0.6;84.9;2.2;94.1;1.5;1093.0;1052.0;41.0
RG-N;2023;total;99.0;0.1;96.3;0.5;98.5;0.2;5682.0;5626.0;56.0
RG-N;2023;urbana;99.8;0.1;99.6;0.1;99.2;0.2;4586.0;4578.0;8.0
RG-N;2023;rural;95.6;0.7;82.4;2.9;94.6;1.0;1096.0;1048.0;48.0
RG-N;2024;total;99.4;0.1;96.7;0.4;97.8;0.3;5859.0;5821.0;38.0
RG-N;2024;urbana;99.9;0.0;99.4;0.1;99.0;0.3;4761.0;4755.0;6.0
RG-N;2024;rural;97.1;0.4;85.2;2.3;91.9;1.6;1099.0;1067.0;32.0
RG-N;2025;total;99.4;0.1;96.6;0.4;97.8;0.3;5968.0;5931.0;37.0
RG-N;2025;urbana;99.9;0.0;99.3;0.1;98.9;0.3;4862.0;4856.0;6.0
RG-N;2025;rural;97.1;0.4;84.9;2.4;92.0;1.4;1107.0;1075.0;32.0
RG-NE;2016;total;99.6;0.0;99.5;0.1;99.1;0.1;17387.0;17321.0;66.0
RG-NE;2016;urbana;99.9;0.0;99.9;0.0;99.5;0.1;13101.0;13092.0;9.0
RG-NE;2016;rural;98.6;0.1;98.2;0.2;98.1;0.2;4286.0;4229.0;57.0
RG-NE;2017;total;99.5;0.0;99.4;0.1;99.3;0.1;17552.0;17471.0;81.0
RG-NE;2017;urbana;99.8;0.1;99.8;0.1;99.6;0.1;13248.0;13227.0;21.0
RG-NE;2017;rural;98.6;0.1;98.2;0.2;98.1;0.2;4303.0;4245.0;58.0
RG-NE;2018;total;99.5;0.1;99.3;0.1;99.2;0.1;17789.0;17695.0;94.0
RG-NE;2018;urbana;99.8;0.1;99.7;0.1;99.6;0.1;13339.0;13309.0;30.0
RG-NE;2018;rural;98.6;0.2;98.1;0.3;98.1;0.2;4450.0;4386.0;64.0
RG-NE;2019;total;99.6;0.1;99.4;0.1;99.3;0.1;18212.0;18134.0;78.0
RG-NE;2019;urbana;99.8;0.0;99.8;0.0;99.6;0.1;13730.0;13706.0;24.0
RG-NE;2019;rural;98.8;0.2;98.3;0.3;98.4;0.2;4482.0;4428.0;54.0
RG-NE;2022;total;99.6;0.0;99.4;0.1;98.9;0.1;18888.0;18810.0;78.0
RG-NE;2022;urbana;99.7;0.0;99.6;0.1;99.3;0.1;14545.0;14508.0;37.0
RG-NE;2022;rural;99.1;0.1;98.7;0.2;97.2;0.3;4343.0;4302.0;41.0
RG-NE;2023;total;99.7;0.0;99.4;0.1;98.9;0.1;19989.0;19925.0;64.0
RG-NE;2023;urbana;99.8;0.0;99.5;0.1;99.3;0.1;15472.0;15443.0;29.0
RG-NE;2023;rural;99.2;0.1;98.9;0.1;97.7;0.2;4518.0;4482.0;36.0
RG-NE;2024;total;99.7;0.0;99.3;0.1;98.4;0.1;20327.0;20267.0;60.0
RG-NE;2024;urbana;99.8;0.0;99.4;0.1;98.8;0.1;15989.0;15960.0;29.0
RG-NE;2024;rural;99.3;0.1;98.9;0.1;97.0;0.3;4338.0;4307.0;31.0
RG-NE;2025;total;99.8;0.0;99.1;0.1;98.7;0.1;20788.0;20737.0;51.0
RG-NE;2025;urbana;99.8;0.0;99.2;0.1;99.2;0.1;16437.0;16410.0;27.0
RG-NE;2025;rural;99.4;0.1;98.9;0.1;96.7;0.3;4351.0;4327.0;24.0
RG-SE;2016;total;99.9;0.0;99.9;0.0;99.3;0.1;29248.0;29232.0;16.0
RG-SE;2016;urbana;100.0;0.0;100.0;0.0;99.4;0.1;27360.0;27353.0;7.0
RG-SE;2016;rural;99.5;0.1;99.2;0.2;98.6;0.4;1888.0;1879.0;9.0
RG-SE;2017;total;100.0;0.0;99.9;0.0;99.3;0.1;29387.0;29376.0;11.0
RG-SE;2017;urbana;100.0;0.0;100.0;0.0;99.4;0.1;27518.0;27515.0;3.0
RG-SE;2017;rural;99.6;0.1;99.5;0.1;98.9;0.3;1868.0;1861.0;7.0
RG-SE;2018;total;99.9;0.0;99.9;0.0;99.4;0.1;29990.0;29973.0;17.0
RG-SE;2018;urbana;100.0;0.0;99.9;0.0;99.4;0.1;28096.0;28086.0;10.0
RG-SE;2018;rural;99.6;0.1;99.4;0.1;98.6;0.3;1894.0;1887.0;7.0
RG-SE;2019;total;99.9;0.0;99.9;0.0;99.5;0.1;30356.0;30341.0;15.0
RG-SE;2019;urbana;100.0;0.0;99.9;0.0;99.5;0.1;28468.0;28457.0;11.0
RG-SE;2019;rural;99.8;0.1;99.6;0.1;98.3;0.3;1888.0;1884.0;4.0
RG-SE;2022;total;99.9;0.0;99.8;0.0;99.0;0.1;31479.0;31459.0;20.0
RG-SE;2022;urbana;99.9;0.0;99.8;0.0;99.2;0.1;29544.0;29529.0;15.0
RG-SE;2022;rural;99.8;0.1;99.5;0.1;96.7;0.6;1935.0;1930.0;5.0
RG-SE;2023;total;99.9;0.0;99.8;0.0;98.9;0.1;32778.0;32757.0;21.0
RG-SE;2023;urbana;100.0;0.0;99.9;0.0;99.0;0.1;30887.0;30874.0;13.0
RG-SE;2023;rural;99.6;0.1;99.1;0.1;96.9;0.5;1891.0;1883.0;8.0
RG-SE;2024;total;99.9;0.0;99.8;0.0;98.6;0.1;33330.0;33298.0;32.0
RG-SE;2024;urbana;99.9;0.0;99.8;0.0;98.8;0.1;31587.0;31558.0;29.0
RG-SE;2024;rural;99.8;0.1;99.4;0.1;96.0;0.6;1743.0;1740.0;3.0
RG-SE;2025;total;99.9;0.0;99.7;0.1;98.3;0.1;34055.0;34024.0;31.0
RG-SE;2025;urbana;99.9;0.0;99.7;0.1;98.4;0.1;32222.0;32195.0;27.0
RG-SE;2025;rural;99.8;0.1;99.3;0.2;96.5;0.5;1833.0;1829.0;4.0
RG-S;2016;total;99.9;0.0;99.9;0.0;99.3;0.1;10163.0;10158.0;5.0
RG-S;2016;urbana;100.0;0.0;100.0;0.0;99.3;0.1;8800.0;8797.0;3.0
RG-S;2016;rural;99.8;0.1;99.8;0.1;99.0;0.3;1363.0;1361.0;2.0
RG-S;2017;total;100.0;0.0;99.9;0.0;99.2;0.1;10301.0;10296.0;5.0
RG-S;2017;urbana;100.0;0.0;99.9;0.0;99.4;0.1;8936.0;8934.0;2.0
RG-S;2017;rural;99.8;0.1;99.8;0.1;98.2;0.4;1365.0;1362.0;3.0
RG-S;2018;total;99.9;0.0;99.9;0.0;99.1;0.1;10485.0;10475.0;10.0
RG-S;2018;urbana;99.9;0.0;99.9;0.0;99.2;0.1;9103.0;9097.0;6.0
RG-S;2018;rural;99.7;0.1;99.7;0.1;98.6;0.3;1382.0;1378.0;4.0
RG-S;2019;total;99.9;0.0;99.9;0.0;98.9;0.1;10678.0;10671.0;7.0
RG-S;2019;urbana;100.0;0.0;99.9;0.0;99.2;0.1;9292.0;9289.0;3.0
RG-S;2019;rural;99.8;0.1;99.7;0.1;97.4;0.8;1386.0;1383.0;3.0
RG-S;2022;total;99.9;0.0;99.7;0.0;98.4;0.2;11141.0;11129.0;12.0
RG-S;2022;urbana;99.9;0.0;99.8;0.0;98.7;0.2;9707.0;9698.0;9.0
RG-S;2022;rural;99.8;0.1;99.3;0.2;96.7;0.7;1434.0;1431.0;3.0
RG-S;2023;total;99.9;0.0;99.7;0.0;98.6;0.2;11479.0;11466.0;13.0
RG-S;2023;urbana;99.9;0.0;99.8;0.0;98.8;0.2;10091.0;10082.0;9.0
RG-S;2023;rural;99.8;0.1;99.4;0.2;96.6;0.9;1387.0;1385.0;2.0
RG-S;2024;total;99.9;0.0;99.7;0.0;98.5;0.1;11663.0;11649.0;14.0
RG-S;2024;urbana;99.9;0.0;99.7;0.0;98.7;0.1;10391.0;10378.0;13.0
RG-S;2024;rural;99.9;0.1;99.5;0.1;96.6;0.6;1272.0;1271.0;1.0
RG-S;2025;total;99.9;0.0;99.6;0.1;98.4;0.2;12126.0;12115.0;11.0
RG-S;2025;urbana;99.9;0.0;99.6;0.1;98.7;0.2;10776.0;10767.0;9.0
RG-S;2025;rural;99.8;0.1;99.5;0.1;96.5;0.6;1350.0;1347.0;3.0
RG-CO;2016;total;99.8;0.1;99.8;0.1;99.2;0.1;5108.0;5100.0;8.0
RG-CO;2016;urbana;100.0;0.0;100.0;0.0;99.4;0.1;4593.0;4591.0;2.0
RG-CO;2016;rural;98.8;0.5;98.0;0.7;97.2;0.8;515.0;509.0;6.0
RG-CO;2017;total;99.8;0.1;99.6;0.1;98.2;0.4;5234.0;5223.0;11.0
RG-CO;2017;urbana;100.0;0.0;100.0;0.0;98.5;0.4;4717.0;4716.0;1.0
RG-CO;2017;rural;98.1;0.8;96.6;1.1;95.2;1.4;517.0;508.0;9.0
RG-CO;2018;total;99.8;0.0;99.8;0.1;99.1;0.2;5341.0;5333.0;8.0
RG-CO;2018;urbana;99.9;0.0;99.9;0.0;99.2;0.2;4813.0;4808.0;5.0
RG-CO;2018;rural;99.4;0.2;98.9;0.4;97.8;0.7;528.0;525.0;3.0
RG-CO;2019;total;99.9;0.0;99.7;0.1;98.8;0.2;5394.0;5386.0;8.0
RG-CO;2019;urbana;100.0;0.0;99.9;0.0;99.0;0.2;4878.0;4876.0;2.0
RG-CO;2019;rural;99.0;0.4;97.8;0.9;97.0;0.9;516.0;510.0;6.0
RG-CO;2022;total;99.9;0.0;99.5;0.1;97.3;0.4;5743.0;5740.0;3.0
RG-CO;2022;urbana;100.0;0.0;99.5;0.1;97.7;0.3;5277.0;5275.0;2.0
RG-CO;2022;rural;99.8;0.2;99.1;0.3;92.5;1.4;466.0;465.0;1.0
RG-CO;2023;total;99.9;0.1;99.4;0.1;97.4;0.4;6081.0;6076.0;5.0
RG-CO;2023;urbana;99.9;0.1;99.4;0.1;97.9;0.4;5619.0;5615.0;4.0
RG-CO;2023;rural;99.8;0.2;98.5;0.5;92.4;1.7;462.0;461.0;1.0
RG-CO;2024;total;99.9;0.0;99.0;0.1;98.1;0.2;6150.0;6143.0;7.0
RG-CO;2024;urbana;99.9;0.0;99.0;0.1;98.4;0.2;5745.0;5740.0;5.0
RG-CO;2024;rural;99.5;0.2;97.9;0.6;93.4;1.2;405.0;403.0;2.0
RG-CO;2025;total;99.9;0.0;98.9;0.1;97.5;0.4;6367.0;6363.0;4.0
RG-CO;2025;urbana;99.9;0.0;98.9;0.1;97.8;0.4;5933.0;5929.0;4.0
RG-CO;2025;rural;99.8;0.1;98.4;0.3;93.3;1.3;434.0;433.0;1.0
RO;2016;total;99.5;0.2;99.1;0.5;98.8;0.4;536.0;533.0;3.0
RO;2016;urbana;100.0;;100.0;;99.3;0.4;401.0;401.0;0.0
RO;2016;rural;98.0;0.8;96.6;2.2;97.5;0.8;135.0;133.0;2.0
RO;2017;total;99.9;0.1;99.4;0.4;99.4;0.2;546.0;545.0;1.0
RO;2017;urbana;99.9;0.0;99.9;0.0;99.8;0.1;418.0;417.0;1.0
RO;2017;rural;99.8;0.2;97.5;1.5;97.9;0.6;128.0;128.0;0.0
RO;2018;total;99.7;0.1;99.1;0.4;99.0;0.5;550.0;549.0;1.0
RO;2018;urbana;99.7;0.2;98.9;0.5;99.3;0.6;426.0;425.0;1.0
RO;2018;rural;99.9;0.1;99.6;0.3;97.9;1.0;124.0;124.0;0.0
RO;2019;total;99.8;0.1;99.4;0.3;98.0;0.9;558.0;557.0;1.0
RO;2019;urbana;99.9;0.1;99.5;0.4;99.1;0.3;426.0;426.0;0.0
RO;2019;rural;99.4;0.3;99.1;0.5;94.5;3.7;131.0;131.0;0.0
RO;2022;total;99.5;0.2;98.9;0.3;97.7;0.5;591.0;589.0;2.0
RO;2022;urbana;99.5;0.3;99.0;0.3;98.4;0.6;461.0;459.0;2.0
RO;2022;rural;99.5;0.3;98.6;0.6;95.1;1.3;131.0;130.0;1.0
RO;2023;total;99.9;0.1;99.5;0.2;98.4;0.4;648.0;647.0;1.0
RO;2023;urbana;100.0;;99.6;0.2;99.4;0.3;521.0;521.0;0.0
RO;2023;rural;99.5;0.3;99.3;0.4;94.3;2.0;127.0;126.0;1.0
RO;2024;total;99.8;0.1;98.8;0.3;97.9;0.5;645.0;643.0;2.0
RO;2024;urbana;99.8;0.2;99.0;0.3;98.6;0.5;527.0;525.0;2.0
RO;2024;rural;99.7;0.2;97.6;0.6;94.5;1.4;118.0;118.0;0.0
RO;2025;total;99.9;0.0;98.5;0.3;98.1;0.4;631.0;630.0;1.0
RO;2025;urbana;100.0;0.0;98.7;0.4;98.7;0.5;509.0;509.0;0.0
RO;2025;rural;99.8;0.1;97.6;0.7;95.5;1.2;122.0;122.0;0.0
AC;2016;total;96.3;0.6;93.1;1.2;99.8;0.1;226.0;218.0;8.0
AC;2016;urbana;99.8;0.1;99.8;0.1;100.0;;175.0;175.0;0.0
AC;2016;rural;84.5;3.1;70.2;7.0;99.0;0.6;51.0;43.0;8.0
AC;2017;total;96.6;0.6;92.9;1.3;99.6;0.2;235.0;227.0;8.0
AC;2017;urbana;100.0;;100.0;;100.0;0.0;176.0;176.0;0.0
AC;2017;rural;86.5;2.6;71.9;6.6;98.1;1.0;59.0;51.0;8.0
AC;2018;total;96.8;0.6;93.0;1.2;99.9;0.1;250.0;242.0;8.0
AC;2018;urbana;99.8;0.1;99.8;0.1;100.0;;185.0;184.0;1.0
AC;2018;rural;88.0;2.6;73.7;5.8;99.6;0.3;65.0;57.0;8.0
AC;2019;total;97.2;0.6;94.1;1.2;99.5;0.4;252.0;245.0;7.0
AC;2019;urbana;99.9;0.1;99.9;0.1;99.9;0.1;186.0;186.0;0.0
AC;2019;rural;89.5;2.7;77.6;5.8;98.0;1.7;66.0;59.0;7.0
AC;2022;total;98.2;0.4;95.2;1.0;99.1;0.3;265.0;260.0;5.0
AC;2022;urbana;99.8;0.2;99.7;0.2;99.4;0.2;211.0;210.0;1.0
AC;2022;rural;91.9;2.0;77.5;5.5;97.5;1.2;54.0;50.0;4.0
AC;2023;total;97.9;0.5;94.6;1.1;99.9;0.1;269.0;263.0;6.0
AC;2023;urbana;99.8;0.1;99.4;0.2;100.0;0.0;211.0;211.0;0.0
AC;2023;rural;90.8;2.4;77.0;5.7;99.4;0.4;58.0;52.0;6.0
AC;2024;total;98.7;0.4;95.4;1.0;99.8;0.1;281.0;278.0;3.0
AC;2024;urbana;99.9;0.1;99.3;0.2;99.9;0.1;225.0;225.0;0.0
AC;2024;rural;93.9;1.9;79.7;5.8;99.0;0.5;56.0;53.0;3.0
AC;2025;total;98.6;0.5;94.4;1.2;99.8;0.1;290.0;286.0;4.0
AC;2025;urbana;99.7;0.2;98.6;0.3;99.7;0.1;229.0;228.0;1.0
AC;2025;rural;94.7;2.2;78.3;6.2;100.0;;61.0;57.0;4.0
AM;2016;total;98.9;0.2;96.1;0.8;97.6;0.6;992.0;982.0;10.0
AM;2016;urbana;100.0;;100.0;;98.3;0.5;837.0;837.0;0.0
AM;2016;rural;93.0;1.5;74.8;5.9;92.9;3.1;156.0;145.0;11.0
AM;2017;total;98.7;0.3;96.3;0.7;97.4;0.6;1039.0;1026.0;13.0
AM;2017;urbana;100.0;0.0;100.0;0.0;98.4;0.6;880.0;880.0;0.0
AM;2017;rural;91.9;1.7;75.8;5.3;90.6;3.4;159.0;146.0;13.0
AM;2018;total;98.2;0.5;95.9;0.8;96.9;0.6;1055.0;1036.0;19.0
AM;2018;urbana;99.6;0.2;99.5;0.2;98.4;0.3;903.0;900.0;3.0
AM;2018;rural;90.2;3.5;74.6;6.2;85.2;5.3;151.0;137.0;14.0
AM;2019;total;98.5;0.3;95.9;0.8;96.7;0.7;1054.0;1038.0;16.0
AM;2019;urbana;99.7;0.1;99.7;0.1;98.3;0.4;895.0;892.0;3.0
AM;2019;rural;91.4;1.8;74.3;6.3;84.5;5.3;160.0;146.0;14.0
AM;2022;total;98.8;0.3;96.8;0.7;96.2;0.8;1136.0;1123.0;13.0
AM;2022;urbana;99.9;0.1;99.9;0.1;97.0;0.8;976.0;975.0;1.0
AM;2022;rural;92.4;2.0;77.7;6.1;90.2;3.8;160.0;148.0;12.0
AM;2023;total;98.4;0.4;96.2;0.6;97.2;0.7;1187.0;1168.0;19.0
AM;2023;urbana;99.6;0.2;99.6;0.2;98.0;0.7;1032.0;1028.0;4.0
AM;2023;rural;90.4;3.2;73.8;5.7;90.3;3.3;155.0;140.0;15.0
AM;2024;total;99.0;0.2;96.1;0.6;97.8;0.6;1242.0;1229.0;13.0
AM;2024;urbana;99.7;0.1;99.6;0.2;99.2;0.3;1077.0;1074.0;3.0
AM;2024;rural;93.9;1.3;73.6;5.8;85.5;5.9;165.0;155.0;10.0
AM;2025;total;98.4;0.3;96.3;0.5;98.2;0.5;1275.0;1256.0;19.0
AM;2025;urbana;99.9;0.1;99.8;0.1;99.5;0.2;1120.0;1119.0;1.0
AM;2025;rural;88.2;2.7;71.2;5.4;84.7;5.5;155.0;137.0;18.0
RR;2016;total;99.8;0.1;99.6;0.1;95.1;1.4;137.0;136.0;1.0
RR;2016;urbana;100.0;;100.0;;96.1;1.3;116.0;116.0;0.0
RR;2016;rural;98.4;0.6;97.4;0.9;89.1;5.3;21.0;20.0;1.0
RR;2017;total;99.5;0.2;99.3;0.3;99.1;0.4;143.0;142.0;1.0
RR;2017;urbana;100.0;0.0;99.9;0.1;99.0;0.5;122.0;122.0;0.0
RR;2017;rural;96.6;1.3;95.4;1.9;100.0;;21.0;20.0;1.0
RR;2018;total;99.5;0.3;99.2;0.4;99.0;0.4;152.0;151.0;1.0
RR;2018;urbana;99.9;0.1;99.9;0.1;99.7;0.2;128.0;128.0;0.0
RR;2018;rural;97.0;1.6;95.4;2.2;95.3;2.4;24.0;23.0;1.0
RR;2019;total;99.2;0.3;99.1;0.3;94.8;1.2;150.0;149.0;1.0
RR;2019;urbana;99.9;0.1;99.9;0.1;96.5;1.2;125.0;125.0;0.0
RR;2019;rural;95.9;1.7;95.2;1.8;86.2;4.4;25.0;24.0;1.0
RR;2022;total;99.6;0.2;99.0;0.3;98.2;0.5;172.0;171.0;1.0
RR;2022;urbana;100.0;;99.8;0.2;98.8;0.5;147.0;147.0;0.0
RR;2022;rural;97.1;1.3;94.4;1.7;94.7;2.4;25.0;24.0;1.0
RR;2023;total;99.8;0.2;99.0;0.5;99.6;0.2;177.0;177.0;0.0
RR;2023;urbana;99.8;0.2;99.6;0.2;99.9;0.1;153.0;152.0;1.0
RR;2023;rural;99.6;0.4;95.2;3.2;97.4;1.1;25.0;25.0;0.0
RR;2024;total;99.6;0.1;99.3;0.2;98.6;0.3;192.0;191.0;1.0
RR;2024;urbana;100.0;;99.9;0.1;99.3;0.3;167.0;167.0;0.0
RR;2024;rural;97.1;1.1;95.8;1.2;93.5;1.9;25.0;24.0;1.0
RR;2025;total;99.9;0.0;99.7;0.1;98.3;1.0;206.0;206.0;0.0
RR;2025;urbana;100.0;;99.9;0.1;98.3;1.1;186.0;186.0;0.0
RR;2025;rural;99.3;0.4;97.9;1.4;98.2;1.4;20.0;20.0;0.0
PA;2016;total;98.5;0.3;93.9;1.0;98.1;0.6;2245.0;2210.0;35.0
PA;2016;urbana;100.0;0.0;100.0;0.0;98.5;0.7;1600.0;1599.0;1.0
PA;2016;rural;94.8;0.9;79.0;4.2;96.8;1.2;645.0;611.0;34.0
PA;2017;total;98.8;0.2;94.9;0.9;98.6;0.4;2279.0;2251.0;28.0
PA;2017;urbana;99.9;0.0;99.9;0.0;99.4;0.2;1655.0;1654.0;1.0
PA;2017;rural;95.7;0.8;81.5;4.0;96.0;1.4;624.0;597.0;27.0
PA;2018;total;98.9;0.3;95.5;0.8;96.8;0.7;2350.0;2323.0;27.0
PA;2018;urbana;99.8;0.1;99.8;0.1;98.2;0.6;1711.0;1707.0;4.0
PA;2018;rural;96.4;1.2;84.1;3.3;92.6;2.4;639.0;616.0;23.0
PA;2019;total;98.6;0.3;94.5;1.0;99.0;0.2;2425.0;2392.0;33.0
PA;2019;urbana;100.0;;100.0;;99.5;0.2;1753.0;1753.0;0.0
PA;2019;rural;95.1;1.0;80.1;4.4;97.5;0.9;672.0;639.0;33.0
PA;2022;total;99.1;0.2;95.5;0.8;98.2;0.5;2534.0;2511.0;23.0
PA;2022;urbana;99.9;0.1;99.7;0.1;99.5;0.2;1907.0;1905.0;2.0
PA;2022;rural;96.6;0.8;82.5;3.6;93.7;2.5;627.0;606.0;21.0
PA;2023;total;98.9;0.2;94.7;1.1;98.6;0.3;2634.0;2606.0;28.0
PA;2023;urbana;99.9;0.1;99.7;0.1;99.5;0.2;1996.0;1994.0;2.0
PA;2023;rural;96.0;1.0;79.1;5.0;95.0;1.5;638.0;613.0;25.0
PA;2024;total;99.4;0.1;96.0;0.8;97.3;0.6;2719.0;2702.0;17.0
PA;2024;urbana;100.0;0.0;99.5;0.2;98.8;0.5;2077.0;2076.0;1.0
PA;2024;rural;97.4;0.6;84.5;3.6;91.6;2.3;642.0;626.0;16.0
PA;2025;total;99.6;0.1;96.0;0.8;96.9;0.6;2745.0;2734.0;11.0
PA;2025;urbana;99.8;0.1;99.3;0.2;98.5;0.6;2101.0;2097.0;4.0
PA;2025;rural;98.8;0.3;85.0;3.8;91.1;2.1;645.0;637.0;8.0
AP;2016;total;99.5;0.3;98.0;0.9;98.9;0.8;195.0;194.0;1.0
AP;2016;urbana;99.9;0.1;99.9;0.1;99.9;0.1;177.0;177.0;0.0
AP;2016;rural;95.4;3.0;78.8;12.4;86.1;11.6;17.0;16.0;1.0
AP;2017;total;99.6;0.3;98.3;1.2;99.4;0.3;198.0;197.0;1.0
AP;2017;urbana;100.0;;100.0;;99.6;0.3;178.0;178.0;0.0
AP;2017;rural;96.5;2.7;83.1;15.1;96.7;3.3;20.0;19.0;1.0
AP;2018;total;100.0;0.0;100.0;0.0;99.9;0.1;195.0;195.0;0.0
AP;2018;urbana;100.0;;100.0;;99.9;0.1;182.0;182.0;0.0
AP;2018;rural;99.8;0.2;99.7;0.2;100.0;;12.0;12.0;0.0
AP;2019;total;99.7;0.2;97.7;0.9;99.4;0.5;199.0;198.0;1.0
AP;2019;urbana;100.0;;100.0;;99.8;0.2;174.0;174.0;0.0
AP;2019;rural;97.2;1.9;81.4;10.0;95.6;4.9;24.0;24.0;0.0
AP;2022;total;99.6;0.2;98.7;0.8;99.7;0.2;217.0;216.0;1.0
AP;2022;urbana;99.8;0.2;99.8;0.2;99.7;0.2;195.0;194.0;1.0
AP;2022;rural;98.7;1.2;89.8;9.3;100.0;;23.0;22.0;1.0
AP;2023;total;99.7;0.4;99.2;0.6;99.9;0.1;234.0;234.0;0.0
AP;2023;urbana;100.0;;99.7;0.2;99.9;0.1;219.0;219.0;0.0
AP;2023;rural;95.0;7.1;92.2;11.4;100.0;;15.0;15.0;0.0
AP;2024;total;99.7;0.2;98.5;0.9;99.1;0.5;237.0;236.0;1.0
AP;2024;urbana;99.8;0.2;99.7;0.3;99.9;0.1;214.0;214.0;0.0
AP;2024;rural;98.4;0.8;87.2;10.5;90.8;5.2;23.0;22.0;1.0
AP;2025;total;100.0;0.0;97.2;2.0;100.0;0.0;250.0;250.0;0.0
AP;2025;urbana;100.0;;99.2;0.3;100.0;;227.0;227.0;0.0
AP;2025;rural;99.9;0.1;77.2;24.8;99.5;0.4;23.0;23.0;0.0
TO;2016;total;98.9;0.3;98.6;0.4;99.8;0.1;460.0;455.0;5.0
TO;2016;urbana;99.9;0.1;99.9;0.1;99.9;0.1;381.0;381.0;0.0
TO;2016;rural;93.8;1.9;92.0;2.3;99.5;0.4;79.0;74.0;5.0
TO;2017;total;99.5;0.1;99.3;0.2;98.8;0.5;474.0;471.0;3.0
TO;2017;urbana;99.9;0.1;99.9;0.1;99.1;0.4;387.0;386.0;1.0
TO;2017;rural;97.3;0.7;96.6;0.9;97.1;2.1;87.0;85.0;2.0
TO;2018;total;98.8;0.3;98.4;0.4;99.5;0.3;491.0;485.0;6.0
TO;2018;urbana;99.8;0.1;99.8;0.1;99.8;0.1;401.0;400.0;1.0
TO;2018;rural;94.3;1.6;92.5;2.2;98.1;1.6;90.0;85.0;5.0
TO;2019;total;99.3;0.2;99.0;0.3;98.3;0.5;496.0;492.0;4.0
TO;2019;urbana;99.8;0.1;99.6;0.2;99.2;0.4;409.0;408.0;1.0
TO;2019;rural;96.9;1.0;96.3;1.2;93.7;2.4;87.0;85.0;2.0
TO;2022;total;99.6;0.2;99.3;0.2;99.7;0.2;512.0;510.0;2.0
TO;2022;urbana;99.7;0.2;99.5;0.2;99.8;0.1;439.0;438.0;1.0
TO;2022;rural;99.3;0.4;98.1;0.8;98.5;1.1;73.0;73.0;0.0
TO;2023;total;99.7;0.1;98.8;0.3;98.9;0.3;532.0;530.0;2.0
TO;2023;urbana;99.8;0.1;99.0;0.3;99.7;0.1;454.0;453.0;1.0
TO;2023;rural;98.9;0.5;97.7;0.8;94.4;2.0;78.0;77.0;1.0
TO;2024;total;99.7;0.1;98.5;0.3;98.2;0.7;544.0;542.0;2.0
TO;2024;urbana;99.8;0.1;98.6;0.3;98.4;0.7;474.0;473.0;1.0
TO;2024;rural;98.9;0.6;97.7;0.8;96.3;1.4;70.0;69.0;1.0
TO;2025;total;99.6;0.1;98.5;0.3;98.7;0.3;572.0;569.0;3.0
TO;2025;urbana;99.9;0.1;99.1;0.3;99.2;0.2;491.0;490.0;1.0
TO;2025;rural;97.9;0.7;95.2;1.3;95.1;2.0;81.0;79.0;2.0
MA;2016;total;99.5;0.1;99.3;0.1;97.9;0.3;1927.0;1917.0;10.0
MA;2016;urbana;99.9;0.1;99.9;0.1;99.4;0.1;1290.0;1288.0;2.0
MA;2016;rural;98.7;0.2;98.2;0.4;94.9;0.9;637.0;629.0;8.0
MA;2017;total;99.5;0.1;99.3;0.2;97.4;0.3;1947.0;1937.0;10.0
MA;2017;urbana;99.9;0.0;99.9;0.0;99.6;0.1;1313.0;1312.0;1.0
MA;2017;rural;98.6;0.2;98.0;0.5;92.7;1.0;633.0;624.0;9.0
MA;2018;total;99.4;0.1;99.2;0.1;97.1;0.3;1955.0;1943.0;12.0
MA;2018;urbana;99.8;0.1;99.8;0.1;98.9;0.3;1305.0;1302.0;3.0
MA;2018;rural;98.5;0.3;98.1;0.4;93.3;0.9;650.0;640.0;10.0
MA;2019;total;99.4;0.1;99.3;0.1;98.2;0.3;2008.0;1995.0;13.0
MA;2019;urbana;99.6;0.1;99.6;0.1;99.6;0.1;1355.0;1350.0;5.0
MA;2019;rural;98.8;0.3;98.5;0.4;95.3;0.8;653.0;645.0;8.0
MA;2022;total;99.7;0.1;99.6;0.1;96.9;0.5;2080.0;2074.0;6.0
MA;2022;urbana;99.9;0.0;99.8;0.1;98.9;0.3;1531.0;1530.0;1.0
MA;2022;rural;99.0;0.4;98.9;0.4;91.1;1.7;549.0;543.0;6.0
MA;2023;total;99.7;0.1;99.4;0.1;97.5;0.3;2226.0;2220.0;6.0
MA;2023;urbana;99.9;0.1;99.5;0.1;98.9;0.3;1632.0;1629.0;3.0
MA;2023;rural;99.4;0.1;99.2;0.2;93.8;1.0;594.0;590.0;4.0
MA;2024;total;99.7;0.1;99.5;0.1;97.7;0.3;2233.0;2227.0;6.0
MA;2024;urbana;99.9;0.0;99.7;0.1;98.8;0.3;1642.0;1641.0;1.0
MA;2024;rural;99.1;0.3;98.9;0.3;94.4;0.9;591.0;586.0;5.0
MA;2025;total;99.8;0.1;99.1;0.2;97.8;0.3;2314.0;2309.0;5.0
MA;2025;urbana;99.9;0.1;99.3;0.1;99.0;0.3;1727.0;1725.0;2.0
MA;2025;rural;99.4;0.2;98.7;0.5;94.1;0.9;587.0;584.0;3.0
PI;2016;total;98.6;0.3;98.2;0.4;98.6;0.4;996.0;982.0;14.0
PI;2016;urbana;100.0;0.0;100.0;0.0;98.9;0.5;655.0;655.0;0.0
PI;2016;rural;96.0;0.8;94.8;1.2;97.9;0.9;341.0;327.0;14.0
PI;2017;total;98.4;0.3;98.2;0.4;99.1;0.3;1011.0;995.0;16.0
PI;2017;urbana;100.0;0.0;100.0;0.0;99.6;0.2;671.0;671.0;0.0
PI;2017;rural;95.4;1.0;94.7;1.1;98.0;0.9;340.0;324.0;16.0
PI;2018;total;99.1;0.3;98.9;0.4;98.0;1.2;999.0;990.0;9.0
PI;2018;urbana;99.9;0.1;99.9;0.1;97.8;1.8;659.0;658.0;1.0
PI;2018;rural;97.7;0.8;97.1;1.3;98.4;0.7;340.0;332.0;8.0
PI;2019;total;99.0;0.2;98.6;0.4;99.1;0.4;1020.0;1010.0;10.0
PI;2019;urbana;99.8;0.1;99.8;0.1;99.6;0.2;667.0;666.0;1.0
PI;2019;rural;97.4;0.6;96.2;1.1;98.1;1.0;353.0;344.0;9.0
PI;2022;total;99.2;0.2;98.8;0.3;97.6;0.5;1048.0;1040.0;8.0
PI;2022;urbana;99.7;0.2;99.5;0.2;98.6;0.4;718.0;716.0;2.0
PI;2022;rural;98.2;0.5;97.3;0.8;95.4;1.2;330.0;324.0;6.0
PI;2023;total;99.5;0.1;98.4;0.4;98.1;0.7;1142.0;1136.0;6.0
PI;2023;urbana;100.0;0.0;98.7;0.5;98.7;0.9;788.0;787.0;1.0
PI;2023;rural;98.4;0.5;97.7;0.6;96.5;1.0;355.0;349.0;6.0
PI;2024;total;99.2;0.2;98.9;0.3;97.5;0.9;1146.0;1136.0;10.0
PI;2024;urbana;99.4;0.3;99.1;0.3;98.1;1.2;819.0;814.0;5.0
PI;2024;rural;98.6;0.4;98.1;0.5;96.0;1.2;326.0;322.0;4.0
PI;2025;total;99.7;0.1;99.1;0.2;97.8;0.5;1168.0;1165.0;3.0
PI;2025;urbana;100.0;;99.2;0.3;99.7;0.2;808.0;808.0;0.0
PI;2025;rural;99.1;0.3;98.7;0.5;93.6;1.8;360.0;357.0;3.0
CE;2016;total;99.8;0.0;99.8;0.0;99.7;0.1;2755.0;2751.0;4.0
CE;2016;urbana;99.9;0.1;99.9;0.1;99.8;0.1;2131.0;2128.0;3.0
CE;2016;rural;99.7;0.1;99.7;0.1;99.3;0.2;624.0;623.0;1.0
CE;2017;total;99.9;0.0;99.9;0.0;99.7;0.1;2789.0;2785.0;4.0
CE;2017;urbana;99.9;0.0;99.9;0.0;99.9;0.0;2151.0;2149.0;2.0
CE;2017;rural;99.7;0.1;99.7;0.1;99.1;0.3;638.0;636.0;2.0
CE;2018;total;99.8;0.1;99.8;0.1;99.6;0.1;2885.0;2878.0;7.0
CE;2018;urbana;99.9;0.1;99.9;0.1;99.8;0.1;2219.0;2216.0;3.0
CE;2018;rural;99.5;0.2;99.5;0.2;98.8;0.3;666.0;662.0;4.0
CE;2019;total;99.9;0.0;99.8;0.1;99.3;0.1;2870.0;2866.0;4.0
CE;2019;urbana;99.9;0.0;99.9;0.1;99.6;0.1;2199.0;2197.0;2.0
CE;2019;rural;99.7;0.1;99.6;0.1;98.4;0.3;670.0;668.0;2.0
CE;2022;total;99.5;0.1;99.4;0.1;98.4;0.2;3035.0;3020.0;15.0
CE;2022;urbana;99.6;0.1;99.5;0.1;98.8;0.2;2405.0;2396.0;9.0
CE;2022;rural;99.2;0.3;99.1;0.3;96.7;0.5;629.0;625.0;4.0
CE;2023;total;99.7;0.1;99.6;0.1;97.8;0.3;3230.0;3219.0;11.0
CE;2023;urbana;99.7;0.1;99.6;0.1;98.4;0.3;2543.0;2536.0;7.0
CE;2023;rural;99.4;0.2;99.2;0.2;95.7;0.9;687.0;683.0;4.0
CE;2024;total;99.6;0.1;99.3;0.1;97.0;0.4;3265.0;3251.0;14.0
CE;2024;urbana;99.6;0.1;99.3;0.1;97.2;0.4;2571.0;2561.0;10.0
CE;2024;rural;99.5;0.2;99.3;0.2;96.4;0.7;695.0;691.0;4.0
CE;2025;total;99.7;0.1;99.4;0.1;97.8;0.3;3306.0;3297.0;9.0
CE;2025;urbana;99.8;0.1;99.5;0.1;98.3;0.3;2559.0;2554.0;5.0
CE;2025;rural;99.5;0.2;99.2;0.3;96.1;0.7;747.0;743.0;4.0
RN;2016;total;99.9;0.1;99.9;0.1;99.9;0.1;1034.0;1033.0;1.0
RN;2016;urbana;100.0;;100.0;;99.9;0.1;808.0;808.0;0.0
RN;2016;rural;99.7;0.2;99.7;0.2;99.9;0.1;226.0;225.0;1.0
RN;2017;total;100.0;0.0;100.0;0.0;99.7;0.1;1038.0;1038.0;0.0
RN;2017;urbana;100.0;;100.0;;99.8;0.1;816.0;816.0;0.0
RN;2017;rural;99.8;0.2;99.8;0.2;99.5;0.4;222.0;222.0;0.0
RN;2018;total;99.7;0.1;99.5;0.2;99.9;0.1;1046.0;1044.0;2.0
RN;2018;urbana;99.8;0.1;99.5;0.3;100.0;;823.0;821.0;2.0
RN;2018;rural;99.6;0.2;99.6;0.2;99.6;0.3;223.0;222.0;1.0
RN;2019;total;99.7;0.1;99.5;0.2;99.8;0.2;1083.0;1079.0;4.0
RN;2019;urbana;99.8;0.1;99.6;0.2;100.0;;852.0;850.0;2.0
RN;2019;rural;99.3;0.4;99.3;0.4;98.9;0.8;231.0;230.0;1.0
RN;2022;total;99.9;0.1;99.5;0.2;99.5;0.2;1141.0;1139.0;2.0
RN;2022;urbana;99.9;0.1;99.4;0.2;99.5;0.2;936.0;934.0;2.0
RN;2022;rural;99.9;0.1;99.9;0.1;99.5;0.4;205.0;205.0;0.0
RN;2023;total;99.8;0.1;99.1;0.2;99.7;0.1;1191.0;1189.0;2.0
RN;2023;urbana;99.9;0.1;99.0;0.3;99.8;0.1;978.0;977.0;1.0
RN;2023;rural;99.8;0.1;99.7;0.2;99.0;0.5;212.0;212.0;0.0
RN;2024;total;99.8;0.1;98.6;0.2;99.9;0.1;1240.0;1237.0;3.0
RN;2024;urbana;99.9;0.1;98.6;0.3;99.9;0.1;1033.0;1032.0;1.0
RN;2024;rural;99.2;0.5;98.6;0.6;99.4;0.3;206.0;205.0;1.0
RN;2025;total;99.8;0.1;97.1;0.4;99.6;0.3;1249.0;1246.0;3.0
RN;2025;urbana;99.8;0.1;96.8;0.5;99.9;0.1;1039.0;1037.0;2.0
RN;2025;rural;99.6;0.3;98.8;0.5;98.0;1.7;210.0;209.0;1.0
PB;2016;total;99.9;0.1;99.9;0.1;99.5;0.2;1221.0;1220.0;1.0
PB;2016;urbana;100.0;;100.0;;99.7;0.2;958.0;958.0;0.0
PB;2016;rural;99.4;0.3;99.4;0.3;99.0;0.4;263.0;261.0;2.0
PB;2017;total;100.0;0.0;100.0;0.0;99.9;0.1;1240.0;1240.0;0.0
PB;2017;urbana;100.0;;100.0;;99.9;0.1;973.0;973.0;0.0
PB;2017;rural;99.9;0.1;99.9;0.1;99.9;0.1;267.0;267.0;0.0
PB;2018;total;99.9;0.0;99.9;0.0;99.8;0.1;1261.0;1260.0;1.0
PB;2018;urbana;99.9;0.0;99.9;0.0;99.8;0.1;982.0;981.0;1.0
PB;2018;rural;99.9;0.1;99.9;0.1;99.6;0.4;279.0;279.0;0.0
PB;2019;total;99.8;0.1;99.8;0.1;99.7;0.1;1286.0;1284.0;2.0
PB;2019;urbana;99.9;0.1;99.9;0.1;99.7;0.1;1004.0;1004.0;0.0
PB;2019;rural;99.5;0.2;99.5;0.2;99.5;0.3;282.0;280.0;2.0
PB;2022;total;99.9;0.1;99.7;0.1;99.6;0.3;1362.0;1360.0;2.0
PB;2022;urbana;99.9;0.1;99.8;0.1;99.9;0.1;1045.0;1044.0;1.0
PB;2022;rural;99.7;0.2;99.7;0.2;98.5;1.1;317.0;316.0;1.0
PB;2023;total;99.8;0.1;99.7;0.1;99.5;0.1;1476.0;1473.0;3.0
PB;2023;urbana;99.8;0.1;99.7;0.1;99.7;0.1;1154.0;1151.0;3.0
PB;2023;rural;99.8;0.1;99.8;0.1;98.9;0.5;323.0;322.0;1.0
PB;2024;total;99.8;0.1;99.6;0.1;99.6;0.2;1471.0;1467.0;4.0
PB;2024;urbana;99.9;0.1;99.7;0.1;99.7;0.2;1168.0;1166.0;2.0
PB;2024;rural;99.5;0.2;99.4;0.2;99.1;0.4;303.0;301.0;2.0
PB;2025;total;99.9;0.0;99.5;0.1;99.6;0.2;1494.0;1493.0;1.0
PB;2025;urbana;99.9;0.0;99.5;0.2;99.6;0.2;1225.0;1225.0;0.0
PB;2025;rural;99.7;0.2;99.5;0.2;99.4;0.3;269.0;268.0;1.0
PE;2016;total;99.9;0.0;99.9;0.0;99.5;0.1;2996.0;2995.0;1.0
PE;2016;urbana;100.0;0.0;100.0;0.0;99.8;0.1;2466.0;2466.0;0.0
PE;2016;rural;99.8;0.1;99.8;0.1;98.4;0.6;530.0;529.0;1.0
PE;2017;total;99.8;0.1;99.7;0.1;99.6;0.1;2993.0;2985.0;8.0
PE;2017;urbana;99.7;0.2;99.7;0.2;99.8;0.1;2472.0;2466.0;6.0
PE;2017;rural;99.8;0.1;99.8;0.1;99.1;0.3;520.0;519.0;1.0
PE;2018;total;99.4;0.3;99.3;0.3;99.8;0.1;3054.0;3036.0;18.0
PE;2018;urbana;99.7;0.2;99.6;0.2;99.9;0.1;2517.0;2508.0;9.0
PE;2018;rural;98.4;1.1;97.9;1.5;99.3;0.3;536.0;528.0;8.0
PE;2019;total;99.8;0.1;99.8;0.1;99.7;0.1;3140.0;3134.0;6.0
PE;2019;urbana;99.9;0.0;99.9;0.0;99.8;0.1;2620.0;2617.0;3.0
PE;2019;rural;99.3;0.2;99.3;0.2;98.8;0.5;520.0;516.0;4.0
PE;2022;total;99.7;0.1;99.6;0.1;99.6;0.1;3212.0;3202.0;10.0
PE;2022;urbana;99.7;0.1;99.6;0.1;99.7;0.2;2708.0;2699.0;9.0
PE;2022;rural;99.6;0.2;99.5;0.2;99.1;0.3;504.0;502.0;2.0
PE;2023;total;99.9;0.1;99.6;0.1;99.6;0.1;3422.0;3417.0;5.0
PE;2023;urbana;100.0;0.0;99.7;0.1;99.8;0.1;2913.0;2912.0;1.0
PE;2023;rural;99.2;0.5;99.1;0.5;98.6;0.5;509.0;505.0;4.0
PE;2024;total;99.9;0.0;99.4;0.1;99.3;0.2;3528.0;3524.0;4.0
PE;2024;urbana;99.9;0.0;99.5;0.2;99.4;0.2;3023.0;3021.0;2.0
PE;2024;rural;99.5;0.2;99.3;0.2;98.5;0.5;505.0;502.0;3.0
PE;2025;total;99.8;0.1;99.3;0.2;99.1;0.3;3590.0;3583.0;7.0
PE;2025;urbana;99.9;0.1;99.4;0.1;99.1;0.4;3078.0;3075.0;3.0
PE;2025;rural;99.2;0.4;98.7;0.5;99.3;0.2;512.0;508.0;4.0
AL;2016;total;99.8;0.1;99.8;0.1;99.6;0.1;981.0;979.0;2.0
AL;2016;urbana;99.9;0.1;99.9;0.1;99.8;0.1;740.0;739.0;1.0
AL;2016;rural;99.5;0.2;99.5;0.2;99.1;0.3;241.0;240.0;1.0
AL;2017;total;99.8;0.1;99.8;0.1;99.4;0.1;1006.0;1004.0;2.0
AL;2017;urbana;100.0;0.0;100.0;0.0;99.7;0.1;763.0;763.0;0.0
AL;2017;rural;99.1;0.2;99.1;0.2;98.5;0.4;243.0;241.0;2.0
AL;2018;total;99.6;0.1;99.6;0.1;99.1;0.2;1035.0;1031.0;4.0
AL;2018;urbana;99.7;0.1;99.7;0.1;99.7;0.1;791.0;788.0;3.0
AL;2018;rural;99.3;0.2;99.3;0.2;97.1;0.8;244.0;242.0;2.0
AL;2019;total;99.7;0.1;99.7;0.1;98.8;0.3;1057.0;1054.0;3.0
AL;2019;urbana;99.9;0.1;99.9;0.1;99.2;0.3;820.0;819.0;1.0
AL;2019;rural;99.3;0.2;99.3;0.2;97.4;0.6;236.0;234.0;2.0
AL;2022;total;99.8;0.1;99.7;0.1;99.1;0.2;1040.0;1038.0;2.0
AL;2022;urbana;99.8;0.1;99.7;0.1;99.3;0.2;827.0;826.0;1.0
AL;2022;rural;99.7;0.1;99.7;0.1;98.5;0.4;213.0;212.0;1.0
AL;2023;total;99.7;0.1;99.6;0.1;99.5;0.1;1102.0;1100.0;2.0
AL;2023;urbana;99.9;0.1;99.7;0.1;99.7;0.1;877.0;876.0;1.0
AL;2023;rural;99.2;0.2;99.2;0.2;98.5;0.4;226.0;224.0;2.0
AL;2024;total;99.7;0.1;99.0;0.2;98.9;0.2;1102.0;1099.0;3.0
AL;2024;urbana;99.7;0.1;98.9;0.3;99.3;0.2;891.0;888.0;3.0
AL;2024;rural;99.6;0.2;99.5;0.2;96.9;0.7;212.0;211.0;1.0
AL;2025;total;99.7;0.1;99.2;0.2;98.8;0.2;1143.0;1140.0;3.0
AL;2025;urbana;99.8;0.1;99.3;0.2;99.2;0.2;924.0;923.0;1.0
AL;2025;rural;99.2;0.3;99.0;0.3;97.5;0.6;219.0;217.0;2.0
SE;2016;total;99.9;0.0;99.9;0.0;97.3;0.6;722.0;722.0;0.0
SE;2016;urbana;99.9;0.0;99.9;0.0;97.8;0.7;541.0;541.0;0.0
SE;2016;rural;99.8;0.1;99.8;0.1;95.7;1.3;181.0;181.0;0.0
SE;2017;total;99.8;0.1;99.8;0.1;99.3;0.3;734.0;732.0;2.0
SE;2017;urbana;99.9;0.1;99.9;0.1;99.4;0.4;558.0;558.0;0.0
SE;2017;rural;99.6;0.2;99.6;0.2;99.1;0.6;175.0;175.0;0.0
SE;2018;total;99.6;0.1;99.2;0.3;99.8;0.1;725.0;722.0;3.0
SE;2018;urbana;99.7;0.1;99.3;0.4;99.8;0.1;556.0;554.0;2.0
SE;2018;rural;99.1;0.3;99.1;0.3;99.8;0.1;170.0;168.0;2.0
SE;2019;total;99.3;0.2;99.3;0.2;98.0;0.5;752.0;746.0;6.0
SE;2019;urbana;99.5;0.2;99.5;0.2;98.0;0.6;582.0;579.0;3.0
SE;2019;rural;98.7;0.4;98.7;0.4;98.1;0.7;170.0;167.0;3.0
SE;2022;total;99.5;0.2;99.5;0.2;99.1;0.3;789.0;785.0;4.0
SE;2022;urbana;99.9;0.1;99.8;0.1;99.4;0.3;614.0;613.0;1.0
SE;2022;rural;98.4;0.6;98.4;0.6;98.1;0.5;174.0;172.0;2.0
SE;2023;total;99.7;0.1;99.6;0.2;99.3;0.2;822.0;820.0;2.0
SE;2023;urbana;99.8;0.1;99.6;0.2;99.5;0.2;650.0;649.0;1.0
SE;2023;rural;99.5;0.3;99.5;0.3;98.8;0.5;172.0;171.0;1.0
SE;2024;total;99.8;0.1;99.8;0.1;99.1;0.4;829.0;827.0;2.0
SE;2024;urbana;99.9;0.1;99.8;0.1;99.8;0.2;659.0;658.0;1.0
SE;2024;rural;99.5;0.3;99.5;0.3;96.7;1.8;170.0;169.0;1.0
SE;2025;total;99.8;0.1;99.5;0.2;99.8;0.1;860.0;859.0;1.0
SE;2025;urbana;99.9;0.1;99.5;0.2;99.9;0.1;697.0;697.0;0.0
SE;2025;rural;99.5;0.3;99.5;0.3;99.3;0.3;163.0;162.0;1.0
BA;2016;total;99.3;0.1;99.1;0.2;99.1;0.2;4754.0;4722.0;32.0
BA;2016;urbana;99.9;0.0;99.9;0.0;99.2;0.2;3512.0;3509.0;3.0
BA;2016;rural;97.7;0.4;96.7;0.6;98.9;0.4;1242.0;1213.0;29.0
BA;2017;total;99.2;0.1;98.9;0.2;99.2;0.2;4794.0;4756.0;38.0
BA;2017;urbana;99.7;0.1;99.6;0.1;99.3;0.2;3530.0;3518.0;12.0
BA;2017;rural;97.9;0.4;96.7;0.5;98.8;0.4;1265.0;1238.0;27.0
BA;2018;total;99.2;0.1;98.9;0.2;99.3;0.2;4830.0;4792.0;38.0
BA;2018;urbana;99.8;0.1;99.8;0.1;99.5;0.2;3488.0;3480.0;8.0
BA;2018;rural;97.8;0.5;96.7;0.7;98.8;0.4;1342.0;1312.0;30.0
BA;2019;total;99.4;0.2;99.0;0.2;99.6;0.1;4997.0;4966.0;31.0
BA;2019;urbana;99.8;0.1;99.8;0.1;99.5;0.2;3631.0;3624.0;7.0
BA;2019;rural;98.2;0.5;97.0;0.8;99.8;0.1;1366.0;1342.0;24.0
BA;2022;total;99.4;0.1;99.1;0.2;99.2;0.2;5181.0;5152.0;29.0
BA;2022;urbana;99.7;0.1;99.5;0.1;99.5;0.2;3760.0;3749.0;11.0
BA;2022;rural;98.7;0.3;98.0;0.5;98.5;0.4;1422.0;1403.0;19.0
BA;2023;total;99.5;0.1;99.2;0.1;99.4;0.1;5378.0;5351.0;27.0
BA;2023;urbana;99.7;0.1;99.5;0.2;99.4;0.2;3937.0;3925.0;12.0
BA;2023;rural;99.0;0.2;98.4;0.3;99.4;0.2;1440.0;1426.0;14.0
BA;2024;total;99.7;0.1;99.2;0.1;98.2;0.3;5513.0;5499.0;14.0
BA;2024;urbana;99.9;0.1;99.4;0.1;98.5;0.3;4184.0;4179.0;5.0
BA;2024;rural;99.3;0.2;98.6;0.3;97.4;0.6;1329.0;1320.0;9.0
BA;2025;total;99.7;0.1;99.1;0.1;98.8;0.2;5664.0;5646.0;18.0
BA;2025;urbana;99.7;0.1;99.2;0.2;99.4;0.1;4380.0;4367.0;13.0
BA;2025;rural;99.6;0.1;98.6;0.3;96.9;0.8;1284.0;1279.0;5.0
MG;2016;total;99.8;0.1;99.8;0.1;99.7;0.1;6831.0;6816.0;15.0
MG;2016;urbana;99.9;0.1;99.9;0.1;99.7;0.1;5955.0;5948.0;7.0
MG;2016;rural;99.1;0.2;99.1;0.2;99.5;0.2;876.0;868.0;8.0
MG;2017;total;99.9;0.0;99.9;0.0;99.6;0.1;6932.0;6927.0;5.0
MG;2017;urbana;100.0;0.0;100.0;0.0;99.8;0.1;6055.0;6052.0;3.0
MG;2017;rural;99.7;0.1;99.5;0.2;98.4;0.5;877.0;874.0;3.0
MG;2018;total;99.8;0.0;99.8;0.0;99.7;0.1;7071.0;7059.0;12.0
MG;2018;urbana;99.9;0.0;99.9;0.0;99.8;0.0;6176.0;6169.0;7.0
MG;2018;rural;99.4;0.2;99.1;0.2;98.8;0.4;895.0;890.0;5.0
MG;2019;total;99.9;0.1;99.9;0.1;99.6;0.1;7188.0;7179.0;9.0
MG;2019;urbana;99.9;0.1;99.9;0.1;99.7;0.1;6277.0;6271.0;6.0
MG;2019;rural;99.6;0.1;99.5;0.2;99.0;0.3;911.0;908.0;3.0
MG;2022;total;99.8;0.1;99.7;0.1;99.0;0.2;7497.0;7485.0;12.0
MG;2022;urbana;99.9;0.1;99.7;0.1;99.4;0.1;6468.0;6460.0;8.0
MG;2022;rural;99.7;0.1;99.5;0.2;96.3;1.1;1029.0;1026.0;3.0
MG;2023;total;99.9;0.0;99.7;0.0;99.0;0.2;7832.0;7822.0;10.0
MG;2023;urbana;99.9;0.0;99.8;0.0;99.3;0.2;6846.0;6842.0;4.0
MG;2023;rural;99.4;0.2;99.2;0.2;97.1;0.6;986.0;980.0;6.0
MG;2024;total;99.8;0.1;99.7;0.1;98.7;0.3;8019.0;8006.0;13.0
MG;2024;urbana;99.8;0.1;99.7;0.1;99.0;0.3;7145.0;7133.0;12.0
MG;2024;rural;99.8;0.1;99.5;0.1;95.7;1.0;875.0;873.0;2.0
MG;2025;total;99.8;0.1;99.4;0.1;98.4;0.2;8110.0;8090.0;20.0
MG;2025;urbana;99.8;0.1;99.5;0.1;98.5;0.2;7208.0;7192.0;16.0
MG;2025;rural;99.6;0.2;99.1;0.3;97.2;0.6;902.0;898.0;4.0
ES;2016;total;100.0;0.0;100.0;0.0;99.9;0.1;1317.0;1317.0;0.0
ES;2016;urbana;100.0;0.0;100.0;0.0;99.8;0.1;1128.0;1127.0;1.0
ES;2016;rural;100.0;;99.9;0.1;100.0;;189.0;189.0;0.0
ES;2017;total;99.9;0.0;99.9;0.0;100.0;0.0;1312.0;1311.0;1.0
ES;2017;urbana;99.9;0.0;99.9;0.0;100.0;0.0;1131.0;1131.0;0.0
ES;2017;rural;99.8;0.1;99.8;0.1;99.9;0.1;181.0;180.0;1.0
ES;2018;total;99.9;0.0;99.8;0.1;99.8;0.1;1350.0;1349.0;1.0
ES;2018;urbana;99.9;0.0;99.8;0.1;99.8;0.1;1165.0;1164.0;1.0
ES;2018;rural;99.9;0.1;99.9;0.1;99.8;0.2;185.0;185.0;0.0
ES;2019;total;100.0;0.0;99.9;0.0;99.7;0.1;1365.0;1365.0;0.0
ES;2019;urbana;100.0;0.0;99.9;0.0;99.7;0.1;1177.0;1177.0;0.0
ES;2019;rural;99.9;0.1;99.8;0.1;99.8;0.2;188.0;188.0;0.0
ES;2022;total;100.0;0.0;99.9;0.0;99.5;0.1;1414.0;1414.0;0.0
ES;2022;urbana;100.0;0.0;99.9;0.1;99.7;0.1;1246.0;1245.0;1.0
ES;2022;rural;99.9;0.1;99.8;0.1;97.8;0.9;169.0;169.0;0.0
ES;2023;total;99.9;0.1;99.5;0.1;98.6;0.4;1485.0;1483.0;2.0
ES;2023;urbana;99.9;0.1;99.6;0.2;98.5;0.4;1309.0;1307.0;2.0
ES;2023;rural;99.9;0.1;99.4;0.3;99.3;0.3;176.0;176.0;0.0
ES;2024;total;100.0;0.0;99.5;0.1;97.8;0.4;1508.0;1507.0;1.0
ES;2024;urbana;99.9;0.0;99.5;0.1;98.0;0.4;1330.0;1330.0;0.0
ES;2024;rural;100.0;;99.4;0.2;96.7;1.2;178.0;178.0;0.0
ES;2025;total;100.0;0.0;99.5;0.1;98.0;0.4;1587.0;1586.0;1.0
ES;2025;urbana;99.9;0.0;99.6;0.1;98.2;0.4;1388.0;1387.0;1.0
ES;2025;rural;100.0;;98.7;0.4;96.4;1.9;199.0;199.0;0.0
RJ;2016;total;100.0;0.0;100.0;0.0;99.6;0.1;6149.0;6148.0;1.0
RJ;2016;urbana;100.0;0.0;100.0;0.0;99.6;0.1;5957.0;5957.0;0.0
RJ;2016;rural;99.8;0.2;99.7;0.2;99.5;0.3;192.0;192.0;0.0
RJ;2017;total;100.0;0.0;100.0;0.0;98.8;0.4;6173.0;6171.0;2.0
RJ;2017;urbana;100.0;0.0;100.0;0.0;98.7;0.4;5985.0;5984.0;1.0
RJ;2017;rural;99.4;0.3;99.4;0.3;100.0;0.0;188.0;187.0;1.0
RJ;2018;total;100.0;0.0;100.0;0.0;98.6;0.4;6215.0;6214.0;1.0
RJ;2018;urbana;100.0;0.0;100.0;0.0;98.7;0.4;6019.0;6018.0;1.0
RJ;2018;rural;99.9;0.1;99.9;0.1;96.6;2.2;196.0;196.0;0.0
RJ;2019;total;100.0;0.0;100.0;0.0;99.5;0.1;6295.0;6294.0;1.0
RJ;2019;urbana;100.0;0.0;100.0;0.0;99.6;0.1;6116.0;6116.0;0.0
RJ;2019;rural;99.7;0.3;99.3;0.4;96.4;1.4;178.0;178.0;0.0
RJ;2022;total;99.9;0.0;99.9;0.0;98.8;0.2;6429.0;6425.0;4.0
RJ;2022;urbana;99.9;0.0;99.9;0.0;98.9;0.2;6263.0;6259.0;4.0
RJ;2022;rural;99.9;0.1;99.9;0.1;93.8;2.0;166.0;166.0;0.0
RJ;2023;total;100.0;0.0;99.9;0.0;98.8;0.2;6560.0;6559.0;1.0
RJ;2023;urbana;100.0;0.0;99.9;0.0;99.0;0.2;6397.0;6395.0;2.0
RJ;2023;rural;100.0;0.0;99.8;0.1;94.4;1.4;164.0;164.0;0.0
RJ;2024;total;100.0;0.0;99.9;0.0;98.3;0.3;6691.0;6688.0;3.0
RJ;2024;urbana;100.0;0.0;99.9;0.0;98.3;0.3;6542.0;6539.0;3.0
RJ;2024;rural;99.9;0.1;99.9;0.1;95.6;1.2;149.0;149.0;0.0
RJ;2025;total;100.0;0.0;99.9;0.0;97.9;0.3;6804.0;6802.0;2.0
RJ;2025;urbana;100.0;0.0;99.9;0.0;98.1;0.3;6655.0;6654.0;1.0
RJ;2025;rural;100.0;;99.7;0.2;89.1;2.4;149.0;149.0;0.0
SP;2016;total;100.0;0.0;99.9;0.0;99.0;0.2;14951.0;14950.0;1.0
SP;2016;urbana;100.0;;100.0;0.0;99.1;0.2;14321.0;14321.0;0.0
SP;2016;rural;99.8;0.1;99.1;0.7;96.7;1.1;631.0;630.0;1.0
SP;2017;total;100.0;0.0;100.0;0.0;99.4;0.1;14971.0;14967.0;4.0
SP;2017;urbana;100.0;0.0;100.0;0.0;99.4;0.2;14347.0;14347.0;0.0
SP;2017;rural;99.4;0.2;99.3;0.3;99.0;0.3;623.0;620.0;3.0
SP;2018;total;100.0;0.0;100.0;0.0;99.5;0.1;15354.0;15351.0;3.0
SP;2018;urbana;100.0;0.0;100.0;0.0;99.5;0.1;14736.0;14734.0;2.0
SP;2018;rural;99.8;0.1;99.6;0.2;98.6;0.4;618.0;617.0;1.0
SP;2019;total;100.0;0.0;99.9;0.0;99.3;0.1;15508.0;15503.0;5.0
SP;2019;urbana;100.0;0.0;99.9;0.0;99.4;0.1;14897.0;14893.0;4.0
SP;2019;rural;99.9;0.0;99.7;0.1;97.4;0.6;611.0;611.0;0.0
SP;2022;total;100.0;0.0;99.8;0.1;99.1;0.2;16138.0;16136.0;2.0
SP;2022;urbana;100.0;0.0;99.8;0.1;99.1;0.2;15567.0;15566.0;1.0
SP;2022;rural;99.8;0.1;99.2;0.2;97.7;0.6;571.0;570.0;1.0
SP;2023;total;100.0;0.0;99.8;0.0;98.9;0.2;16900.0;16893.0;7.0
SP;2023;urbana;100.0;0.0;99.9;0.0;99.0;0.2;16335.0;16329.0;6.0
SP;2023;rural;99.7;0.2;98.8;0.3;96.7;1.0;565.0;563.0;2.0
SP;2024;total;99.9;0.0;99.8;0.0;98.8;0.2;17112.0;17097.0;15.0
SP;2024;urbana;99.9;0.0;99.8;0.0;98.9;0.2;16570.0;16557.0;13.0
SP;2024;rural;99.7;0.1;99.2;0.3;96.4;0.8;542.0;540.0;2.0
SP;2025;total;99.9;0.0;99.7;0.1;98.4;0.2;17554.0;17545.0;9.0
SP;2025;urbana;99.9;0.0;99.7;0.1;98.5;0.2;16971.0;16962.0;9.0
SP;2025;rural;100.0;0.0;99.7;0.2;97.2;0.8;583.0;583.0;0.0
PR;2016;total;99.9;0.0;99.9;0.0;99.2;0.3;3788.0;3786.0;2.0
PR;2016;urbana;100.0;0.0;100.0;0.0;99.2;0.3;3321.0;3321.0;0.0
PR;2016;rural;99.7;0.1;99.7;0.2;99.1;0.5;467.0;465.0;2.0
PR;2017;total;100.0;0.0;99.9;0.1;99.1;0.2;3813.0;3812.0;1.0
PR;2017;urbana;100.0;;99.9;0.1;99.2;0.2;3338.0;3338.0;0.0
PR;2017;rural;99.8;0.1;99.8;0.1;98.4;0.5;475.0;474.0;1.0
PR;2018;total;99.9;0.0;99.8;0.0;98.5;0.3;3879.0;3875.0;4.0
PR;2018;urbana;100.0;0.0;99.9;0.0;98.6;0.4;3380.0;3379.0;1.0
PR;2018;rural;99.4;0.2;99.2;0.2;98.0;0.8;499.0;496.0;3.0
PR;2019;total;99.9;0.0;99.9;0.0;98.5;0.3;3942.0;3938.0;4.0
PR;2019;urbana;100.0;0.0;99.9;0.0;98.8;0.2;3440.0;3439.0;1.0
PR;2019;rural;99.7;0.2;99.7;0.2;96.5;1.8;502.0;500.0;2.0
PR;2022;total;99.9;0.0;99.7;0.1;98.7;0.3;4161.0;4156.0;5.0
PR;2022;urbana;99.9;0.0;99.8;0.1;99.0;0.3;3673.0;3669.0;4.0
PR;2022;rural;99.6;0.3;98.9;0.5;96.9;0.7;488.0;486.0;2.0
PR;2023;total;99.9;0.0;99.7;0.1;98.5;0.3;4262.0;4258.0;4.0
PR;2023;urbana;99.9;0.1;99.7;0.1;98.8;0.4;3780.0;3776.0;4.0
PR;2023;rural;99.9;0.1;99.4;0.3;96.1;1.0;482.0;482.0;0.0
PR;2024;total;99.9;0.1;99.6;0.1;99.0;0.2;4333.0;4327.0;6.0
PR;2024;urbana;99.9;0.1;99.6;0.1;99.3;0.1;3875.0;3870.0;5.0
PR;2024;rural;99.8;0.1;99.5;0.2;95.9;1.1;458.0;458.0;0.0
PR;2025;total;99.9;0.1;99.6;0.1;98.0;0.3;4518.0;4512.0;6.0
PR;2025;urbana;99.9;0.1;99.6;0.1;98.4;0.3;4050.0;4045.0;5.0
PR;2025;rural;99.9;0.1;99.7;0.1;94.6;1.3;468.0;468.0;0.0
SC;2016;total;100.0;0.0;100.0;0.0;99.3;0.2;2386.0;2385.0;1.0
SC;2016;urbana;100.0;0.0;100.0;0.0;99.4;0.2;2028.0;2027.0;1.0
SC;2016;rural;99.8;0.1;99.8;0.1;98.6;0.4;358.0;358.0;0.0
SC;2017;total;100.0;0.0;100.0;0.0;99.3;0.1;2460.0;2459.0;1.0
SC;2017;urbana;100.0;;100.0;;99.5;0.1;2106.0;2106.0;0.0
SC;2017;rural;99.8;0.1;99.8;0.1;98.0;0.6;354.0;353.0;1.0
SC;2018;total;99.9;0.0;99.9;0.0;99.3;0.2;2553.0;2551.0;2.0
SC;2018;urbana;99.9;0.0;99.9;0.0;99.4;0.2;2194.0;2193.0;1.0
SC;2018;rural;99.8;0.1;99.8;0.1;99.1;0.3;358.0;358.0;0.0
SC;2019;total;100.0;0.0;99.9;0.0;98.9;0.2;2581.0;2580.0;1.0
SC;2019;urbana;100.0;0.0;99.9;0.0;99.2;0.2;2227.0;2226.0;1.0
SC;2019;rural;99.9;0.1;99.7;0.2;96.7;1.3;354.0;354.0;0.0
SC;2022;total;99.9;0.1;99.7;0.1;98.4;0.3;2731.0;2727.0;4.0
SC;2022;urbana;99.9;0.1;99.8;0.1;99.0;0.3;2367.0;2364.0;3.0
SC;2022;rural;99.7;0.2;99.2;0.2;94.5;2.1;364.0;363.0;1.0
SC;2023;total;99.9;0.0;99.8;0.1;99.2;0.1;2879.0;2877.0;2.0
SC;2023;urbana;99.9;0.0;99.8;0.1;99.3;0.1;2539.0;2537.0;2.0
SC;2023;rural;99.9;0.1;99.7;0.1;98.4;0.4;340.0;340.0;0.0
SC;2024;total;99.8;0.1;99.7;0.1;98.8;0.2;2989.0;2984.0;5.0
SC;2024;urbana;99.8;0.1;99.7;0.1;99.0;0.2;2671.0;2667.0;4.0
SC;2024;rural;100.0;;99.6;0.1;97.6;0.7;318.0;318.0;0.0
SC;2025;total;100.0;0.0;99.6;0.1;98.6;0.2;3086.0;3084.0;2.0
SC;2025;urbana;100.0;0.0;99.7;0.1;98.8;0.2;2739.0;2738.0;1.0
SC;2025;rural;99.9;0.1;99.2;0.2;97.4;0.5;347.0;347.0;0.0
RS;2016;total;99.9;0.0;99.9;0.0;99.4;0.2;3989.0;3987.0;2.0
RS;2016;urbana;100.0;0.0;100.0;0.0;99.4;0.2;3450.0;3449.0;1.0
RS;2016;rural;99.9;0.1;99.9;0.1;99.2;0.3;538.0;538.0;0.0
RS;2017;total;99.9;0.0;99.9;0.0;99.2;0.2;4028.0;4025.0;3.0
RS;2017;urbana;99.9;0.0;99.9;0.0;99.4;0.2;3493.0;3490.0;3.0
RS;2017;rural;99.9;0.1;99.9;0.1;98.1;0.8;535.0;534.0;1.0
RS;2018;total;99.9;0.1;99.9;0.1;99.7;0.1;4053.0;4049.0;4.0
RS;2018;urbana;99.9;0.1;99.9;0.1;99.8;0.1;3529.0;3525.0;4.0
RS;2018;rural;100.0;0.0;100.0;0.0;98.9;0.4;525.0;525.0;0.0
RS;2019;total;99.9;0.0;99.9;0.0;99.4;0.1;4155.0;4153.0;2.0
RS;2019;urbana;100.0;0.0;99.9;0.0;99.5;0.1;3626.0;3625.0;1.0
RS;2019;rural;99.8;0.1;99.6;0.1;98.8;0.4;530.0;529.0;1.0
RS;2022;total;99.9;0.0;99.8;0.1;98.2;0.3;4248.0;4246.0;2.0
RS;2022;urbana;99.9;0.0;99.8;0.1;98.2;0.3;3667.0;3665.0;2.0
RS;2022;rural;99.9;0.0;99.8;0.1;97.9;0.7;581.0;581.0;0.0
RS;2023;total;99.9;0.0;99.7;0.1;98.2;0.4;4337.0;4332.0;5.0
RS;2023;urbana;99.9;0.0;99.7;0.1;98.6;0.3;3772.0;3769.0;3.0
RS;2023;rural;99.6;0.2;99.1;0.4;95.8;2.1;565.0;563.0;2.0
RS;2024;total;99.9;0.0;99.8;0.1;97.8;0.3;4340.0;4337.0;3.0
RS;2024;urbana;99.9;0.0;99.8;0.1;98.0;0.3;3844.0;3842.0;2.0
RS;2024;rural;99.9;0.1;99.6;0.2;96.6;0.8;496.0;495.0;1.0
RS;2025;total;99.9;0.0;99.6;0.1;98.8;0.2;4523.0;4518.0;5.0
RS;2025;urbana;99.9;0.0;99.7;0.1;98.9;0.2;3988.0;3985.0;3.0
RS;2025;rural;99.6;0.1;99.4;0.2;97.6;0.8;535.0;533.0;2.0
MS;2016;total;99.9;0.1;99.9;0.1;99.5;0.3;866.0;865.0;1.0
MS;2016;urbana;99.9;0.1;99.9;0.1;99.5;0.3;776.0;775.0;1.0
MS;2016;rural;99.7;0.3;99.6;0.4;99.4;0.3;90.0;90.0;0.0
MS;2017;total;99.9;0.1;99.7;0.1;99.3;0.3;879.0;878.0;1.0
MS;2017;urbana;100.0;0.0;99.9;0.1;99.3;0.3;792.0;791.0;1.0
MS;2017;rural;99.5;0.5;98.2;0.9;99.2;0.5;87.0;87.0;0.0
MS;2018;total;99.9;0.0;99.9;0.0;99.0;0.3;898.0;897.0;1.0
MS;2018;urbana;100.0;0.0;100.0;0.0;99.1;0.3;807.0;807.0;0.0
MS;2018;rural;99.8;0.2;99.8;0.2;97.9;1.1;91.0;91.0;0.0
MS;2019;total;100.0;0.0;99.9;0.1;98.6;0.4;902.0;902.0;0.0
MS;2019;urbana;100.0;0.0;99.9;0.1;98.8;0.4;816.0;816.0;0.0
MS;2019;rural;99.8;0.1;99.8;0.1;96.4;1.6;87.0;86.0;1.0
MS;2022;total;99.9;0.1;99.2;0.2;98.1;0.5;976.0;975.0;1.0
MS;2022;urbana;99.9;0.1;99.1;0.2;98.1;0.6;887.0;886.0;1.0
MS;2022;rural;99.8;0.1;99.8;0.1;97.7;1.6;89.0;89.0;0.0
MS;2023;total;99.7;0.3;98.5;0.4;99.5;0.2;1021.0;1017.0;4.0
MS;2023;urbana;99.7;0.3;98.7;0.4;99.6;0.2;924.0;921.0;3.0
MS;2023;rural;99.7;0.2;96.2;1.9;98.6;0.8;96.0;96.0;0.0
MS;2024;total;99.9;0.1;98.5;0.3;98.7;0.3;1024.0;1022.0;2.0
MS;2024;urbana;100.0;0.0;98.7;0.3;99.0;0.3;936.0;936.0;0.0
MS;2024;rural;99.1;0.6;96.4;1.5;95.7;1.9;87.0;86.0;1.0
MS;2025;total;99.8;0.1;98.9;0.2;98.5;0.3;1071.0;1069.0;2.0
MS;2025;urbana;99.8;0.1;99.0;0.3;98.8;0.4;974.0;972.0;2.0
MS;2025;rural;99.5;0.4;98.5;0.7;96.4;1.3;97.0;96.0;1.0
MT;2016;total;99.8;0.1;99.6;0.1;99.3;0.3;1095.0;1093.0;2.0
MT;2016;urbana;100.0;0.0;100.0;0.0;99.7;0.1;927.0;927.0;0.0
MT;2016;rural;98.8;0.6;97.4;0.9;97.3;1.7;168.0;166.0;2.0
MT;2017;total;99.8;0.1;99.6;0.2;98.7;0.4;1116.0;1114.0;2.0
MT;2017;urbana;99.9;0.0;99.9;0.0;99.4;0.3;949.0;948.0;1.0
MT;2017;rural;98.8;0.7;97.8;1.0;94.8;1.8;168.0;166.0;2.0
MT;2018;total;99.8;0.1;99.5;0.2;99.1;0.4;1151.0;1148.0;3.0
MT;2018;urbana;99.8;0.1;99.8;0.1;99.4;0.4;973.0;971.0;2.0
MT;2018;rural;99.4;0.4;97.9;1.3;97.1;1.4;178.0;177.0;1.0
MT;2019;total;99.9;0.0;99.8;0.1;99.1;0.4;1140.0;1139.0;1.0
MT;2019;urbana;100.0;0.0;100.0;0.0;99.3;0.4;967.0;967.0;0.0
MT;2019;rural;99.7;0.2;99.0;0.4;98.1;1.4;173.0;172.0;1.0
MT;2022;total;99.8;0.1;98.6;0.3;97.7;0.4;1225.0;1223.0;2.0
MT;2022;urbana;99.9;0.1;98.6;0.3;98.5;0.4;1063.0;1062.0;1.0
MT;2022;rural;99.5;0.5;98.5;0.6;92.5;2.2;162.0;161.0;1.0
MT;2023;total;99.9;0.1;98.7;0.2;98.7;0.3;1318.0;1316.0;2.0
MT;2023;urbana;100.0;0.0;98.7;0.2;99.4;0.2;1165.0;1164.0;1.0
MT;2023;rural;99.5;0.5;98.4;0.6;93.8;2.2;153.0;152.0;1.0
MT;2024;total;99.9;0.1;97.8;0.3;98.5;0.4;1329.0;1328.0;1.0
MT;2024;urbana;99.9;0.1;97.8;0.4;99.2;0.3;1207.0;1205.0;2.0
MT;2024;rural;100.0;;98.3;0.6;91.8;2.9;123.0;123.0;0.0
MT;2025;total;100.0;0.0;97.4;0.4;98.9;0.4;1378.0;1378.0;0.0
MT;2025;urbana;100.0;0.0;97.1;0.4;99.1;0.4;1235.0;1235.0;0.0
MT;2025;rural;99.8;0.1;99.3;0.3;96.8;1.3;143.0;143.0;0.0
GO;2016;total;99.8;0.1;99.7;0.2;98.8;0.2;2210.0;2205.0;5.0
GO;2016;urbana;100.0;0.0;100.0;0.0;99.1;0.2;2010.0;2009.0;1.0
GO;2016;rural;98.1;1.2;97.3;1.7;95.2;1.6;200.0;196.0;4.0
GO;2017;total;99.7;0.2;99.4;0.2;96.9;0.9;2282.0;2274.0;8.0
GO;2017;urbana;100.0;0.0;100.0;0.0;97.3;0.9;2075.0;2075.0;0.0
GO;2017;rural;96.5;2.0;94.0;2.6;92.5;3.1;206.0;199.0;7.0
GO;2018;total;99.9;0.1;99.8;0.1;98.8;0.3;2328.0;2324.0;4.0
GO;2018;urbana;99.9;0.1;99.9;0.1;98.9;0.3;2129.0;2127.0;2.0
GO;2018;rural;99.2;0.3;99.0;0.3;97.6;1.2;199.0;198.0;1.0
GO;2019;total;99.8;0.1;99.5;0.2;98.3;0.4;2401.0;2396.0;5.0
GO;2019;urbana;100.0;;99.9;0.1;98.6;0.4;2202.0;2202.0;0.0
GO;2019;rural;97.8;0.9;95.4;2.3;95.2;1.7;198.0;194.0;4.0
GO;2022;total;100.0;0.0;99.8;0.1;96.2;0.7;2532.0;2532.0;0.0
GO;2022;urbana;100.0;;99.9;0.1;96.7;0.7;2363.0;2363.0;0.0
GO;2022;rural;99.9;0.1;99.1;0.4;88.8;3.0;169.0;169.0;0.0
GO;2023;total;100.0;0.0;99.8;0.1;95.2;0.9;2677.0;2676.0;1.0
GO;2023;urbana;100.0;0.0;99.8;0.1;95.7;0.9;2509.0;2508.0;1.0
GO;2023;rural;100.0;0.0;99.5;0.3;87.5;3.9;168.0;168.0;0.0
GO;2024;total;99.9;0.0;99.5;0.1;97.5;0.5;2751.0;2748.0;3.0
GO;2024;urbana;99.9;0.0;99.6;0.1;97.7;0.5;2594.0;2592.0;2.0
GO;2024;rural;99.4;0.4;98.8;0.5;94.3;1.5;157.0;156.0;1.0
GO;2025;total;100.0;0.0;99.4;0.1;96.7;0.6;2829.0;2829.0;0.0
GO;2025;urbana;100.0;0.0;99.5;0.1;97.2;0.6;2663.0;2663.0;0.0
GO;2025;rural;99.9;0.1;97.4;0.6;88.6;3.3;166.0;166.0;0.0
DF;2016;total;100.0;0.0;100.0;0.0;99.8;0.1;936.0;936.0;0.0
DF;2016;urbana;100.0;;100.0;;99.8;0.1;880.0;880.0;0.0
DF;2016;rural;99.6;0.4;99.6;0.4;100.0;;57.0;57.0;0.0
DF;2017;total;100.0;;100.0;;99.8;0.1;957.0;957.0;0.0
DF;2017;urbana;100.0;;100.0;;99.8;0.1;901.0;901.0;0.0
DF;2017;rural;100.0;;100.0;;99.8;0.2;56.0;56.0;0.0
DF;2018;total;99.8;0.1;99.8;0.1;99.8;0.1;965.0;964.0;1.0
DF;2018;urbana;99.8;0.1;99.8;0.1;99.8;0.1;905.0;904.0;1.0
DF;2018;rural;100.0;;100.0;;100.0;;60.0;60.0;0.0
DF;2019;total;99.8;0.2;99.7;0.2;99.8;0.1;951.0;949.0;2.0
DF;2019;urbana;99.8;0.2;99.7;0.2;99.8;0.1;893.0;891.0;2.0
DF;2019;rural;99.4;0.6;99.4;0.6;100.0;;58.0;58.0;0.0
DF;2022;total;100.0;0.0;100.0;0.0;98.8;0.4;1010.0;1010.0;0.0
DF;2022;urbana;100.0;0.0;100.0;0.0;98.9;0.4;964.0;964.0;0.0
DF;2022;rural;100.0;;99.6;0.4;96.7;2.5;46.0;46.0;0.0
DF;2023;total;100.0;;100.0;;99.5;0.3;1066.0;1066.0;0.0
DF;2023;urbana;100.0;;100.0;;99.8;0.1;1021.0;1021.0;0.0
DF;2023;rural;100.0;;100.0;;93.0;7.3;45.0;45.0;0.0
DF;2024;total;99.8;0.1;99.4;0.3;98.5;0.5;1046.0;1045.0;1.0
DF;2024;urbana;99.9;0.1;99.5;0.2;98.8;0.5;1009.0;1007.0;2.0
DF;2024;rural;99.2;0.8;96.3;3.7;89.1;3.5;38.0;37.0;1.0
DF;2025;total;99.8;0.1;99.6;0.2;97.1;1.0;1089.0;1087.0;2.0
DF;2025;urbana;99.8;0.1;99.5;0.2;97.3;1.0;1061.0;1059.0;2.0
DF;2025;rural;100.0;;100.0;;91.5;5.5;28.0;28.0;0.0
