mes;distribuidoras;completo;distribuidoras_faltantes;uc_tsee_faltantes_ultimo_informe;uc_tsee;uc_baixa_renda;uc_indigena;uc_quilombola;uc_bpc;uc_multifamiliar;uc_residencial;participacao_pct;excluidas_participacao;dmr_reais;dmr_cde_reais;mwh_tsee
2011-12;3;0;0;;13667.0;13666.0;0.0;0.0;1.0;0.0;166956.0;8.19;0;100714.47;44603.9;1109.331
2012-01;2;0;1;4363.0;9068.0;9068.0;0.0;0.0;0.0;0.0;20405.0;44.44;0;59988.79;43255.88;384.466
2012-02;3;0;1;4363.0;9201.0;9201.0;0.0;0.0;0.0;0.0;20887.0;43.93;1;61776.44;44482.15;399.18
2012-03;3;0;1;25.0;13560.0;13548.0;0.0;0.0;12.0;0.0;169061.0;8.02;0;100867.9;44992.04;1031.148
2012-04;4;0;0;;13800.0;13784.0;0.0;0.0;16.0;0.0;169817.0;8.11;1;103996.35;46110.85;1149.42
2012-05;2;0;2;4368.0;9371.0;9371.0;0.0;0.0;0.0;0.0;21593.0;43.4;0;62287.71;45554.8;400.335
2012-06;2;0;2;4368.0;9519.0;9519.0;0.0;0.0;0.0;0.0;21880.0;43.51;0;62705.74;45972.83;402.947
2012-07;2;0;2;4368.0;9402.0;9402.0;0.0;0.0;0.0;0.0;21785.0;43.16;0;62628.97;45896.06;403.083
2012-08;2;0;2;4368.0;9580.0;9580.0;0.0;0.0;0.0;0.0;22071.0;43.41;0;63236.91;46504.0;404.828
2012-09;2;0;2;4368.0;9051.0;9051.0;0.0;0.0;0.0;0.0;21615.0;41.87;0;59839.57;43106.66;383.378
2012-10;3;0;1;4340.0;9576.0;9576.0;0.0;0.0;0.0;0.0;22470.0;42.45;1;61920.69;44288.75;391.571
2012-11;2;0;2;4378.0;9179.0;9179.0;0.0;0.0;0.0;0.0;21688.0;42.32;0;71697.19;62617.19;385.118
2012-12;2;0;2;4378.0;8419.0;8419.0;0.0;0.0;0.0;0.0;21701.0;38.8;0;58689.26;49609.26;290.259
2013-01;2;0;2;4378.0;8353.0;8353.0;0.0;0.0;0.0;0.0;21872.0;38.19;0;56911.64;47831.64;283.89
2013-02;2;0;2;4378.0;8628.0;8628.0;0.0;0.0;0.0;0.0;22043.0;39.14;0;58430.57;58430.57;304.645
2013-03;2;0;2;4378.0;8432.0;8432.0;0.0;0.0;0.0;0.0;22227.0;37.94;0;55873.24;55873.24;289.812
2013-04;5;0;2;4378.0;49214.0;49028.0;34.0;0.0;152.0;0.0;696686.0;7.06;0;612636.19;612636.19;6738.659
2013-05;4;0;4;4588.0;49405.0;49213.0;38.0;0.0;154.0;0.0;699675.0;7.06;0;615121.46;615121.46;6795.539
2013-06;4;0;4;4588.0;49695.0;49498.0;38.0;0.0;159.0;0.0;704111.0;7.06;0;622375.52;622375.52;6927.374
2013-07;8;0;4;4588.0;51441.0;51236.0;38.0;0.0;167.0;0.0;722785.0;7.12;0;645186.21;645186.21;7185.47
2013-08;4;0;8;4921.0;52246.0;52036.0;40.0;0.0;170.0;0.0;714330.0;7.31;0;642199.75;642199.75;7091.879
2013-09;5;0;7;4772.0;52815.0;52602.0;40.0;0.0;173.0;0.0;721111.0;7.32;0;663726.07;663726.07;7620.134
2013-10;4;0;8;4923.0;53325.0;53106.0;41.0;0.0;178.0;0.0;721279.0;7.39;0;666474.87;666474.87;7643.347
2013-11;9;0;7;4885.0;55160.0;54928.0;41.0;0.0;191.0;0.0;763224.0;7.23;0;701301.97;701301.97;8350.661
2013-12;15;0;8;5920.0;387902.0;375217.0;138.0;126.0;12421.0;0.0;4752835.0;8.16;0;6253559.74;6253559.74;62324.148
2014-01;101;1;0;;12632894.0;12211587.0;7042.0;8563.0;405702.0;0.0;63935446.0;19.76;0;178574474.21;178574474.21;1616215.684
2014-02;101;1;0;;12655274.0;12232667.0;7059.0;11314.0;404234.0;0.0;64119646.0;19.74;0;175975705.2;175975705.2;1552461.269
2014-03;101;1;0;;12691811.0;12259629.0;7029.0;11354.0;413799.0;0.0;64301437.0;19.74;0;176730322.82;176730322.82;1546156.623
2014-04;101;1;0;;12806455.0;12359359.0;7096.0;11311.0;428689.0;0.0;64469549.0;19.86;0;177513130.42;177513130.42;1525195.422
2014-05;101;1;0;;12968885.0;12511944.0;7088.0;11384.0;438469.0;0.0;64682401.0;20.05;0;190965019.09;190965019.09;1582673.511
2014-06;101;1;0;;13006556.0;12540529.0;7049.0;11325.0;447653.0;0.0;64809217.0;20.07;0;190375552.92;190375552.92;1515526.026
2014-07;101;1;0;;13045074.0;12577348.0;7034.0;11400.0;449292.0;0.0;65002795.0;20.07;0;194854669.73;194854669.73;1557964.635
2014-08;101;1;0;;13108799.0;12636433.0;10251.0;14283.0;447832.0;0.0;65141971.0;20.12;0;197659760.07;197659760.07;1557054.907
2014-09;101;1;0;;13141932.0;12665239.0;12056.0;17893.0;446744.0;0.0;65380633.0;20.1;0;207480241.4;207480241.4;1571933.738
2014-10;101;1;0;;13157655.0;12680872.0;12424.0;18229.0;446130.0;0.0;65572982.0;20.07;0;215017548.45;215017548.45;1643400.836
2014-11;101;1;0;;13176217.0;12696712.0;13274.0;20279.0;445952.0;0.0;65686943.0;20.06;0;216915895.22;216915895.22;1660352.135
2014-12;101;1;0;;13189683.0;12711476.0;15024.0;23276.0;439907.0;0.0;65941172.0;20.0;0;216148032.92;216148032.92;1625937.351
2015-01;101;1;0;;11357885.0;11074544.0;14230.0;21682.0;247429.0;0.0;66114303.0;17.18;0;197253861.09;197253861.09;1492286.444
2015-02;101;1;0;;11360636.0;11064028.0;14541.0;21629.0;260438.0;0.0;66599184.0;17.06;0;200963019.16;200963019.16;1407956.701
2015-03;101;1;0;;10830829.0;10532758.0;14356.0;20969.0;262746.0;0.0;66451457.0;16.31;1;188253519.82;188253519.82;1326407.804
2015-04;101;1;0;;10835963.0;10531466.0;14279.0;20963.0;269255.0;0.0;66447197.0;16.31;0;199707249.91;199707249.91;1336959.58
2015-05;101;1;0;;9224360.0;8902747.0;13282.0;28154.0;280177.0;0.0;66537960.0;13.86;0;172607640.26;172607640.26;1099055.41
2015-06;101;1;0;;8931143.0;8595894.0;18327.0;30723.0;286199.0;0.0;66919741.0;13.35;0;165795359.31;165795359.31;1015819.327
2015-07;101;1;0;;8805549.0;8455095.0;18258.0;30302.0;301894.0;0.0;67045255.0;13.13;0;163814703.35;163814703.35;991771.249
2015-08;101;1;0;;9048271.0;8688071.0;18206.0;30445.0;311549.0;0.0;67163201.0;13.47;0;170541492.12;170541492.12;1028590.194
2015-09;101;1;0;;8540235.0;8193363.0;17447.0;30200.0;299225.0;0.0;67161605.0;12.72;0;165328942.5;165328942.5;996811.091
2015-10;101;1;0;;8463317.0;8116225.0;17739.0;28802.0;300551.0;0.0;67484984.0;12.54;0;167740732.59;167740732.59;1017990.542
2015-11;101;1;0;;8687082.0;8333733.0;18792.0;29114.0;305443.0;0.0;67571337.0;12.86;0;172765264.12;172765264.12;1047434.6
2015-12;101;1;0;;8874647.0;8502077.0;19079.0;29447.0;324044.0;0.0;67751939.0;13.1;0;177618506.43;177618506.43;1083254.501
2016-01;101;1;0;;9082827.0;8706205.0;19382.0;29796.0;327444.0;0.0;67835011.0;13.39;0;182137913.03;182137913.03;1136630.815
2016-02;101;1;0;;9225760.0;8841637.0;19548.0;29816.0;334759.0;0.0;67892942.0;13.59;0;181764315.31;181764315.31;1103297.019
2016-03;101;1;0;;9337186.0;8910582.0;19767.0;30053.0;376784.0;0.0;67769260.0;13.78;0;185656898.83;185656898.83;1135577.683
2016-04;101;1;0;;9408351.0;8972149.0;20705.0;30122.0;385375.0;0.0;67852100.0;13.87;0;188924417.23;188924417.23;1173489.447
2016-05;101;1;0;;9473381.0;8997674.0;24529.0;54734.0;396444.0;0.0;68009908.0;13.93;0;193137634.16;193137634.16;1135142.868
2016-06;101;1;0;;9280992.0;8802866.0;24580.0;53390.0;400156.0;0.0;68074990.0;13.63;0;191304140.71;191304140.71;1095469.329
2016-07;101;1;0;;9293879.0;8814295.0;23842.0;53232.0;402510.0;0.0;68227088.0;13.62;0;187665295.0;187665295.0;1059987.235
2016-08;101;1;0;;9220962.0;8757439.0;23183.0;52872.0;387468.0;0.0;68384200.0;13.48;0;187406247.94;187406247.94;1063497.006
2016-09;101;1;0;;9074766.0;8611031.0;22555.0;51274.0;389906.0;0.0;68521329.0;13.24;0;189837402.16;189837402.16;1091152.992
2016-10;101;1;0;;9161201.0;8693746.0;23206.0;51747.0;392502.0;0.0;68593796.0;13.36;0;192746060.55;192746060.55;1099121.162
2016-11;101;1;0;;9284895.0;8816718.0;23543.0;51735.0;392899.0;0.0;68713127.0;13.51;0;197224919.42;197224919.42;1132050.268
2016-12;101;1;0;;8911412.0;8451311.0;22774.0;50117.0;387210.0;0.0;68864059.0;12.94;0;189891041.87;189891041.87;1093754.364
2017-01;100;1;0;;8886051.0;8412441.0;22763.0;50000.0;400847.0;0.0;68142206.0;13.22;1;194187359.39;194187359.39;1077793.064
2017-02;100;1;0;;8794374.0;8318506.0;22476.0;49432.0;403960.0;0.0;69093086.0;12.73;0;196140559.09;196140559.09;1024514.887
2017-03;100;1;0;;8696184.0;8234313.0;22287.0;49159.0;390425.0;0.0;69307467.0;12.55;0;199552002.64;199552002.64;1072857.979
2017-04;100;1;0;;8791497.0;8332503.0;22199.0;48211.0;388584.0;0.0;69412927.0;12.67;0;187256740.88;187256740.88;1044776.036
2017-05;100;1;0;;8880465.0;8415383.0;22690.0;51493.0;390899.0;0.0;69549007.0;12.77;0;188924675.45;188924675.45;1061565.513
2017-06;100;1;0;;9029144.0;8563326.0;22792.0;51992.0;391034.0;0.0;69698858.0;12.95;0;197442382.04;197442382.04;1063432.662
2017-07;96;1;0;;9053182.0;8589432.0;22403.0;51862.0;389485.0;0.0;69838149.0;12.96;0;192694923.3;192694923.3;1022582.971
2017-08;96;1;0;;8933102.0;8471373.0;22098.0;51841.0;387790.0;0.0;69954699.0;12.77;0;192197186.09;192197186.09;1022072.762
2017-09;96;1;0;;9050706.0;8577713.0;22888.0;52394.0;397711.0;0.0;70037257.0;12.92;0;200530075.47;200530075.47;1085844.79
2017-10;96;1;0;;8860746.0;8380364.0;22612.0;51070.0;406700.0;0.0;70107553.0;12.64;0;200859767.09;200859767.09;1070845.164
2017-11;96;1;0;;8862060.0;8376271.0;22812.0;51020.0;411957.0;0.0;70232824.0;12.62;0;204917053.17;204917053.17;1086709.464
2017-12;96;1;0;;8781228.0;8299504.0;22290.0;49579.0;409855.0;0.0;70325200.0;12.49;0;202736458.1;202736458.1;1066858.0
2018-01;96;1;0;;8741368.0;8270332.0;21775.0;47811.0;401450.0;0.0;70428257.0;12.41;0;200349376.08;200349376.08;1068035.509
2018-02;96;1;0;;8719120.0;8250892.0;21444.0;47352.0;399432.0;0.0;70500944.0;12.37;0;196802112.87;196802112.87;1031655.43
2018-03;96;1;0;;8789383.0;8311670.0;21416.0;47591.0;408706.0;0.0;70650489.0;12.44;0;200058866.63;200058866.63;1055810.875
2018-04;96;1;0;;8853383.0;8380125.0;21351.0;47954.0;403953.0;0.0;70806610.0;12.5;0;205455267.3;205455267.3;1081310.822
2018-05;92;1;0;;8791367.0;8315193.0;20713.0;48497.0;406964.0;0.0;70955946.0;12.39;0;208513515.44;208513515.44;1046934.774
2018-06;92;1;0;;8707794.0;8231216.0;20448.0;48268.0;407862.0;0.0;71013920.0;12.26;0;208503602.19;208503602.19;1018961.037
2018-07;92;1;0;;8745933.0;8269358.0;21120.0;50714.0;404741.0;0.0;70842795.0;12.35;0;192693734.69;192693734.69;994107.696
2018-08;92;1;0;;8850381.0;8355347.0;21258.0;50177.0;423599.0;0.0;71017746.0;12.46;0;197202126.64;197202126.64;1021819.215
2018-09;92;1;0;;9047392.0;8546474.0;21680.0;51937.0;427301.0;0.0;71199774.0;12.71;0;204692755.18;204692755.18;1072713.447
2018-10;93;1;0;;9022591.0;8516423.0;21696.0;51909.0;432563.0;0.0;71301966.0;12.65;0;209368997.07;209368997.07;1112263.345
2018-11;97;1;0;;9073397.0;8564533.0;21778.0;52224.0;434862.0;0.0;71547083.0;12.68;1;213413649.97;213413649.97;1154351.913
2018-12;99;1;0;;8494522.0;8030206.0;20908.0;48898.0;394510.0;0.0;71718186.0;11.84;1;195672274.92;195672274.92;1034684.999
2019-01;101;1;0;;8560983.0;8087523.0;20786.0;50509.0;402165.0;0.0;71736565.0;11.93;2;197447921.88;197447921.88;1076004.086
2019-02;101;1;0;;8493649.0;8007712.0;20513.0;49892.0;415532.0;0.0;71888160.0;11.82;2;194504237.04;194504237.04;1038308.663
2019-03;102;1;0;;8659505.0;8176851.0;20556.0;49495.0;412603.0;0.0;71935963.0;12.04;1;200171392.11;200171392.11;1079214.165
2019-04;102;1;0;;8753529.0;8270385.0;21310.0;49406.0;412428.0;0.0;72040526.0;12.15;1;200079233.13;200079233.13;1045228.324
2019-05;102;1;0;;8818694.0;8340689.0;21218.0;49498.0;407289.0;0.0;72184710.0;12.22;1;206413940.82;206413940.82;1091815.789
2019-06;103;1;0;;8910608.0;8431977.0;21422.0;49557.0;407652.0;0.0;72210988.0;12.34;1;204791707.77;204791707.77;1039522.214
2019-07;103;1;0;;9181977.0;8688611.0;21907.0;51145.0;420314.0;0.0;72126103.0;12.73;1;211683301.12;211683301.12;1065171.293
2019-08;103;1;0;;9165550.0;8636527.0;21874.0;51095.0;456054.0;0.0;72260662.0;12.68;1;209791239.58;209791239.58;1054360.364
2019-09;103;1;0;;9248472.0;8706508.0;22098.0;51871.0;467995.0;0.0;72482079.0;12.76;1;212675410.75;212675410.75;1096488.357
2019-10;103;1;0;;9215412.0;8673688.0;22193.0;52518.0;467013.0;0.0;72523563.0;12.71;1;215736716.07;215736716.07;1147213.782
2019-11;103;1;0;;9286581.0;8741009.0;22287.0;53096.0;470189.0;0.0;72992146.0;12.72;1;219476432.3;219476432.3;1185748.502
2019-12;103;1;0;;9142774.0;8603590.0;22324.0;53685.0;463175.0;0.0;72988931.0;12.53;1;216979920.48;216979920.48;1173604.737
2020-01;103;1;0;;9348474.0;8811870.0;22718.0;54908.0;458978.0;0.0;73107491.0;12.79;1;220650637.81;220650637.81;1206232.723
2020-02;102;1;0;;9428138.0;8894187.0;22799.0;55499.0;455653.0;0.0;73261347.0;12.87;0;219847680.13;219847680.13;1173704.631
2020-03;102;1;0;;9485682.0;8884487.0;27781.0;56324.0;517090.0;0.0;73366117.0;12.93;0;222777128.43;222777128.43;1209264.564
2020-04;102;1;0;;9630265.0;9058882.0;28119.0;55403.0;487861.0;0.0;75692131.0;13.6;2;600456798.36;600456798.36;1241242.37
2020-05;102;1;0;;10376895.0;9775325.0;29333.0;58074.0;514163.0;0.0;73596798.0;14.1;0;642184405.94;642184405.94;1314166.765
2020-06;102;1;0;;10785437.0;10214128.0;30723.0;60106.0;480480.0;0.0;71998819.0;14.96;1;646706585.86;646706585.86;1336940.929
2020-07;102;1;0;;11026843.0;10440421.0;31814.0;61480.0;493128.0;0.0;73426462.0;15.02;0;259928951.14;259928951.14;1407251.222
2020-08;102;1;0;;11137514.0;10535841.0;31942.0;61332.0;508399.0;0.0;73994253.0;15.05;0;264600492.01;264600492.01;1407901.128
2020-09;102;1;0;;11302736.0;10707198.0;32096.0;61601.0;501841.0;0.0;74123468.0;15.25;0;270958243.01;270958243.01;1468254.309
2020-10;102;1;0;;11449796.0;10832526.0;32191.0;61946.0;523133.0;0.0;74269205.0;15.42;0;278907560.13;278907560.13;1563514.986
2020-11;103;1;0;;11575575.0;10941614.0;32247.0;62158.0;539556.0;0.0;74490318.0;15.54;1;281831615.23;281831615.23;1566035.329
2020-12;103;1;0;;11736536.0;11089450.0;35609.0;63149.0;548328.0;0.0;74696546.0;15.71;0;287626822.74;287626822.74;1623605.801
2021-01;103;1;0;;11893484.0;11208045.0;38857.0;67970.0;578612.0;0.0;74817156.0;15.9;0;291967005.41;291967005.41;1641511.85
2021-02;103;1;0;;11984114.0;11292223.0;38998.0;70118.0;582775.0;0.0;74840828.0;16.01;1;288269806.91;288269806.91;1562816.521
2021-03;103;1;0;;12060853.0;11365274.0;39574.0;71941.0;584064.0;0.0;75013636.0;16.08;1;296815497.97;296815497.97;1631704.81
2021-04;103;1;0;;11871041.0;11180377.0;38861.0;71702.0;580101.0;0.0;75050468.0;15.82;0;293125774.87;293125774.87;1637473.018
2021-05;103;1;0;;11975334.0;11282562.0;39015.0;72190.0;581567.0;0.0;75122254.0;15.94;0;290961672.24;290961672.24;1516828.898
2021-06;103;1;0;;12038909.0;11346922.0;40465.0;72646.0;578876.0;0.0;75314310.0;15.98;0;295807997.62;295807997.62;1542335.567
2021-07;103;1;0;;12233007.0;11530023.0;41466.0;75089.0;586429.0;0.0;75421907.0;16.22;0;297654377.13;297654377.13;1506694.994
2021-08;103;1;0;;12372365.0;11661137.0;41795.0;79388.0;590045.0;0.0;75798988.0;16.32;0;304213468.84;304213468.84;1539088.42
2021-09;103;1;0;;12294773.0;11614224.0;41551.0;79712.0;559286.0;0.0;75841522.0;16.21;0;310469963.48;310469963.48;1624829.702
2021-10;104;1;0;;12433707.0;11740940.0;40442.0;80732.0;571593.0;0.0;75918923.0;16.38;0;316391847.88;316391847.88;1653953.686
2021-11;104;1;0;;12550643.0;11853077.0;40511.0;81323.0;575732.0;0.0;76022043.0;16.51;0;320288648.81;320288648.81;1647233.244
2021-12;104;1;0;;12675578.0;11937828.0;40015.0;82132.0;615603.0;0.0;71094460.0;17.42;1;330407160.42;330407160.42;1739412.389
2022-01;104;1;0;;13110646.0;12331693.0;41485.0;83754.0;653714.0;0.0;76224923.0;17.2;0;338266899.71;338266899.71;1764737.737
2022-02;104;1;0;;13686421.0;12681567.0;42228.0;84554.0;878072.0;0.0;76462026.0;17.9;0;346293701.42;346293701.42;1777287.866
2022-03;104;1;0;;14168889.0;13080364.0;43750.0;85702.0;959073.0;0.0;76784950.0;18.45;0;370325373.3;370325373.3;1981521.833
2022-04;104;1;0;;14303463.0;13192362.0;44469.0;87358.0;979274.0;0.0;76966054.0;18.58;0;370789409.49;370789409.49;1902036.379
2022-05;104;1;0;;14113725.0;12982579.0;44205.0;85713.0;1001228.0;0.0;77326075.0;18.25;0;378028016.43;378028016.43;1835774.718
2022-06;104;1;0;;14179107.0;12990951.0;44490.0;86559.0;1057107.0;0.0;77430797.0;18.31;0;381192007.79;381192007.79;1770518.721
2022-07;104;1;0;;14539479.0;13329956.0;45657.0;88299.0;1075567.0;0.0;77579060.0;18.74;0;387270970.87;387270970.87;1808750.632
2022-08;104;1;0;;14809994.0;13600635.0;46605.0;90008.0;1072746.0;0.0;77725808.0;19.05;0;395529559.28;395529559.28;1854938.055
2022-09;104;1;0;;14965756.0;13715123.0;47154.0;91729.0;1111750.0;0.0;77919573.0;19.21;0;411472510.73;411472510.73;1965620.272
2022-10;104;1;0;;15082350.0;13779145.0;47811.0;92049.0;1163345.0;0.0;78063742.0;19.32;0;415057344.86;415057344.86;1996869.705
2022-11;104;1;0;;15343873.0;14010448.0;48696.0;92653.0;1192076.0;0.0;78253565.0;19.61;0;430436155.64;430436155.64;2100950.613
2022-12;104;1;0;;15549641.0;14199395.0;50317.0;93391.0;1206538.0;0.0;78467910.0;19.82;0;436687682.39;436687682.39;2195512.414
2023-01;104;1;0;;15958609.0;14589468.0;51719.0;95079.0;1222343.0;0.0;78522019.0;20.32;0;441223355.11;441223355.11;2178247.398
2023-02;104;1;0;;16197219.0;14821818.0;52090.0;96520.0;1226791.0;0.0;78555129.0;20.62;0;449738472.34;449738472.34;2222279.213
2023-03;104;1;0;;16342792.0;14961798.0;53094.0;97509.0;1230391.0;0.0;78783565.0;20.74;0;463307785.95;463307785.95;2348684.346
2023-04;104;1;0;;16565385.0;15170475.0;54045.0;98651.0;1242214.0;0.0;78885779.0;21.0;0;467038187.35;467038187.35;2313545.052
2023-05;104;1;0;;16890333.0;15478656.0;54910.0;100764.0;1256003.0;0.0;78882094.0;21.41;0;482640056.97;482640056.97;2338290.707
2023-06;104;1;0;;16875226.0;15448028.0;54822.0;98958.0;1273418.0;0.0;79150997.0;21.32;0;481870659.32;481870659.32;2275446.539
2023-07;103;1;0;;17047947.0;15553112.0;56341.0;100566.0;1337928.0;0.0;78769350.0;21.5;1;486183868.83;486183868.83;2244886.349
2023-08;103;1;0;;16696795.0;15120911.0;56213.0;97212.0;1422459.0;0.0;78803260.0;21.05;1;485279468.25;485279468.25;2291401.659
2023-09;102;1;0;;16659707.0;15050432.0;57640.0;97657.0;1453978.0;0.0;79571814.0;20.94;0;498297489.01;498297489.01;2394197.234
2023-10;102;1;0;;17051323.0;15391016.0;58924.0;98684.0;1502699.0;0.0;79568500.0;21.43;0;515468500.75;515468500.75;2532349.775
2023-11;102;1;0;;16991053.0;15293033.0;58864.0;97703.0;1541453.0;0.0;79735331.0;21.31;0;523873570.1;523873570.1;2615189.659
2023-12;102;1;0;;17041908.0;15312693.0;59527.0;97906.0;1571782.0;0.0;80025767.0;21.3;0;530780153.92;530780153.92;2637180.545
2024-01;102;1;0;;17144522.0;15400826.0;60802.0;99480.0;1583414.0;0.0;79983393.0;21.44;0;536324045.64;536324045.64;2672055.179
2024-02;102;1;0;;17051425.0;15282025.0;61095.0;100069.0;1608236.0;0.0;80042532.0;21.3;1;528895480.96;528895480.96;2601513.697
2024-03;102;1;0;;16875952.0;15093321.0;62010.0;100841.0;1619780.0;0.0;79680808.0;21.18;0;525728528.22;525728528.22;2585895.92
2024-04;102;1;0;;16874030.0;15069751.0;62931.0;101545.0;1639803.0;0.0;80562377.0;20.95;0;530360521.77;530360521.77;2567144.784
2024-05;102;1;0;;16848203.0;15023035.0;63189.0;102915.0;1659064.0;0.0;80392521.0;20.96;0;528137509.14;528137509.14;2565946.713
2024-06;102;1;0;;16943737.0;15082509.0;64291.0;104519.0;1692418.0;0.0;79918550.0;21.2;0;526385736.97;526385736.97;2449949.803
2024-07;102;1;0;;17047419.0;15164739.0;65170.0;105444.0;1712066.0;0.0;80812828.0;21.09;0;523526501.8;523526501.8;2372329.008
2024-08;102;1;0;;16905828.0;15008708.0;65103.0;105149.0;1726868.0;0.0;81205677.0;20.82;0;523790395.97;523790395.97;2393502.12
2024-09;102;1;0;;16961548.0;15048328.0;66050.0;106878.0;1740292.0;0.0;80638495.0;21.03;0;531217744.61;531217744.61;2480780.507
2024-10;102;1;0;;17258535.0;15308506.0;66992.0;108710.0;1774327.0;0.0;80941713.0;21.32;0;544682881.41;544682881.41;2626794.407
2024-11;102;1;0;;17188266.0;15225281.0;67219.0;112104.0;1783662.0;0.0;81130172.0;21.19;0;545106298.71;545106298.71;2632015.139
2024-12;102;1;0;;17392912.0;15422500.0;68758.0;114904.0;1786750.0;0.0;81371946.0;21.37;0;560941665.06;560941665.06;2697448.515
2025-01;102;1;0;;17573219.0;15561565.0;70367.0;116587.0;1824700.0;0.0;81645723.0;21.52;0;561516127.94;561516127.94;2775364.495
2025-02;102;1;0;;17333070.0;15335113.0;70465.0;115750.0;1811742.0;0.0;81608510.0;21.24;0;550854041.28;550854041.28;2709821.992
2025-03;102;1;0;;17217270.0;15213759.0;70592.0;115048.0;1817871.0;0.0;81068636.0;21.24;0;547671813.63;547671813.63;2714658.479
2025-04;101;0;1;20.0;17178774.0;15197053.0;70521.0;116418.0;1794782.0;0.0;81842156.0;20.99;0;540709033.18;540709033.18;2550891.618
2025-05;102;1;0;;17246524.0;15275336.0;71075.0;115594.0;1784519.0;0.0;81788529.0;21.09;0;542423514.83;542423514.83;2589647.172
2025-06;98;0;4;1599690.0;15720313.0;13853524.0;68675.0;114575.0;1683539.0;0.0;79129049.0;19.87;0;488225207.83;488225207.83;2230182.185
