mes;cativo_mwh;livre_mwh;total_mwh;livre_pct;cativo_uc;livre_uc;total_planilha_mwh;livre_planilha_mwh;diferenca_total_mwh;preliminar;samp_livre_uc;samp_livre_mwh;samp_distribuidoras;samp_completo;samp_comparavel;samp_ocorrencias
2004-01;24007083.722;2971277.741;26978361.463;11.0136;53331275.0;195.0;26978361.463;2971277.741;0.0;0;;;;;;
2004-02;23633088.951;2875180.344;26508269.295;10.8464;53560193.0;215.0;26508269.295;2875180.344;0.0;0;;;;;;
2004-03;24209878.703;3074458.469;27284337.172;11.2682;53751078.0;251.0;27284337.172;3074458.469;0.0;0;;;;;;
2004-04;24811886.198;3234295.125;28046181.323;11.532;53934062.0;256.0;28046181.323;3234295.125;0.0;0;;;;;;
2004-05;23908358.372;3339798.381;27248156.753;12.257;53841309.0;277.0;27248156.753;3339798.381;-0.0;0;;;;;;
2004-06;23088194.316;3994766.628;27082960.944;14.7501;53973855.0;308.0;27082960.944;3994766.628;0.0;0;;;;;;
2004-07;22647022.883;4698982.065;27346004.948;17.1834;54097775.0;314.0;27346004.948;4698982.065;0.0;0;;;;;;
2004-08;22847483.406;4809374.532;27656857.938;17.3894;54323121.0;328.0;27656857.938;4809374.532;0.0;0;;;;;;
2004-09;23476240.683;4806256.8;28282497.483;16.9937;54403926.0;358.0;28282497.483;4806256.8;0.0;0;;;;;;
2004-10;23488609.57;5021257.696;28509867.266;17.6124;54797451.0;368.0;28509867.266;5021257.696;0.0;0;;;;;;
2004-11;23400983.387;4962347.221;28363330.608;17.4956;54701420.0;364.0;28363330.608;4962347.221;-0.0;0;;;;;;
2004-12;23517876.808;5044228.856;28562105.664;17.6606;54842923.0;368.0;28562105.664;5044228.856;-0.0;0;;;;;;
2005-01;22597880.331;5777556.697;28375437.028;20.3611;55370816.0;519.0;28375437.028;5777556.697;-0.0;0;;;;;;
2005-02;21780651.457;6106966.206;27887617.663;21.8985;55436106.0;551.0;27887617.663;6106966.206;-0.0;0;;;;;;
2005-03;22287771.997;6270197.394;28557969.391;21.956;55625822.0;550.0;28557969.391;6270197.394;0.0;0;;;;;;
2005-04;22797677.015;6549349.796;29347026.811;22.3169;55735754.0;576.0;29347026.811;6549349.796;-0.0;0;;;;;;
2005-05;21916975.222;6565175.194;28482150.416;23.0501;55764322.0;603.0;28482150.416;6565175.194;0.0;0;;;;;;
2005-06;21831092.683;6489457.05;28320549.733;22.9143;56018609.0;616.0;28320549.733;6489457.05;-0.0;0;;;;;;
2005-07;21534573.737;6787743.109;28322316.846;23.9661;56161280.0;648.0;28322316.846;6787743.109;0.0;0;;;;;;
2005-08;21647890.173;7117112.5;28765002.673;24.7423;56322008.0;677.0;28765002.673;7117112.5;0.0;0;;;;;;
2005-09;22183786.215;7151341.326;29335127.541;24.3781;56462947.0;699.0;29335127.541;7151341.326;0.0;0;;;;;;
2005-10;22094536.233;7050775.858;29145312.091;24.1918;56628029.0;684.0;29145312.091;7050775.858;-0.0;0;;;;;;
2005-11;22147938.738;7139677.672;29287616.41;24.3778;56766920.0;707.0;29287616.41;7139677.672;0.0;0;;;;;;
2005-12;22237431.833;7267713.782;29505145.615;24.632;56941976.0;714.0;29505145.615;7267713.782;-0.0;0;;;;;;
2006-01;21537146.171;7343764.087;28880910.258;25.4277;57180385.0;832.0;28880910.258;7343764.087;-0.0;0;;;;;;
2006-02;22149129.22;7234356.993;29383486.213;24.6205;57318674.0;824.0;29383486.213;7234356.993;0.0;0;;;;;;
2006-03;22500842.871;7453049.014;29953891.885;24.8817;57504933.0;838.0;29953891.885;7453049.014;0.0;0;;;;;;
2006-04;22153393.176;7686313.507;29839706.683;25.7587;57609801.0;868.0;29839706.683;7686313.507;0.0;0;;;;;;
2006-05;21291845.334;7675725.06;28967570.394;26.4976;57789205.0;880.0;28967570.394;7675725.06;0.0;0;;;;;;
2006-06;21270257.478;7789987.822;29060245.3;26.8063;57924467.0;908.0;29060245.3;7789987.822;-0.0;0;;;;;;
2006-07;21119526.905;7952482.252;29072009.157;27.3544;58065641.0;908.0;29072009.157;7952482.252;0.0;0;;;;;;
2006-08;21664129.563;8222106.138;29886235.701;27.5113;58259189.0;928.0;29886235.701;8222106.138;0.0;0;;;;;;
2006-09;21962618.594;7982858.471;29945477.065;26.658;58452658.0;939.0;29945477.065;7982858.471;0.0;0;;;;;;
2006-10;22027912.768;8065708.304;30093621.072;26.8021;58578095.0;955.0;30093621.072;8065708.304;0.0;0;;;;;;
2006-11;22411145.039;8141032.844;30552177.883;26.6463;58895952.0;961.0;30552177.883;8141032.844;-0.0;0;;;;;;
2006-12;22528299.549;7965679.087;30493978.636;26.1221;58978724.0;975.0;30493978.636;7965679.087;0.0;0;;;;;;
2007-01;22425798.0;8273906.0;30699704.0;26.9511;59087811.0;970.0;30699704.0;8273906.0;0.0;0;;;;;;
2007-02;22344842.0;7979827.0;30324669.0;26.3146;59354619.0;991.0;30324669.0;7979827.0;0.0;0;;;;;;
2007-03;22867732.0;8445168.0;31312900.0;26.9703;59561486.0;1008.0;31312900.0;8445168.0;0.0;0;;;;;;
2007-04;23511224.0;8519520.0;32030744.0;26.5979;59555275.0;1022.0;32030744.0;8519520.0;0.0;0;;;;;;
2007-05;22740277.0;8642640.0;31382917.0;27.5393;59748280.0;1048.0;31382917.0;8642640.0;0.0;0;;;;;;
2007-06;22166680.0;8600080.0;30766760.0;27.9525;59931782.0;1103.0;30766760.0;8600080.0;0.0;0;;;;;;
2007-07;21808860.0;8692479.0;30501339.0;28.4987;60058994.0;1119.0;30501339.0;8692479.0;0.0;0;;;;;;
2007-08;22305566.0;8875567.0;31181133.0;28.4645;60295467.0;1126.0;31181133.0;8875567.0;0.0;0;;;;;;
2007-09;22887109.0;8848627.0;31735736.0;27.8822;60452089.0;1136.0;31735736.0;8848627.0;0.0;0;;;;;;
2007-10;23235568.0;8900167.0;32135735.0;27.6955;60704431.0;1123.0;32135735.0;8900167.0;0.0;0;;;;;;
2007-11;23709326.0;8945165.0;32654491.0;27.3934;60877777.0;1139.0;32654491.0;8945165.0;0.0;0;;;;;;
2007-12;23439523.0;8865403.0;32304926.0;27.4429;61081716.0;1130.0;32304926.0;8865403.0;0.0;0;;;;;;
2008-01;23636894.235;8219052.0;31855946.235;25.8007;61345496.0;1168.0;31855946.235;8219052.0;0.0;0;;;;;;
2008-02;23961616.653;7769324.0;31730940.653;24.485;61788438.0;1146.0;31730940.653;7769324.0;0.0;0;;;;;;
2008-03;23675512.812;8443202.0;32118714.812;26.2875;62048274.0;1148.0;32118714.812;8443202.0;0.0;0;;;;;;
2008-04;23699222.284;8253434.0;31952656.284;25.8302;62178712.0;1155.0;31952656.284;8253434.0;0.0;0;;;;;;
2008-05;23894694.365;8405269.0;32299963.365;26.0225;62340126.0;1163.0;32299963.365;8405269.0;0.0;0;;;;;;
2008-06;23305531.811;8437456.0;31742987.811;26.5805;62206021.0;1165.0;31742987.811;8437456.0;0.0;0;;;;;;
2008-07;23574525.043;8575565.0;32150090.043;26.6735;62389390.0;1165.0;32150090.043;8575565.0;-0.0;0;;;;;;
2008-08;24367309.636;8645865.0;33013174.636;26.1891;62596769.0;1162.0;33013174.636;8645865.0;0.0;0;;;;;;
2008-09;24561709.691;8402099.0;32963808.691;25.4889;62801341.0;1154.0;32963808.691;8402099.0;0.0;0;;;;;;
2008-10;25137345.377;8535316.0;33672661.377;25.3479;63036950.0;1153.0;33672661.377;8535316.0;0.0;0;;;;;;
2008-11;25242301.533;8169875.0;33412176.533;24.4518;63082334.0;1153.0;33412176.533;8169875.0;0.0;0;;;;;;
2008-12;24153402.45;7405876.0;31559278.45;23.4666;63366101.0;1140.0;31559278.45;7405876.0;0.0;0;;;;;;
2009-01;23832773.2;6833888.6;30666661.8;22.2844;63514515.0;1148.0;30666661.8;6833888.6;-0.0;0;;;;;;
2009-02;23878276.01;6616866.7;30495142.71;21.6981;63489402.0;1197.0;30495142.71;6616866.7;-0.0;0;;;;;;
2009-03;24908707.01;7069042.5;31977749.51;22.1061;64007678.0;1138.0;31977749.51;7069042.5;-0.0;0;;;;;;
2009-04;24839516.5;7203276.3;32042792.8;22.4802;64072400.0;1132.0;32042792.8;7203276.3;0.0;0;;;;;;
2009-05;23791706.3;7153746.6;30945452.9;23.1173;64188620.0;1148.0;30945452.9;7153746.6;0.0;0;;;;;;
2009-06;23520400.45;7194685.5;30715085.95;23.4239;64309815.0;1139.0;30715085.95;7194685.5;0.0;0;;;;;;
2009-07;23813084.23;7511991.0;31325075.23;23.9808;64623574.0;1134.0;31325075.23;7511991.0;0.0;0;;;;;;
2009-08;24459956.5;7802249.1;32262205.6;24.1839;64688751.0;1142.0;32262205.6;7802249.1;0.0;0;;;;;;
2009-09;24830347.71;7886318.1;32716665.81;24.1049;64906206.0;1147.0;32716665.81;7886318.1;0.0;0;;;;;;
2009-10;25373055.74;8046477.4;33419533.14;24.0772;65147298.0;1157.0;33419533.14;8046477.4;0.0;0;;;;;;
2009-11;25656039.6;7960780.6;33616820.2;23.6809;65288735.0;1164.0;33616820.2;7960780.6;0.0;0;;;;;;
2009-12;26390655.6;7732539.1;34123194.7;22.6607;65527345.0;1199.0;34123194.7;7732539.1;0.0;0;;;;;;
2010-01;25490881.401;7869578.884;33360460.285;23.5895;65741576.0;1192.0;33360460.713;7869578.884;-0.428;0;;;;;;
2010-02;25700105.748;8029652.0;33729757.748;23.8058;65828691.0;1247.0;33729757.748;8029652.0;-0.0;0;;;;;;
2010-03;26709179.82;8407702.0;35116881.82;23.9421;66226631.0;1269.0;35116881.82;8407702.0;0.0;0;;;;;;
2010-04;26422386.491;8603474.0;35025860.491;24.5632;66306118.0;1300.0;35025860.491;8603474.0;0.0;0;;;;;;
2010-05;25512276.0;8784702.0;34296978.0;25.6136;66473362.0;1348.0;34296978.0;8784702.0;0.0;0;;;;;;
2010-06;25315209.0;8854250.0;34169459.0;25.9128;66640531.0;1398.0;34169459.0;8854250.0;0.0;0;;;;;;
2010-07;24803879.0;9045470.0;33849349.0;26.7227;66861914.0;1440.0;33849349.0;9045470.0;0.0;0;;;;;;
2010-08;25576052.229;9137342.0;34713394.229;26.3222;67100529.0;1472.0;34713394.229;9137342.0;0.0;0;;;;;;
2010-09;26058952.015;9123319.0;35182271.015;25.9316;67276859.0;1520.0;35182271.015;9123319.0;0.0;0;;;;;;
2010-10;25955581.989;9233343.0;35188924.989;26.2393;67393297.0;1552.0;35188924.989;9233343.0;0.0;0;;;;;;
2010-11;25895745.259;9182236.0;35077981.259;26.1766;67782320.0;1591.0;35077981.259;9182236.0;0.0;0;;;;;;
2010-12;26912630.401;9043809.0;35956439.401;25.1521;67905461.0;1635.0;35956439.401;9043809.0;0.0;0;;;;;;
2011-01;26748122.262;9125622.0;35873744.262;25.4382;68118259.0;1702.0;35873744.262;9125622.0;0.0;0;;;;;;
2011-02;26649791.658;8795125.0;35444916.658;24.8135;68327606.0;1722.0;35444916.658;8795125.0;0.0;0;;;;;;
2011-03;27113364.052;9237326.0;36350690.052;25.4117;68485687.0;1746.0;36350690.052;9237326.0;0.0;0;;;;;;
2011-04;26722318.049;9326000.0;36048318.049;25.8708;68673224.0;1754.0;36048318.049;9326000.0;-0.0;0;;;;;;
2011-05;26190891.385;9375096.0;35565987.385;26.3597;68981940.0;1782.0;35565987.385;9375096.0;0.0;0;;;;;;
2011-06;25789029.72;9370544.0;35159573.72;26.6515;69083738.0;1808.0;35159573.72;9370544.0;0.0;0;;;;;;
2011-07;25971542.622;9445750.0;35417292.622;26.6699;69387939.0;1823.0;35417292.622;9445750.0;0.0;0;;;;;;
2011-08;26643272.841;9692540.0;36335812.841;26.6749;69571616.0;1859.0;36335812.841;9692540.0;0.0;0;;;;;;
2011-09;27351688.336;9613501.0;36965189.336;26.0069;69718498.0;1891.0;36965189.336;9613501.0;-0.0;0;;;;;;
2011-10;27064409.383;9679361.0;36743770.383;26.3429;69871857.0;1944.0;36743770.383;9679361.0;0.0;0;;;;;;
2011-11;26761237.766;9607152.0;36368389.766;26.4162;70100035.0;1965.0;36368389.766;9607152.0;0.0;0;;;;;;
2011-12;27346100.783;9395848.0;36741948.783;25.5725;70320964.0;1983.0;36741948.783;9395848.0;0.0;0;;;;;;
2012-01;26653240.014;9651927.481;36305167.495;26.5855;70504711.0;2092.0;36305167.295;9651927.481;0.2;0;;;;;;
2012-02;27242218.041;9645849.55;36888067.591;26.149;70638070.0;2143.0;36888068.031;9645849.55;-0.44;0;;;;;;
2012-03;28566668.331;10068905.287;38635573.618;26.0612;70846097.0;2205.0;38635573.738;10068905.287;-0.12;0;;;;;;
2012-04;27894497.228;10101371.939;37995869.167;26.5854;70974472.0;2255.0;37995869.087;10101371.939;0.08;0;;;;;;
2012-05;26790052.907;10020138.017;36810190.924;27.2211;71066886.0;2221.0;36810191.044;10020138.017;-0.12;0;;;;;;
2012-06;26619661.766;9908731.513;36528393.279;27.1261;71209750.0;2405.0;36528393.119;9908731.513;0.16;0;;;;;;
2012-07;25826227.399;10090920.206;35917147.605;28.095;71349711.0;2526.0;35917147.205;10090920.206;0.4;0;;;;;;
2012-08;26845128.854;10334473.94;37179602.794;27.7961;71646990.0;2596.0;37179602.514;10334473.94;0.28;0;;;;;;
2012-09;27368454.095;10293242.437;37661696.532;27.3308;71793853.0;2680.0;37661696.092;10293242.437;0.44;0;;;;;;
2012-10;27395805.855;10400208.395;37796014.25;27.5167;72058081.0;2759.0;37796014.01;10400208.395;0.24;0;;;;;;
2012-11;28332287.644;10311296.638;38643584.282;26.6831;72219761.0;2846.0;38643584.202;10311296.638;0.08;0;;;;;;
2012-12;27964275.905;9800808.455;37765084.36;25.952;72374444.0;2926.0;37765084.44;9800808.455;-0.08;0;;;;;;
2013-01;28326269.738;10064768.448;38391038.186;26.2165;72563894.0;3098.0;38391038.186;10064768.448;0.0;0;;;;;;
2013-02;28037017.72;9992448.982;38029466.702;26.2755;72792917.0;3174.0;38029466.702;9992448.982;0.0;0;;;;;;
2013-03;28095586.551;10372556.672;38468143.223;26.964;72992954.0;3230.0;38468143.223;10372556.672;0.0;0;;;;;;
2013-04;27933536.428;10740000.285;38673536.713;27.7709;73145381.0;3310.0;38673536.713;10740000.285;0.0;0;;;;;;
2013-05;27691347.566;10680353.896;38371701.462;27.8339;73343259.0;3375.0;38371701.462;10680353.896;0.0;0;;;;;;
2013-06;27112853.008;10540682.996;37653536.004;27.9939;73546259.0;3420.0;37653536.004;10540682.996;0.0;0;;;;;;
2013-07;27105254.027;10618689.553;37723943.58;28.1484;73768216.0;3473.0;37723943.58;10618689.553;0.0;0;;;;;;
2013-08;27693764.262;10945593.917;38639358.179;28.3276;73948357.0;3521.0;38639358.179;10945593.917;0.0;0;;;;;;
2013-09;27847586.164;10703189.676;38550775.84;27.7639;74146410.0;3538.0;38550775.84;10703189.676;0.0;0;;;;;;
2013-10;28687793.377;10724166.45;39411959.827;27.2104;74389112.0;3562.0;39411959.827;10724166.45;0.0;0;;;;;;
2013-11;29089914.54;10855524.298;39945438.838;27.1759;74602187.0;3578.0;39945438.838;10855524.298;0.0;0;;;;;;
2013-12;29118802.244;10464255.806;39583058.05;26.4362;74810612.0;3594.0;39583058.05;10464255.806;0.0;0;;;;;;
2014-01;29924275.0;10381640.622;40305915.622;25.7571;75033221.0;3599.0;40305915.622;10381640.622;0.0;0;;;;;;
2014-02;31355474.3;10210713.274;41566187.574;24.565;75279282.0;3618.0;41566187.574;10210713.274;0.0;0;;;;;;
2014-03;30041464.0;10231560.941;40273024.941;25.4055;75465222.0;3647.0;40273024.941;10231560.941;0.0;0;;;;;;
2014-04;29166385.0;10405840.569;39572225.569;26.2958;75646732.0;3659.0;39572225.569;10405840.569;0.0;0;;;;;;
2014-05;28976379.0;10153028.102;39129407.102;25.9473;75855132.0;3681.0;39129407.102;10153028.102;0.0;0;;;;;;
2014-06;27808977.0;9946888.24;37755865.24;26.3453;76010808.0;3709.0;37755865.24;9946888.24;0.0;0;;;;;;
2014-07;28028749.0;9787409.043;37816158.043;25.8816;76209960.0;3725.0;37816158.043;9787409.043;0.0;0;;;;;;
2014-08;28557759.0;10128701.56;38686460.56;26.1815;76317468.0;3735.0;38686460.56;10128701.56;0.0;0;;;;;;
2014-09;28978362.0;9949932.084;38928294.084;25.5596;76618822.0;3732.0;38928294.084;9949932.084;0.0;0;;;;;;
2014-10;30258645.0;9873436.881;40132081.881;24.6024;76773902.0;3738.0;40132081.881;9873436.881;0.0;0;;;;;;
2014-11;30793029.0;10194309.733;40987338.733;24.8719;76878951.0;3754.0;40987338.733;10194309.733;-0.0;0;;;;;;
2014-12;30113946.0;9769665.647;39883611.647;24.4954;77167716.0;3758.0;39883611.647;9769665.647;0.0;0;;;;;;
2015-01;31026799.185;9688959.308;40715758.493;23.7966;77315855.0;3775.0;40715758.493;9688959.308;0.0;0;;;;;;
2015-02;31014718.0;9658633.162;40673351.162;23.7468;77508452.0;3774.0;40673351.162;9658633.162;0.0;0;;;;;;
2015-03;29817953.0;9902837.296;39720790.296;24.9311;77201309.0;3783.0;39720790.296;9902837.296;0.0;0;;;;;;
2015-04;29638439.0;9914484.499;39552923.499;25.0664;77342255.0;3784.0;39552923.499;9914484.499;0.0;0;;;;;;
2015-05;28428296.0;9731721.134;38160017.134;25.5024;78085787.0;3783.0;38160017.134;9731721.134;0.0;0;;;;;;
2015-06;27638198.0;9581918.926;37220116.926;25.7439;78250282.0;3948.0;37220116.926;9581918.926;0.0;0;;;;;;
2015-07;27258262.0;9519503.092;36777765.092;25.8839;78334482.0;3939.0;36777765.092;9519503.092;0.0;0;;;;;;
2015-08;28054116.49;9755233.418;37809349.908;25.8011;78334933.0;3957.0;37809349.908;9755233.418;0.0;0;;;;;;
2015-09;28193655.0;9595906.798;37789561.798;25.393;78626005.0;3960.0;37789561.798;9595906.798;0.0;0;;;;;;
2015-10;29601523.0;9664440.707;39265963.707;24.6128;78847521.0;3965.0;39265963.707;9664440.707;0.0;0;;;;;;
2015-11;29707031.0;9501035.07;39208066.07;24.2323;78966787.0;3978.0;39208066.07;9501035.07;0.0;0;;;;;;
2015-12;29487930.0;9141269.706;38629199.706;23.6641;79103396.0;3996.0;38629199.706;9141269.706;0.0;0;;;;;;
2016-01;29251695.0;9189490.723;38441185.723;23.9053;79288195.0;3906.0;38441185.723;9189490.723;0.0;0;;;;;;
2016-02;29255076.6;9501889.112;38756965.712;24.5166;79438125.0;4065.0;38756965.712;9501889.112;0.0;0;;;;;;
2016-03;29562854.0;9916982.439;39479836.439;25.1191;79387317.0;4137.0;39479836.439;9916982.439;-0.0;0;;;;;;
2016-04;30192944.0;10114671.949;40307615.949;25.0937;79592148.0;4297.0;40307615.949;10114671.949;0.0;0;;;;;;
2016-05;28492841.0;10191631.105;38684472.105;26.3455;79815365.0;4496.0;38684472.105;10191631.105;0.0;0;;;;;;
2016-06;27344071.0;10246374.232;37590445.232;27.2579;79939336.0;4846.0;37590445.232;10246374.232;0.0;0;;;;;;
2016-07;26728038.0;10570575.97;37298613.97;28.3404;80116873.0;5274.0;37298613.97;10570575.97;0.0;0;;;;;;
2016-08;26796268.0;10924094.486;37720362.486;28.9607;80244830.0;5701.0;37720362.486;10924094.486;0.0;0;;;;;;
2016-09;27394607.0;10984137.723;38378744.723;28.6204;80346713.0;6178.0;38378744.723;10984137.723;0.0;0;;;;;;
2016-10;27150600.0;11082597.089;38233197.089;28.9868;80393201.0;6686.0;38233197.089;11082597.089;0.0;0;;;;;;
2016-11;27489589.0;11297659.89;38787248.89;29.1273;80580252.0;7244.0;38787248.89;11297659.89;0.0;0;;;;;;
2016-12;27659912.0;11133234.598;38793146.598;28.699;80724613.0;7805.0;38793146.598;11133234.598;0.0;0;;;;;;
2017-01;27863708.18;11527217.515;39390925.695;29.2636;80788262.0;8440.0;39390925.695;11527217.515;0.0;0;;;;;;
2017-02;27233449.507;11642766.582;38876216.089;29.9483;80899752.0;8901.0;38876216.089;11642766.582;0.0;0;;;;;;
2017-03;28442139.289;12146052.349;40588191.638;29.9251;81085506.0;9243.0;40588191.638;12146052.349;0.0;0;;;;;;
2017-04;27061857.787;12407322.017;39469179.804;31.4355;81147701.0;9498.0;39469179.804;12407322.017;0.0;0;;;;;;
2017-05;26188612.745;12006193.424;38194806.169;31.4341;81372107.0;9745.0;38194806.169;12006193.424;0.0;0;;;;;;
2017-06;25871491.3;12274139.672;38145630.972;32.1771;81462358.0;10020.0;38145630.972;12274139.672;0.0;0;;;;;;
2017-07;24971859.37;12341260.982;37313120.352;33.0749;81603998.0;10290.0;37313120.352;12341260.982;0.0;0;;;;;;
2017-08;25231182.6;12659097.092;37890279.692;33.4099;81800685.0;10504.0;37890279.692;12659097.092;0.0;0;;;;;;
2017-09;26331335.0;12706398.996;39037733.996;32.549;81889169.0;10741.0;39037733.996;12706398.996;0.0;0;;;;;;
2017-10;26669000.0;12716247.19;39385247.19;32.2868;81973874.0;10967.0;39385247.19;12716247.19;0.0;0;;;;;;
2017-11;26944147.0;12921603.021;39865750.021;32.4128;82218818.0;10984.0;39865750.021;12921603.021;0.0;0;;;;;;
2017-12;26944652.0;12686753.246;39631405.246;32.0119;82453088.0;11131.0;39631405.246;12686753.246;0.0;0;;;;;;
2018-01;26653890.914;13416609.255;40070500.169;33.4825;82382992.0;11332.0;40070500.903;13416609.064;-0.734;0;;;;;;
2018-02;26541355.111;12665999.177;39207354.288;32.3052;82470483.0;11501.0;39207355.112;12665999.338;-0.824;0;;;;;;
2018-03;27141036.663;13998143.893;41139180.556;34.0263;82707846.0;11599.0;41139181.652;13998144.054;-1.096;0;;;;;;
2018-04;27191476.21;13529491.095;40720967.305;33.2249;82842152.0;11724.0;40720966.787;13529491.056;0.518;0;;;;;;
2018-05;26371006.733;12944281.226;39315287.959;32.9243;82996896.0;11845.0;39315289.454;12944281.844;-1.495;0;;;;;;
2018-06;25288238.782;12945559.961;38233798.743;33.8589;83081180.0;11967.0;38233798.745;12945559.435;-0.002;0;;;;;;
2018-07;24940389.309;13603819.988;38544209.297;35.2941;83244117.0;12099.0;38544210.309;13603820.336;-1.012;0;;;;;;
2018-08;25310683.564;13745841.452;39056525.016;35.1947;83287490.0;12254.0;39056524.67;13745841.221;0.346;0;;;;;;
2018-09;25876674.044;13202721.093;39079395.137;33.7844;83371036.0;12394.0;39079395.426;13202721.328;-0.289;0;;;;;;
2018-10;26577069.766;13850530.211;40427599.977;34.2601;83502718.0;12568.0;40427600.641;13850530.367;-0.664;0;;;;;;
2018-11;26796561.252;13644874.82;40441436.072;33.7398;83605445.0;12715.0;40441436.493;13644874.506;-0.421;0;;;;;;
2018-12;26935819.616;13119723.957;40055543.573;32.7538;83669300.0;12846.0;40055542.464;13119723.921;1.109;0;;;;;;
2019-01;27956990.259;13859597.469;41816587.728;33.1438;83851891.0;13201.0;41816588.197;13859597.498;-0.469;0;13207.0;9879740.185;102;1;1;
2019-02;28327600.812;12997515.993;41325116.805;31.4519;83943481.0;13445.0;41325116.299;12997515.935;0.506;0;13163.0;10437228.762;102;1;0;
2019-03;27602920.233;13706998.987;41309919.22;33.1809;84077495.0;13569.0;41309918.907;13706998.553;0.313;0;13512.0;9895119.504;104;1;0;
2019-04;26348814.821;13537028.543;39885843.364;33.9394;84188433.0;13756.0;39885843.874;13537028.128;-0.51;0;13708.0;10554676.623;104;1;1;
2019-05;26775578.182;13883128.018;40658706.2;34.1455;84376684.0;14031.0;40658706.333;13883128.368;-0.133;0;14039.0;10520163.364;105;1;1;
2019-06;25178782.529;13433753.378;38612535.907;34.7912;84308093.0;14269.0;38612537.203;13433754.586;-1.296;0;14166.0;10624068.178;104;0;0;RGE sem LIVRE; EQUATORIAL AL livre Regular repetido
2019-07;24739210.291;13745654.953;38484865.244;35.717;84508471.0;14530.0;38484865.432;13745654.705;-0.188;0;14283.0;10084837.183;104;1;1;
2019-08;24958412.825;13850083.119;38808495.944;35.6883;84723547.0;14929.0;38808496.909;13850082.265;-0.965;0;14965.0;10590100.743;104;1;0;CERTAJA livre Regular repetido
2019-09;25873448.851;13593277.141;39466725.992;34.4424;84841906.0;15309.0;39466725.339;13593276.872;0.653;0;15182.0;10556823.774;104;1;1;
2019-10;26994948.154;14288850.491;41283798.645;34.6113;84978181.0;15540.0;41283796.817;14288849.645;1.828;0;15510.0;10399201.211;104;1;1;
2019-11;27926074.472;14068642.563;41994717.035;33.501;84976157.0;15779.0;41994716.132;14068642.793;0.903;0;15759.0;11039793.97;104;1;1;
2019-12;27348719.665;13602945.563;40951665.228;33.2171;85058825.0;16093.0;40951663.742;13602945.124;1.486;0;16020.0;10671707.712;104;1;0;
2020-01;27185642.313;14107051.774;41292694.087;34.1636;84798947.0;16540.0;41292693.448;14107051.21;0.639;0;16555.0;10223541.023;104;1;1;
2020-02;26977921.794;13987845.002;40965766.796;34.1452;84849691.0;16975.0;40965767.126;13987844.958;-0.33;0;16542.0;10735126.41;104;1;0;
2020-03;26823278.557;14221079.242;41044357.799;34.6481;85056590.0;17373.0;41044358.643;14221079.177;-0.844;0;17023.0;10677012.103;104;1;0;
2020-04;24899571.999;12280313.667;37179885.666;33.0295;85095485.0;17698.0;37179883.355;12280312.889;2.311;0;17611.0;10694712.699;104;1;1;
2020-05;23616628.64;12465839.363;36082468.003;34.5482;84586965.0;18105.0;36082469.59;12465840.104;-1.587;0;18004.0;8703558.073;104;1;1;
2020-06;23109588.46;12646947.49;35756535.95;35.3696;84983403.0;18523.0;35756534.609;12646947.383;1.341;0;18410.0;9216555.461;104;1;1;
2020-07;23816201.776;13980713.81;37796915.586;36.989;85277072.0;19038.0;37796917.155;13980713.982;-1.569;0;18824.0;9781495.397;104;1;1;
2020-08;24483470.982;14629613.169;39113084.151;37.4034;85762952.0;19505.0;39113082.236;14629612.477;1.915;0;19284.0;10869935.87;104;0;0;CERPRO sem LIVRE; COOPERZEM sem LIVRE; CERPALO sem LIVRE
2020-09;25437223.451;14833957.058;40271180.509;36.8352;85868569.0;20043.0;40271180.481;14833956.844;0.028;0;20049.0;11195350.435;104;1;0;
2020-10;27222051.345;15558365.197;42780416.542;36.368;86036712.0;20637.0;42780416.699;15558365.176;-0.157;0;20433.0;11524318.075;104;1;1;
2020-11;26028394.806;15286773.883;41315168.689;37.0004;86105740.0;21053.0;41315167.474;15286773.471;1.215;0;20641.0;11954539.422;104;1;1;
2020-12;26642281.902;15427664.928;42069946.83;36.6715;86349346.0;21298.0;42069946.34;15427664.802;0.49;0;18190.0;11582155.681;105;1;0;
2021-01;27312362.837;15715454.381;43027817.218;36.5239;86519382.0;21960.0;43027817.686;15715454.064;-0.468;0;16762.0;11485288.694;105;0;0;EBO sem LIVRE; EPB sem LIVRE; ESE sem LIVRE; EMR sem LIVRE
2021-02;26373542.551;15083142.674;41456685.225;36.3829;86523220.0;22757.0;41456686.504;15083142.717;-1.279;0;16918.0;11587131.804;105;0;0;ENEL RJ sem LIVRE; COORSEL cativo Regular repetido
2021-03;27591860.601;16046568.692;43638429.293;36.7716;86776643.0;23472.0;43638429.139;16046568.705;0.154;0;22716.0;11591010.031;105;0;0;EAC sem LIVRE
2021-04;26800544.758;15831877.858;42632422.616;37.1358;86743226.0;24082.0;42632423.422;15831877.91;-0.806;0;23381.0;12414817.571;105;1;1;
2021-05;24816631.506;15956487.582;40773119.088;39.1348;86849229.0;23859.0;40773119.656;15956487.827;-0.568;0;23805.0;11740890.888;105;1;1;
2021-06;24773791.949;15637686.471;40411478.42;38.6962;87125036.0;24372.0;40411477.936;15637686.546;0.484;0;24153.0;11994024.547;105;1;1;
2021-07;24210356.064;15958125.172;40168481.236;39.728;87343595.0;24693.0;40168479.453;15958124.432;1.783;0;24556.0;18720801.575;105;1;1;
2021-08;24687942.519;16186693.183;40874635.702;39.6008;87511212.0;25131.0;40874635.21;16186692.607;0.492;0;24953.0;12182672.942;105;1;1;
2021-09;25973328.134;15977485.066;41950813.2;38.0862;87596418.0;25510.0;41950812.773;15977484.928;0.427;0;24843.0;12106310.642;105;1;0;
2021-10;26082062.3;16506797.865;42588860.165;38.7585;87765234.0;26237.0;42588861.806;16506798.791;-1.641;0;25751.0;12316904.657;105;1;0;
2021-11;25491633.43;16409222.017;41900855.447;39.162;87759735.0;26253.0;41900853.432;16409221.35;2.015;0;26050.0;12482000.104;105;1;1;
2021-12;26582842.859;16297800.144;42880643.003;38.0074;87849977.0;26669.0;42880643.15;16297799.581;-0.147;0;26376.0;12429800.623;105;0;0;COPREL sem LIVRE
2022-01;26171888.002;16383590.153;42555478.155;38.4994;88500281.0;27194.0;42555480.03;16383592.04;-1.875;0;28384.0;12121150.006;105;1;0;
2022-02;25882876.583;15975267.354;41858143.937;38.1653;88570826.0;27523.0;41858143.036;15975267.956;0.901;0;28514.0;12350033.727;105;1;0;
2022-03;27505971.606;17069306.506;44575278.112;38.2932;88738863.0;27855.0;44575278.698;17069307.57;-0.586;0;27816.0;12262139.417;105;1;1;
2022-04;26286457.887;16926831.08;43213288.967;39.1704;88903431.0;28172.0;43213288.02;16926829.464;0.947;0;28125.0;13344377.34;105;0;0;COPREL sem LIVRE
2022-05;25063469.754;16946884.431;42010354.185;40.3398;89246611.0;28492.0;42010356.79;16946886.189;-2.605;0;28893.0;12614873.408;105;1;1;
2022-06;24305707.921;16590306.773;40896014.694;40.5671;89332639.0;28821.0;40896017.13;16590307.307;-2.436;0;28853.0;12656971.221;105;1;1;
2022-07;24086590.631;17132331.742;41218922.373;41.5642;89541052.0;29165.0;41218924.067;17132333.27;-1.694;0;29268.0;13298762.478;105;1;1;
2022-08;24744734.001;17367354.873;42112088.874;41.2408;89839757.0;29505.0;42112090.566;17367355.597;-1.692;0;29640.0;12672684.175;105;1;1;
2022-09;25303404.231;16991158.883;42294563.114;40.1734;89969422.0;29910.0;42294565.492;16991159.323;-2.378;0;29990.0;12978741.617;105;1;1;
2022-10;25323462.872;17220022.959;42543485.831;40.4763;90007757.0;30254.0;42543489.051;17220025.702;-3.22;0;32411.0;12663109.052;105;1;0;
2022-11;25729251.345;16972805.026;42702056.371;39.747;90165760.0;30633.0;42702057.495;16972807.122;-1.124;0;30742.0;12995326.297;105;1;1;
2022-12;26555535.795;16687580.82;43243116.615;38.5901;90406145.0;31081.0;43243117.826;16687580.995;-1.211;0;31414.0;12676536.274;105;1;1;
2023-01;25796576.763;17044805.781;42841382.544;39.7858;90619064.0;32459.0;42841385.035;17044806.011;-2.491;0;31779.0;12410363.763;105;1;1;
2023-02;26399710.971;16646639.299;43046350.27;38.6714;90705593.0;32940.0;43046349.899;16646639.594;0.371;0;32724.0;12686304.251;105;0;0;CERCI sem LIVRE; CELETRO cativo Regular repetido
2023-03;27711891.553;18104044.471;45815936.024;39.5147;90894416.0;33434.0;45815936.807;18104043.956;-0.783;0;33085.0;12802763.058;105;1;0;ELETROCAR livre Regular repetido
2023-04;27043240.775;17869866.864;44913107.639;39.7876;91135091.0;33846.0;44913106.398;17869866.084;1.241;0;33272.0;13924959.167;105;1;1;
2023-05;25434738.272;17744839.557;43179577.829;41.0954;91190509.0;34400.0;43179579.141;17744840.984;-1.312;0;33923.0;13064717.686;105;1;0;
2023-06;25181835.09;17496344.92;42678180.01;40.996;91497680.0;35043.0;42678181.65;17496346.111;-1.64;0;37998.0;13418931.865;105;1;0;
2023-07;24486740.131;17545544.399;42032284.53;41.743;91619796.0;35711.0;42032285.627;17545545.208;-1.097;0;38262.0;12908186.738;104;0;0;ENF sem LIVRE
2023-08;25303857.594;18171601.552;43475459.146;41.7974;91650564.0;36436.0;43475458.485;18171602.424;0.661;0;39415.0;13424539.094;104;1;1;
2023-09;26383325.481;18126574.284;44509899.765;40.7248;91778669.0;37278.0;44509899.627;18126575.144;0.138;0;40453.0;13789818.026;103;0;0;EBO sem LIVRE
2023-10;27597246.191;18578281.647;46175527.838;40.234;92072830.0;37941.0;46175525.419;18578280.099;2.419;0;41792.0;13712128.874;103;1;0;CETRIL livre Regular repetido
2023-11;28234627.39;18560474.072;46795101.462;39.6633;92103185.0;38569.0;46795099.918;18560473.356;1.544;0;42471.0;14092707.035;103;1;1;
2023-12;29049093.576;18355999.038;47405092.614;38.7216;92443624.0;39112.0;47405091.743;18355998.863;0.871;0;43267.0;13953497.771;103;1;1;
2024-01;28425415.534;18573197.259;46998612.793;39.5186;92516502.0;40472.0;46998611.781;18573195.904;1.012;0;44124.0;13670201.639;103;1;1;
2024-02;27917857.783;18470760.618;46388618.401;39.8174;92675634.0;42553.0;46388617.782;18470760.338;0.619;0;46822.0;14143753.793;103;1;0;EQUATORIAL PA cativo Regular repetido
2024-03;28585419.273;19359046.619;47944465.892;40.3781;92757320.0;43893.0;47944466.464;19359048.733;-0.572;0;42738.0;14315492.826;103;1;0;COSERN cativo Regular repetido
2024-04;27832669.444;19563462.729;47396132.173;41.2765;92943149.0;45489.0;47396130.817;19563462.254;1.356;0;44706.0;15177288.32;103;0;0;COOPERALIANÇA sem LIVRE
2024-05;27441987.718;19675072.679;47117060.397;41.7579;92772900.0;47432.0;47117060.582;19675072.604;-0.185;0;46289.0;15130491.302;103;1;1;
2024-06;26217687.672;19390573.33;45608261.002;42.5155;92916266.0;49257.0;45608259.784;19390573.295;1.218;0;48317.0;14853905.008;103;1;0;CEDRI cativo Regular repetido; CEDRI livre Regular repetido
2024-07;25026625.77;19815960.111;44842585.881;44.19;93234784.0;51643.0;44842586.257;19815960.311;-0.376;0;50390.0;14696804.268;103;1;0;CERGRAL livre Regular repetido
2024-08;25646286.253;20476112.532;46122398.785;44.3952;93637536.0;54065.0;46122399.943;20476112.372;-1.158;0;53744.0;15439352.199;103;1;1;
2024-09;26152440.5;20255655.974;46408096.474;43.6468;93600282.0;56618.0;46408096.769;20255656.633;-0.295;0;56063.0;15456201.338;103;1;1;
2024-10;27388599.573;20605558.024;47994157.597;42.9335;93991076.0;59156.0;47994158.482;20605558.658;-0.885;0;59593.0;15578015.472;103;0;0;CEDRI sem LIVRE
2024-11;26718921.984;20683580.043;47402502.027;43.6339;93897058.0;61340.0;47402501.115;20683578.506;0.912;0;61118.0;16231875.431;103;1;1;
2024-12;27055882.416;20351166.766;47407049.182;42.9286;93947789.0;64449.0;47407051.562;20351167.049;-2.38;0;64606.0;15793272.914;103;1;1;
2025-01;27035078.024;20562158.058;47597236.082;43.2003;93869701.0;66919.0;47597235.964;20562157.914;0.118;0;67333.0;15257357.538;103;1;0;Neoenergia Brasília livre Regular repetido
2025-02;27778085.666;20473412.635;48251498.301;42.4306;93957774.0;70090.0;48251498.143;20473412.215;0.158;0;70148.0;16049129.055;103;1;1;
2025-03;28665005.471;21401211.859;50066217.33;42.7458;94161721.0;72428.0;50066217.296;21401212.122;0.034;0;70620.0;15823701.815;103;1;0;COSERN cativo Regular repetido; CEDRAP cativo Regular repetido
2025-04;26500837.732;21331385.224;47832222.956;44.5963;94526701.0;74482.0;47832222.427;21331384.825;0.529;0;72552.0;17144981.337;103;1;1;
2025-05;25600604.882;21414285.81;47014890.692;45.5479;94583940.0;76435.0;47014891.272;21414285.915;-0.58;0;74424.0;16161319.754;103;1;1;
2025-06;24437474.936;20876702.474;45314177.41;46.071;94495499.0;78738.0;45314177.391;20876702.212;0.019;0;77343.0;16330723.615;103;1;0;CERIM livre Regular repetido
2025-07;24179631.606;21004870.07;45184501.676;46.4869;94930311.0;80486.0;45184502.081;21004870.07;-0.405;0;79388.0;15642083.137;103;1;0;COOPERSUL livre Regular repetido
2025-08;24464126.615;21427098.036;45891224.651;46.6911;94891397.0;82049.0;45891222.89;21427097.6;1.761;0;80191.0;16384931.872;103;1;0;Neoenergia PE livre Regular repetido; COOPERALIANÇA livre Regular repetido
2025-09;25147345.286;21179556.922;46326902.208;45.7176;95091159.0;83534.0;46326902.888;21179557.331;-0.68;0;82441.0;16448590.006;103;1;1;
2025-10;26101113.657;21749060.351;47850174.008;45.4524;95444715.0;84618.0;47850175.097;21749059.951;-1.089;0;84634.0;16558792.492;103;1;1;
2025-11;26026657.834;21703254.193;47729912.027;45.471;95402353.0;85619.0;47729912.783;21703254.963;-0.756;0;87299.0;17055340.116;103;1;1;
2025-12;27089918.882;21083385.009;48173303.891;43.7657;95703812.0;86459.0;48173303.281;21083384.926;0.61;0;87958.0;16399729.066;103;1;1;
2026-01;27900386.402;21256359.406;49156745.808;43.242;95807291.0;88056.0;49156745.606;21256359.722;0.202;1;87724.0;16171388.425;103;1;1;
2026-02;26391474.593;20983043.709;47374518.302;44.2918;95412260.0;89546.0;47374518.678;20983043.088;-0.376;1;88812.0;17187091.918;103;1;1;
2026-03;26998916.969;21938286.645;48937203.614;44.8295;95743410.0;89515.0;48937203.723;21938287.211;-0.109;1;89782.0;16389488.012;103;1;1;
2026-04;27330621.385;22304544.475;49635165.86;44.937;96086831.0;91223.0;49635166.888;22304545.038;-1.028;1;90253.0;17703706.04;103;1;0;
2026-05;26005998.339;22028966.853;48034965.192;45.8603;96053385.0;93096.0;48034965.326;22028967.043;-0.134;1;91783.0;17334407.993;103;1;0;CPFL JAGUARI cativo Regular repetido
2026-06;24728604.138;21474583.996;46203188.134;46.4786;96281368.0;94720.0;46203188.624;21474584.598;-0.49;1;93035.0;16873249.146;103;1;1;
2026-07;25011533.576;21884508.367;46896041.943;46.666;96800911.0;96370.0;46896044.066;21884509.776;-2.123;1;94934.0;15247393.301;103;0;0;ELEKTRO sem LIVRE; EQUATORIAL PA sem LIVRE; ELEKTRO cativo Regular repetido
2026-08;25526992.099;22329293.46;47856285.559;46.6591;96573048.0;96618.0;47856284.582;22329292.422;0.977;1;825.0;122874.775;30;0;0;CERGAPA sem LIVRE; CHESP sem LIVRE; EQUATORIAL GO sem LIVRE; RGE SUL sem LIVRE; EDP SP sem LIVRE; Âmbar Amazonas sem LIVRE; EMT sem LIVRE; EAC sem LIVRE; CPFL-PIRATINING sem LIVRE; COPEL-DIS sem LIVRE; ERO sem LIVRE; CEA sem LIVRE; EQUATORIAL MA sem LIVRE; EQUATORIAL PI sem LIVRE; CEMIG-D sem LIVRE; ENEL CE sem LIVRE; ESS sem LIVRE; Neoenergia Brasília sem LIVRE; COSERN sem LIVRE; CELESC sem LIVRE; CEEE-D sem LIVRE; EPB sem LIVRE; CERTEL ENERGIA sem LIVRE; CERAL-DIS sem LIVRE; Neoenergia PE sem LIVRE; EQUATORIAL AL sem LIVRE; ESE sem LIVRE; CERCOS sem LIVRE; SULGIPE sem LIVRE; COELBA sem LIVRE; EMS sem LIVRE; EMR sem LIVRE; DMED sem LIVRE; ETO sem LIVRE; ELFSM sem LIVRE; CERCI sem LIVRE; EDP ES sem LIVRE; CERES sem LIVRE; ENEL RJ sem LIVRE; CPFL-PAULISTA sem LIVRE; CERPRO sem LIVRE; CERRP sem LIVRE; CETRIL sem LIVRE; CERIPa sem LIVRE; CERIM sem LIVRE; CERMC sem LIVRE; CEMIRIM sem LIVRE; CPFL JAGUARI sem LIVRE; CERIS sem LIVRE; CEDRAP sem LIVRE; LIGHT SESA sem LIVRE; ELETROPAULO sem LIVRE; COOPERMILA sem LIVRE; COOPERA sem LIVRE; COOPERALIANÇA sem LIVRE; DCELT sem LIVRE; EFLJC sem LIVRE; CERBRANORTE sem LIVRE; EFLUL sem LIVRE; CERMOFUL sem LIVRE; CERILUZ sem LIVRE; CELETRO sem LIVRE; COOPERNORTE sem LIVRE; CRELUZ-D sem LIVRE; HIDROPAN sem LIVRE; DEMEI sem LIVRE; COOPERLUZ sem LIVRE; CERMISSÕES sem LIVRE; CERFOX sem LIVRE
