ano;cnpj;sigla;nome;meses;completo;livre_mwh;cativo_mwh;livre_pct_faturada;livre_uc_dez;livre_uc_dez_anterior;variacao_livre_uc;livre_uc_incentivada_dez;livre_uc_convencional_dez;livre_uc_autoproducao_dez;cativo_uc_dez;meses_repetidos
2025;06981180000116;CEMIG-D;CEMIG DISTRIBUIÇÃO S.A;12;1;25072417.7;22219714.2;53.02;6956.0;5177.0;1779.0;6067.0;121.0;762.0;9623199.0;
2025;61695227000193;ELETROPAULO;ELETROPAULO METROPOLITANA ELETRICIDADE DE SAO PAULO S.A.;12;1;16186481.3;27443947.8;37.1;7582.0;6200.0;1382.0;7322.0;61.0;197.0;8821378.0;
2025;33050196000188;CPFL-PAULISTA;COMPANHIA PAULISTA DE FORCA E LUZ;12;1;15913732.1;17635125.0;47.43;9688.0;5819.0;3869.0;9557.0;127.0;;5035943.0;
2025;04368898000106;COPEL-DIS;COPEL DISTRIBUIÇÃO S.A.;12;1;15636458.8;17159811.2;47.68;7240.0;4902.0;2338.0;;7240.0;;5290655.0;
2025;08336783000190;CELESC;CELESC DISTRIBUICAO S.A;12;1;12584954.1;14882244.3;45.82;4307.0;3091.0;1216.0;4056.0;79.0;172.0;3523316.0;
2025;60444437000146;LIGHT SESA;LIGHT SERVICOS DE ELETRICIDADE S A;12;1;10921394.8;12889487.2;45.87;3885.0;3085.0;800.0;3852.0;33.0;;4021425.0;
2025;02328280000197;ELEKTRO;ELEKTRO REDES S.A.;12;1;10159446.3;9519016.0;51.63;3838.0;2672.0;1166.0;3671.0;66.0;101.0;3041598.0;
2025;02302100000106;EDP SP;EDP SAO PAULO DISTRIBUICAO DE ENERGIA S.A.;12;1;9382168.9;7263544.8;56.36;2560.0;1852.0;708.0;2469.0;66.0;25.0;2214153.0;
2025;04172213000151;CPFL-PIRATINING;COMPANHIA PIRATININGA DE FORCA E LUZ;12;1;8644086.5;7051987.4;55.07;3485.0;2321.0;1164.0;3390.0;91.0;;1964617.0;
2025;02016440000162;RGE SUL;RGE SUL DISTRIBUIDORA DE ENERGIA S.A.;12;1;7851344.6;10557185.7;42.65;5463.0;4674.0;789.0;5414.0;48.0;;3133662.0;
2025;15139629000194;COELBA;COMPANHIA DE ELETRICIDADE DO ESTADO DA BAHIA COELBA;12;1;7665965.5;15686182.0;32.83;3588.0;2686.0;902.0;3514.0;11.0;62.0;6883073.0;
2025;28152650000171;EDP ES;EDP ESPIRITO SANTO DISTRIBUICAO DE ENERGIA S.A.;12;1;5547790.4;5720506.5;49.23;1848.0;1381.0;467.0;1784.0;16.0;48.0;1801215.0;
2025;10835932000108;Neoenergia PE;COMPANHIA ENERGETICA DE PERNAMBUCO;12;1;5193961.3;9293655.7;35.85;2565.0;3424.0;-859.0;2422.0;41.0;102.0;4251280.0;2025-08 (livre)
2025;01543032000104;EQUATORIAL GO;EQUATORIAL GOIAS DISTRIBUIDORA DE ENERGIA S/A;12;1;5169355.8;11282226.6;31.42;2179.0;1523.0;656.0;2080.0;94.0;;3504041.0;
2025;07047251000170;ENEL CE;COMPANHIA ENERGETICA DO CEARA;12;1;3971935.2;10013242.5;28.4;2547.0;1597.0;950.0;2489.0;58.0;;3975060.0;
2025;33050071000158;ENEL RJ;AMPLA ENERGIA E SERVICOS S.A.;12;1;3815236.2;7257372.5;34.46;2299.0;1853.0;446.0;2228.0;71.0;;2740258.0;
2025;03467321000199;EMT;ENERGISA MATO GROSSO - DISTRIBUIDORA DE ENERGIA S.A.;12;1;3648060.2;6835082.4;34.8;2113.0;1255.0;858.0;2096.0;17.0;;1727652.0;
2025;02341467000120;Âmbar Amazonas;AMBAR ENERGIA AMAZONAS S.A.;12;1;2893740.5;4689107.1;38.16;780.0;587.0;193.0;692.0;22.0;66.0;1055905.0;
2025;04895728000180;EQUATORIAL PA;EQUATORIAL PARA DISTRIBUIDORA DE ENERGIA S.A.;12;1;2786588.5;7948050.7;25.96;1923.0;1248.0;675.0;1907.0;16.0;;3092085.0;
2025;08467115000100;CEEE-D;COMPANHIA ESTADUAL DE DISTRIBUICAO DE ENERGIA ELETRICA - CEEE-D;12;1;2310070.8;6316413.1;26.78;1718.0;1356.0;362.0;1708.0;10.0;;2002075.0;
2025;15413826000150;EMS;ENERGISA MATO GROSSO DO SUL - DISTRIBUIDORA DE ENERGIA S.A.;12;1;2090512.8;3688231.5;36.18;1132.0;748.0;384.0;1121.0;11.0;;1171418.0;
2025;08324196000181;COSERN;COMPANHIA ENERGÉTICA DO RIO GRANDE DO NORTE COSERN;12;1;2050052.7;4055157.2;33.58;866.0;618.0;248.0;849.0;4.0;13.0;1609038.0;2025-03 (cativo)
2025;07282377000120;ESS;ENERGISA SUL-SUDESTE - DISTRIBUIDORA DE ENERGIA S.A.;12;1;1859561.0;2868002.4;39.33;991.0;686.0;305.0;983.0;8.0;;898091.0;
2025;07522669000192;Neoenergia Brasília;NEOENERGIA DISTRIBUICAO BRASILIA S.A.;12;1;1730900.4;4694476.0;26.94;914.0;630.0;284.0;908.0;2.0;4.0;1192531.0;2025-01 (livre)
2025;53859112000169;CPFL JAGUARI;COMPANHIA JAGUARI DE ENERGIA;12;1;1386962.1;1877999.9;42.48;898.0;486.0;412.0;890.0;8.0;;518398.0;
2025;09095183000140;EPB;ENERGISA PARAIBA - DISTRIBUIDORA DE ENERGIA S.A;12;1;1383867.0;4770711.0;22.49;728.0;462.0;266.0;704.0;24.0;;1923781.0;
2025;12272084000100;EQUATORIAL AL;EQUATORIAL ALAGOAS DISTRIBUIDORA DE ENERGIA S.A.;12;1;1303579.2;3135150.4;29.37;582.0;472.0;110.0;580.0;2.0;;1416848.0;
2025;06272793000184;EQUATORIAL MA;EQUATORIAL MARANHÃO DISTRIBUIDORA DE ENERGIA S.A;12;1;1171191.9;7154566.6;14.07;1110.0;813.0;297.0;1106.0;4.0;;2851408.0;
2025;13017462000163;ESE;ENERGISA SERGIPE - DISTRIBUIDORA DE ENERGIA S.A;12;1;955016.4;2330517.7;29.07;495.0;364.0;131.0;485.0;10.0;;916638.0;
2025;25086034000171;ETO;ENERGISA TOCANTINS DISTRIBUIDORA DE ENERGIA S.A.;12;1;730030.5;2316556.8;23.96;462.0;295.0;167.0;459.0;3.0;;701649.0;
2025;05914650000166;ERO;ENERGISA RONDONIA - DISTRIBUIDORA DE ENERGIA S.A;12;1;674002.1;3133661.4;17.7;434.0;229.0;205.0;431.0;3.0;;738018.0;
2025;19527639000158;EMR;ENERGISA MINAS RIO - DISTRIBUIDORA DE ENERGIA S.A.;12;1;626185.1;1324069.0;32.11;389.0;286.0;103.0;386.0;3.0;;618116.0;
2025;06840748000189;EQUATORIAL PI;EQUATORIAL PIAUI DISTRIBUIDORA DE ENERGIA S.A;12;1;586912.3;3663946.3;13.81;595.0;412.0;183.0;595.0;;;1579296.0;
2025;23664303000104;DMED;DME DISTRIBUICAO S.A. - DMED;12;1;353986.0;267764.5;56.93;72.0;54.0;18.0;65.0;5.0;2.0;89674.0;
2025;13255658000196;SULGIPE;COMPANHIA SUL SERGIPANA DE ELETRICIDADE;12;1;230792.4;330115.1;41.15;54.0;50.0;4.0;50.0;4.0;;175772.0;
2025;90660754000160;COPREL;COPREL COOPERATIVA DE ENERGIA;12;1;211216.3;354975.5;37.3;211.0;181.0;30.0;211.0;;;59833.0;
2025;75805895000130;COCEL;COMPANHIA CAMPOLARGUENSE DE ENERGIA COCEL;12;1;183544.0;197683.1;48.15;88.0;59.0;29.0;86.0;2.0;;60369.0;
2025;83855973000130;DCELT;DCELT DISTRIBUIDORA CATARINENSE DE ENERGIA ELETRICA S/A;12;1;169417.4;176954.3;48.91;59.0;42.0;17.0;58.0;1.0;;42040.0;
2025;86444163000189;CEGERO;COOPERATIVA DE ELETRICIDADE DE SÃO LUDGERO;12;1;147384.6;59518.3;71.23;52.0;31.0;21.0;52.0;;;7255.0;
2025;04065033000170;EAC;ENERGISA ACRE - DISTRIBUIDORA DE ENERGIA S.A;12;1;137485.3;1099861.3;11.11;148.0;99.0;49.0;148.0;;;309892.0;
2025;09257558000121;CERTEL ENERGIA;COOPERATIVA DE DISTRIBUIÇÃO DE ENERGIA TEUTÔNIA;12;1;126876.2;339097.3;27.23;97.0;69.0;28.0;97.0;;;77321.0;
2025;05965546000109;CEA;COMPANHIA DE ELETRICIDADE DO AMAPA CEA;12;1;121321.7;1218855.8;9.05;117.0;90.0;27.0;116.0;1.0;;270278.0;
2025;27485069000109;ELFSM;EMPRESA LUZ E FORCA SANTA MARIA S A;12;1;120155.6;497108.5;19.47;121.0;130.0;-9.0;121.0;;;128988.0;
2025;83647990000181;COOPERALIANÇA;COOPERATIVA ALIANCA;12;1;118686.0;177969.7;40.01;38.0;37.0;1.0;38.0;;;46239.0;2025-08 (livre)
2025;86532348000145;COOPERCOCAL;COOPERATIVA ENERGÉTICA COCAL;12;1;109398.4;54865.8;66.6;24.0;21.0;3.0;24.0;;;12230.0;
2025;86533346000170;CERMOFUL;COOPERATIVA FUMACENSE DE ELETRICIDADE - CERMOFUL ENERGIA;12;1;85613.5;79467.2;51.86;46.0;33.0;13.0;46.0;;;16849.0;
2025;88446034000155;ELETROCAR;CENTRAIS ELÉTRICAS DE CARAZINHO SA;12;1;81793.9;144799.6;36.1;70.0;58.0;12.0;70.0;;;40372.0;
2025;86531175000140;EFLUL;EMPRESA FORCA E LUZ DE URUSSANGA LTDA;12;1;79091.3;29923.5;72.55;17.0;16.0;1.0;17.0;;;7743.0;
2025;52777034000190;CEMIRIM;COOPERATIVA DE ELETRIFICAÇÃO E DESENVOLVIMENTO DA REGIÃO DE MOGI MIRIM;12;1;78971.1;120467.4;39.6;37.0;32.0;5.0;37.0;;;17907.0;
2025;87656989000174;CERILUZ;COOPERATIVA REGIONAL DE ENERGIA E DESENVOLVIMENTO IJUÍ LTDA;12;1;78061.4;97469.7;44.47;34.0;30.0;4.0;34.0;;;15272.0;
2025;44560381000139;CERPRO;COOPERATIVA DE ELETRIFICACAO RURAL DA REGIAO DE PROMISSAO;12;1;61178.7;10553.0;85.29;3.0;3.0;0.0;3.0;;;2139.0;
2025;91982348000187;HIDROPAN;HIDROPAN DISTRIBUIÇÃO DE ENERGIA S.A.;12;1;57610.9;82304.3;41.18;21.0;17.0;4.0;20.0;;1.0;20557.0;
2025;79850574000109;PACTO ENERGIA PR;FORCA E LUZ CORONEL VIVIDA LTDA;12;1;53288.8;26805.9;66.53;16.0;16.0;0.0;16.0;;;8991.0;
2025;98042963000152;CERTHIL;COOPERATIVA DE DISTRIBUIÇÃO DE ENERGIA ENTRE RIOS LTDA;12;1;45644.9;44189.3;50.81;5.0;4.0;1.0;5.0;;;8762.0;
2025;11810343000138;CODESAM;COOPERATIVA DE DISTRIBUIÇÃO DE ENERGIA ELÉTRICA SANTA MARIA;12;1;44814.8;15737.3;74.01;4.0;4.0;0.0;4.0;;;1390.0;
2025;97578090000134;MUXENERGIA;MUXFELDT MARIN E CIA LTDA;12;1;44323.3;41624.8;51.57;10.0;8.0;2.0;10.0;;;13242.0;
2025;97839922000129;CERTAJA;COOPERATIVA REGIONAL DE ENERGIA TAQUARI JACUÍ;12;1;43101.8;104218.9;29.26;33.0;22.0;11.0;33.0;;;26938.0;
2025;89435598000155;Não Informado;CRERAL - COOPERATIVA REGIONAL DE ELETRIFICACAO RURAL DO ALTO URUGUAI;12;1;43083.3;57870.5;42.68;10.0;2.0;8.0;10.0;;;8081.0;
2025;83646653000170;COOPERA;COOPERATIVA PIONEIRA DE ELETRIFICAÇÃO - COOPERA;12;1;36264.7;333898.8;9.8;10.0;6.0;4.0;10.0;;;28592.0;
2025;86433042000131;CERBRANORTE;COOPERATIVA DE ELETRIFICAÇÃO DE BRAÇO DO NORTE;12;1;31170.5;123006.0;20.22;19.0;14.0;5.0;19.0;;;18611.0;
2025;86448057000173;COORSEL;COOPERATIVA REGIONAL SUL DE ELETRIFICACAO RURAL;12;1;28226.8;40064.6;41.33;17.0;12.0;5.0;17.0;;;9721.0;
2025;86512670000102;CERSUL;CERSUL - COOPERATIVA DE DISTRIBUIÇÃO DE ENERGIA;12;1;26848.1;123362.2;17.87;11.0;6.0;5.0;11.0;;;19161.0;
2025;30460297000139;CASTRO-DIS;COOPERATIVA DE DISTRIBUICAO DE ENERGIA ELETRICA DE CASTRO;12;1;26343.2;31070.3;45.88;9.0;2.0;7.0;9.0;;;2372.0;
2025;85665990000130;CEJAMA;CEJAMA - COOPERATIVA DE ELETRICIDADE JACINTO MACHADO;12;1;25918.9;23539.4;52.41;9.0;6.0;3.0;9.0;;;5787.0;
2025;86439510000185;CERGAL;COOPERATIVA DE ELETRIFICACAO ANITA GARIBALDI;12;1;24315.1;56639.5;30.04;15.0;10.0;5.0;15.0;;;20940.0;
2025;91950261000128;CRELUZ-D;CRELUZ - COOPERATIVA DE DISTRIBUICAO DE ENERGIA;12;1;21648.1;112052.5;16.19;23.0;19.0;4.0;23.0;;;25847.0;
2025;95289500000100;DEMEI;DEPARTAMENTO MUNICIPAL DE ENERGIA DE IJUI;12;1;21298.4;138336.4;13.34;29.0;17.0;12.0;29.0;;;36239.0;
2025;89889604000144;UHENPAL;NOVA PALMA ENERGIA LTDA;12;1;21294.4;64435.1;24.84;28.0;22.0;6.0;28.0;;;17451.0;
2025;46598678000119;CERRP;COOPERATIVA DE ELETRIFICAÇÃO E DESENVOLVIMENTO DA REGIÃO DE SÃO JOSÉ DO RIO PRETO-CERRP;12;1;21116.5;67450.9;23.84;10.0;8.0;2.0;10.0;;;16251.0;
2025;49606312000132;CERIPa;COOP DE ELET RURAL DE ITAI PARANAPANEMA AVARE LTDA;12;1;19016.9;159206.4;10.67;13.0;11.0;2.0;13.0;;;15326.0;
2025;50105865000190;CEDRI;COOPERATIVA DE ELETRIFICAÇÃO E DISTRIBUIÇÃO DA REGIÃO DE ITARIRI;12;1;18689.8;12642.2;59.65;3.0;2.0;1.0;3.0;;;4239.0;
2025;01377555000110;CHESP;COMPANHIA HIDROELETRICA SAO PATRICIO - CHESP;12;1;16742.1;125029.1;11.81;10.0;8.0;2.0;10.0;;;41120.0;
2025;09364804000144;Ceraçá;CERACA - COOPERATIVA DISTRIBUIDORA DE ENERGIA VALE DO ARACA;12;1;16610.7;78037.1;17.55;7.0;4.0;3.0;7.0;;;13347.0;
2025;60196987000193;CEDRAP;COOPERATIVA DE ELETRIFICACAO DA REGIAO DO ALTO PARAIBA;12;1;14769.1;24283.2;37.82;10.0;8.0;2.0;10.0;;;7804.0;2025-03 (cativo)
2025;78829843000192;COOPERZEM;COOPERZEM COOPERATIVA DE DISTRIBUIÇÃO DE ENERGIA ELÉTRICA;12;1;13522.2;46473.9;22.54;7.0;6.0;1.0;7.0;;;9072.0;
2025;55188502000180;CERVAM;COOPERATIVA DE ENERGIZAÇÃO E DE DESENVOLVIMENTO DO VALE DO MOGI;12;1;12551.3;23785.3;34.54;14.0;11.0;3.0;14.0;;;4846.0;
2025;97081434000103;CERMISSÕES;COOPERATIVA DE DISTRIBUIÇÃO E GERAÇÃO DE ENERGIA DAS MISSÕES - CERMISSÕES;12;1;12314.1;170686.9;6.73;32.0;27.0;5.0;32.0;;;28979.0;
2025;76583962000182;CERTREL;COOPERATIVA DE ENERGIA TREVISO;12;1;12123.1;22922.3;34.59;12.0;5.0;7.0;12.0;;;4776.0;
2025;52548732000114;CERMC;COOPERATIVA DE ELETRIFICACAO E DESENVOLVIMENTO DA REGIAO DE MOGI DAS CRUZES;12;1;11134.7;12574.5;46.96;3.0;3.0;0.0;3.0;;;3583.0;
2025;50235449000107;CERIM;COOPERATIVA DE ELETRIFICAO E DESENVOLVIMENTO DA REGIAO DE ITU MAIRINQUE;12;1;10382.2;52028.9;16.64;7.0;5.0;2.0;7.0;;;17137.0;2025-06 (livre)
2025;87776043000141;CELETRO;COOPERATIVA DE ELETRIFICAÇÃO CENTRO JACUÍ LTDA;12;1;8547.8;84007.1;9.24;20.0;15.0;5.0;20.0;;;24183.0;
2025;86301124000122;EFLJC;EMPRESA FORCA E LUZ JOAO CESA LTDA;12;1;8456.0;14896.0;36.21;7.0;5.0;2.0;7.0;;;4026.0;
2025;85318640000105;CERPALO;COOPERATIVA DE ELETRICIDADE DE PAULO LOPES;12;1;8338.6;63513.6;11.61;16.0;13.0;3.0;16.0;;;17893.0;
2025;82574864000181;CEREJ;COOPERATIVA DE PRESTACAO DE SERVICOS PUBLICOS DE DISTRIBUICAO DE ENERGIA ELETRICA SENADOR ESTEVES JUNIOR - CEREJ;12;1;7633.1;53441.8;12.5;4.0;2.0;2.0;4.0;;;16873.0;
2025;97505838000179;CERFOX;CERFOX - COOPERATIVA DE DISTRIBUICAO DE ENERGIA FONTOURA XAVIER;12;1;7382.3;58313.4;11.24;16.0;15.0;1.0;16.0;;;16192.0;
2025;01229747000189;CERGAPA;COOPERATIVA DE ELETRICIDADE GRÃO PARÁ;12;1;6815.0;27750.3;19.72;2.0;1.0;1.0;2.0;;;4106.0;
2025;49313653000110;CETRIL;COOPERATIVA DE ELETRIFICACAO DE IBIUNA E REGIAO;12;1;6502.8;90451.5;6.71;4.0;3.0;1.0;4.0;;;34089.0;
2025;86449170000173;CERGRAL;COOPERATIVA DE ELETRICIDADE DE GRAVATAL;12;1;5964.4;27591.9;17.77;8.0;5.0;3.0;8.0;;;7235.0;
2025;95824322000161;COOPERLUZ;COOPERLUZ - COOPERATIVA DISTRIBUIDORA DE ENERGIA FRONTEIRA NOROESTE;12;1;5669.2;77712.0;6.8;4.0;4.0;0.0;4.0;;;17669.0;
2025;27707397000102;CERCI;COOPERATIVA DE ELETRIFICACAO RURAL CACHOEIRAS ITABORAI LTDA;12;1;5210.0;41175.2;11.23;8.0;7.0;1.0;8.0;;;18373.0;
2025;75568154000183;COOPERMILA;COOPERATIVA DE ELETRIFICAÇÃO LAURO MULLER;12;1;4361.6;14697.5;22.88;2.0;1.0;1.0;2.0;;;1453.0;
2025;28610236000169;CERAL ARARUAMA;COOPERATIVA DE ELETRIFICAÇÃO RURAL DE ARARUAMA LTDA;12;1;2507.2;19948.3;11.17;5.0;4.0;1.0;5.0;;;7962.0;
2025;11615872000180;CERSAD DISTRIBUI;COOPERATIVA DE DISTRIBUIÇÃO DE ENERGIA ELÉTRICA SALTO DONNER;12;1;2440.3;7388.1;24.83;1.0;1.0;0.0;1.0;;;1419.0;
2025;31465487000101;CERES;COOPERATIVA DE ELETRIFICACAO RURAL DE RESENDE LTDA;12;1;1958.3;19264.5;9.23;8.0;2.0;6.0;8.0;;;6162.0;
2025;75826404000138;CERAL ANITÁPOLIS;COOPERATIVA DE DISTRIBUICAO DE ENERGIA ELETRICA DE ANITAPOLIS - CERAL;12;1;522.1;11901.1;4.2;1.0;;;1.0;;;4035.0;
2025;88022918000182;COOPERNORTE;COOPERATIVA REGIONAL DE DISTRIBUICAO DE ENERGIA DO LITORAL NORTE - COOPERNORTE;12;1;472.8;17642.5;2.61;1.0;1.0;0.0;1.0;;;7306.0;
2025;13107842000199;CERCOS;COOPERATIVA DE ELETRIFICACAO E DESENVOLVIMENTO RURAL CENTRO SUL DE SERGIPE LTDA;12;1;431.9;12659.6;3.3;1.0;1.0;0.0;1.0;;;7149.0;
2025;87462750000163;COOPERSUL;COOPERATIVA REGIONAL DE ELETRIFICAÇÃO RURAL FRONTEIRA SUL LTDA;12;1;360.6;22393.6;1.58;1.0;1.0;0.0;1.0;;;5890.0;2025-07 (livre)
2025;02341470000144;ÂMBAR ENERGIA RR;RORAIMA ENERGIA S.A;12;1;;1281358.7;;;;;;;;219097.0;
2025;10532365000110;CERAL-DIS;COOPERATIVA DE DISTRIBUICAO DE ENERGIA ELETRICA DE ARAPOTI;12;1;;34649.3;;4.0;1.0;3.0;4.0;;;1152.0;
2025;53176038000186;CERNHE;COOPERATIVA DE ELETRIFICACAO E DESENVOLVIMENTO RURAL DA REGIAO DE NOVO HORIZONTE;12;1;;23190.6;;;;;;;;4826.0;
2025;57384943000182;CERIS;COOPERATIVA DE ELETRIFICAÇÃO DA REGIÃO DE ITAPECERICA DA SERRA;12;1;;17197.1;;;;;;;;7009.0;
2025;78274610000170;CEPRAG;COOPERATIVA DE ELETRICIDADE PRAIA GRANDE;12;1;;68922.9;;;;;;;;22328.0;
