nivel;chave;sigla;ano;mes_fim;meses_ou_n;comparavel;perdas_totais_mwh;injetada_referencia_mwh;taxa_total_pct;pnt_bt_pct;perdas_totais_mwh_ano_anterior;injetada_referencia_mwh_ano_anterior;taxa_total_pct_ano_anterior;pnt_bt_pct_ano_anterior;alertas
universo;concessionarias;;2026;7;49;1;54024284;365750482;14.77;;52639246;357004966;14.74;13.76;
universo;permissionarias;;2026;7;29;1;310089;2704292;11.47;;310418;2614999;11.87;2.39;
universo;todas;;2026;7;78;1;54334373;368454774;14.75;;52949665;359619964;14.72;13.7;
distribuidora;30460297000139;CASTRO-DIS;2026;7;7;0;1205;39801;3.03;;-847;38215;-2.22;;balanco_nao_fecha,perda_total_negativa
distribuidora;05965546000109;CEA;2026;7;7;1;318778;1141425;27.93;;345722;1110261;31.14;;
distribuidora;60196987000193;CEDRAP;2026;7;7;1;11332;35275;32.12;;5140;28607;17.97;;
distribuidora;50105865000190;CEDRI;2026;7;7;0;709;18456;3.84;;-1485;20019;-7.42;;balanco_nao_fecha,perda_total_negativa
distribuidora;08467115000100;CEEE-D;2026;7;7;1;793390;6523324;12.16;;848845;6486641;13.09;;
distribuidora;86444163000189;CEGERO;2026;7;7;1;6830;139842;4.88;;6019;129943;4.63;;
distribuidora;85665990000130;CEJAMA;2026;7;7;0;1257;34063;3.69;;1791;29694;6.03;;
distribuidora;08336783000190;CELESC-DIS;2026;7;7;1;1419675;20786503;6.83;;1402550;20454120;6.86;;
distribuidora;87776043000141;CELETRO;2026;7;7;1;11191;81314;13.76;;11398;81442;13.99;;
distribuidora;06981180000116;CEMIG-D;2026;7;7;1;4131436;35352704;11.69;;4263126;35435411;12.03;;
distribuidora;52777034000190;CEMIRIM;2026;7;7;1;58400;187348;31.17;;53555;176677;30.31;;
distribuidora;78274610000170;CEPRAG;2026;7;7;1;8088;55931;14.46;;8233;52637;15.64;;
distribuidora;75826404000138;CERAL ANITÁPOLIS;2026;7;7;0;3405;12752;26.7;;2128;4234;50.25;;balanco_nao_fecha,fornecida_maior_que_injetada
distribuidora;28610236000169;CERAL ARARUAMA;2026;7;7;0;-1052;14381;-7.31;;3909;17313;22.58;;fornecida_maior_que_injetada,perda_total_negativa
distribuidora;10532365000110;CERAL-DIS;2026;7;7;0;2609;26727;9.76;;2552;;;;
distribuidora;09364804000144;CERAÇÁ;2026;7;7;1;10780;86914;12.4;;8800;77942;11.29;;
distribuidora;86433042000131;CERBRANORTE;2026;7;7;1;9541;128565;7.42;;17961;128637;13.96;;
distribuidora;27707397000102;CERCI;2026;7;7;1;5435;36266;14.99;;4951;35910;13.79;;
distribuidora;13107842000199;CERCOS;2026;7;7;1;944;9933;9.51;;1073;9310;11.52;1.53;
distribuidora;82574864000181;CEREJ;2026;7;7;0;12049;54563;22.08;;11539;50830;22.7;11.28;balanco_nao_fecha
distribuidora;31465487000101;CERES;2026;7;7;1;795;14643;5.43;;1131;14576;7.76;;
distribuidora;97505838000179;CERFOX;2026;7;7;0;5551;55771;9.95;;4717;48255;9.78;;balanco_nao_fecha
distribuidora;86439510000185;CERGAL;2026;7;7;1;4196;58544;7.17;;4615;56419;8.18;;
distribuidora;01229747000189;CERGAPA;2026;7;7;0;2607;26528;9.83;;-544;21689;-2.51;;balanco_nao_fecha,fornecida_maior_que_injetada,perda_total_negativa
distribuidora;86449170000173;CERGRAL;2026;7;7;1;1728;23579;7.33;;1882;22649;8.31;;
distribuidora;87656989000174;CERILUZ;2026;7;7;1;7821;132442;5.91;;7905;126473;6.25;;
distribuidora;50235449000107;CERIM;2026;7;7;1;9167;48709;18.82;;3028;40694;7.44;;
distribuidora;49606312000132;CERIPA;2026;7;7;1;4481;122471;3.66;;13419;128976;10.4;;
distribuidora;57384943000182;CERIS;2026;7;7;1;5080;15366;33.06;;4403;14348;30.69;;
distribuidora;52548732000114;CERMC;2026;7;7;0;1396;15991;8.73;;5147;13800;37.3;;balanco_nao_fecha
distribuidora;97081434000103;CERMISSÕES;2026;7;7;1;13567;138618;9.79;;13115;139632;9.39;;
distribuidora;86533346000170;CERMOFUL;2026;7;7;0;14995;122848;12.21;;7830;101275;7.73;;balanco_nao_fecha
distribuidora;53176038000186;CERNHE;2026;7;7;1;1446;13444;10.76;;2285;15508;14.74;;
distribuidora;85318640000105;CERPALO;2026;7;7;0;10964;60792;18.04;;10003;58314;17.15;11.68;balanco_nao_fecha
distribuidora;44560381000139;CERPRO;2026;7;7;0;99;49551;0.2;;-4511;11451;-39.39;;balanco_nao_fecha,fornecida_maior_que_injetada,perda_total_negativa
distribuidora;46598678000119;CERRP;2026;7;7;1;15704;73644;21.32;;15664;72793;21.52;;
distribuidora;11615872000180;CERSAD DISTRIBUIDORA;2026;7;7;0;410;6987;5.87;;513;6722;7.63;;balanco_nao_fecha
distribuidora;86512670000102;CERSUL;2026;7;7;1;6344;107548;5.9;;7955;107340;7.41;;
distribuidora;97839922000129;CERTAJA;2026;7;7;0;7378;104381;7.07;;26079;101851;25.6;31.95;balanco_nao_fecha
distribuidora;09257558000121;CERTEL ENERGIA;2026;7;7;1;27244;349897;7.79;;25286;332900;7.6;2.45;
distribuidora;98042963000152;CERTHIL;2026;7;7;0;991;60462;1.64;;-19222;53064;-36.22;;balanco_nao_fecha,fornecida_maior_que_injetada,perda_total_negativa
distribuidora;76583962000182;CERTREL;2026;7;7;0;1330;20457;6.5;;932;26542;3.51;;balanco_nao_fecha
distribuidora;55188502000180;CERVAM;2026;7;7;1;1424;22385;6.36;;1862;22730;8.19;;
distribuidora;49313653000110;CETRIL;2026;7;7;1;9215;69728;13.22;;9248;68358;13.53;;
distribuidora;01377555000110;CHESP;2026;7;7;1;12274;108114;11.35;;10054;102120;9.85;;
distribuidora;75805895000130;COCEL;2026;7;7;0;20970;252531;8.3;;23163;242300;9.56;6.77;balanco_nao_fecha,representacoes_conflitantes
distribuidora;11810343000138;CODESAM;2026;7;7;0;1881;40387;4.66;;1135;32570;3.48;;
distribuidora;15139629000194;COELBA;2026;7;7;1;3601157;18542919;19.42;;3477643;17998137;19.32;21.28;
distribuidora;83646653000170;COOPERA;2026;7;7;0;13301;241045;5.52;;14422;238443;6.05;6.24;balanco_nao_fecha
distribuidora;83647990000181;COOPERALIANÇA;2026;7;7;1;15638;207974;7.52;;15300;196107;7.8;3.31;
distribuidora;86532348000145;COOPERCOCAL;2026;7;7;1;3811;102505;3.72;;3934;101132;3.89;;
distribuidora;95824322000161;COOPERLUZ;2026;7;7;1;7065;67941;10.4;;6219;62379;9.97;;
distribuidora;75568154000183;COOPERMILA;2026;7;7;1;628;10111;6.21;;790;13620;5.8;;
distribuidora;88022918000182;COOPERNORTE;2026;7;7;0;1949;14270;13.66;;995;12970;7.67;-3.86;balanco_nao_fecha
distribuidora;87462750000163;COOPERSUL;2026;7;7;1;2982;19146;15.58;;3181;18604;17.1;;
distribuidora;78829843000192;COOPERZEM;2026;7;7;0;6971;53160;13.11;;6028;46250;13.03;8.91;balanco_nao_fecha
distribuidora;86448057000173;COORSEL;2026;7;7;0;-7517;37991;-19.79;;857;20359;4.21;;balanco_nao_fecha,fornecida_maior_que_injetada,perda_total_negativa
distribuidora;04368898000106;COPEL-DIS;2026;7;7;1;1762858;24332983;7.24;;1736988;23281041;7.46;3.85;
distribuidora;90660754000160;COPREL;2026;7;7;1;55891;445176;12.55;;58930;433982;13.58;2.36;
distribuidora;08324196000181;COSERN;2026;7;7;1;549015;4740296;11.58;;485729;4549307;10.68;6.07;
distribuidora;53859112000169;CPFL JAGUARI;2026;7;7;1;193434;2269932;8.52;;205371;2288695;8.97;;
distribuidora;33050196000188;CPFL-PAULISTA;2026;7;7;1;2684821;23674801;11.34;;2517546;23310549;10.8;;
distribuidora;04172213000151;CPFL-PIRATINING;2026;7;7;1;998601;10733418;9.3;;981958;10634582;9.23;;
distribuidora;91950261000128;CRELUZ-D;2026;7;7;1;8959;107010;8.37;;8436;100779;8.37;;
distribuidora;89435598000155;CRERAL;2026;7;7;0;6762;74186;9.11;;6213;57320;10.84;;balanco_nao_fecha,fornecida_maior_que_injetada
distribuidora;83855973000130;DCELT;2026;7;5;0;54967;222784;24.67;;23424;250243;9.36;4.88;balanco_nao_fecha
distribuidora;95289500000100;DEMEI;2026;7;7;1;7390;117318;6.3;;8950;117432;7.62;;
distribuidora;23664303000104;DMED;2026;7;7;1;13552;391693;3.46;;13968;374773;3.73;-1.99;
distribuidora;04065033000170;EAC;2026;7;7;1;153346;939478;16.32;;134672;897586;15.0;8.81;
distribuidora;28152650000171;EDP ES;2026;7;7;1;945576;8797040;10.75;;842978;8184807;10.3;8.59;
distribuidora;02302100000106;EDP SP;2026;7;7;1;765794;11108469;6.89;;904953;11058518;8.18;12.37;
distribuidora;86301124000122;EFLJC;2026;7;7;1;675;13957;4.84;;734;14991;4.9;1.8;
distribuidora;86531175000140;EFLUL;2026;7;7;1;1105;59423;1.86;;2152;68523;3.14;-2.33;
distribuidora;02328280000197;ELEKTRO;2026;7;7;1;1275715;13570666;9.4;;1219089;13394277;9.1;8.06;
distribuidora;88446034000155;ELETROCAR;2026;7;7;1;13325;166479;8.0;;16561;165920;9.98;6.29;
distribuidora;61695227000193;ELETROPAULO;2026;7;7;1;3638082;29974398;12.14;;3452155;29697748;11.62;;
distribuidora;27485069000109;ELFSM;2026;7;7;1;51976;491242;10.58;;60517;475549;12.73;5.38;
distribuidora;19527639000158;EMR;2026;7;7;1;150835;1529100;9.86;;134558;1467171;9.17;0.92;
distribuidora;15413826000150;EMS;2026;7;7;1;600113;4936589;12.16;;521217;4686749;11.12;6.71;
distribuidora;03467321000199;EMT;2026;7;7;1;1445582;9156521;15.79;;1272727;8445498;15.07;12.39;
distribuidora;07047251000170;ENEL CE;2026;7;7;1;1853363;11133545;16.65;;1849840;10565144;17.51;16.28;
distribuidora;33050071000158;ENEL RJ;2026;7;7;1;2538720;9936107;25.55;;2509878;9864802;25.44;40.55;
distribuidora;09095183000140;EPB;2026;7;7;1;569105;4584811;12.41;;566639;4429906;12.79;7.23;
distribuidora;12272084000100;EQUATORIAL AL;2026;7;7;1;585728;3624081;16.16;;578739;3452038;16.77;;
distribuidora;01543032000104;EQUATORIAL GO;2026;7;7;1;1355364;12177101;11.13;;1254034;11698170;10.72;;
distribuidora;06272793000184;EQUATORIAL MA;2026;7;7;1;1209350;6474800;18.68;;1178396;6118798;19.26;;
distribuidora;04895728000180;EQUATORIAL PA;2026;7;7;1;2923128;9940799;29.41;;2743441;9252939;29.65;;
distribuidora;06840748000189;EQUATORIAL PI;2026;7;7;1;625825;3558810;17.59;;606327;3415588;17.75;;
distribuidora;05914650000166;ERO;2026;7;7;1;671712;3178526;21.13;;642420;3046096;21.09;22.67;
distribuidora;13017462000163;ESE;2026;7;7;1;264181;2439307;10.83;;261227;2330044;11.21;5.98;
distribuidora;07282377000120;ESS;2026;7;7;1;214603;3428606;6.26;;219065;3376793;6.49;0.77;
distribuidora;25086034000171;ETO;2026;7;7;1;295077;2436854;12.11;;257710;2300796;11.2;4.87;
distribuidora;91982348000187;HIDROPAN;2026;7;7;1;3391;101439;3.34;;4242;108369;3.91;-0.92;
distribuidora;60444437000146;LIGHT SESA;2026;7;7;1;6915724;21719891;31.84;;6953989;22057440;31.53;;
distribuidora;97578090000134;MUXENERGIA;2026;7;7;1;4349;60674;7.17;;4759;58443;8.14;1.8;
distribuidora;07522669000192;NEOENERGIA BRASÍLIA;2026;7;7;1;680086;4866126;13.98;;724521;4813271;15.05;14.42;
distribuidora;10835932000108;NEOENERGIA PE;2026;7;7;1;2490937;12139976;20.52;;2511101;11911655;21.08;28.52;
distribuidora;79850574000109;PACTO ENERGIA PR;2026;7;7;1;2818;57281;4.92;;3573;53642;6.66;;
distribuidora;02016440000162;RGE SUL;2026;7;7;1;1507825;14706920;10.25;;1433579;14240767;10.07;;
distribuidora;13255658000196;SULGIPE;2026;7;7;1;47818;401526;11.91;;47718;386344;12.35;;
distribuidora;89889604000144;UHENPAL;2026;7;7;1;4207;66364;6.34;;4227;65814;6.42;;
distribuidora;02341467000120;ÂMBAR AMAZONAS;2026;7;7;1;3550753;8065471;44.02;;3260884;7659092;42.58;;
distribuidora;02341470000144;ÂMBAR ENERGIA RR;2026;7;7;1;166077;984699;16.87;;146873;902504;16.27;;
