cnpj;sigla;inicio;fim;percentual;meses;resolucao_tarifaria;inicio_vigencia_reh;dia_prorata_diagnostico
05965546000109;CEA;2014-01;2015-04;11.5;16;;;
05965546000109;CEA;2015-06;2018-12;11.5;43;;;
05965546000109;CEA;2019-02;2023-12;11.5;59;;;
50105865000190;CEDRI;2017-08;2021-12;11.88;53;;;
50105865000190;CEDRI;2022-02;2024-05;11.88;28;;;
50105865000190;CEDRI;2024-07;2024-09;11.88;3;;;
08467115000100;CEEE-D;2018-01;2020-03;6.01;27;RESOLUÇÃO HOMOLOGATÓRIA Nº 2.361, DE 19 DE DEZEMBRO DE 2017;2017-12-21;
08467115000100;CEEE-D;2020-05;2020-10;6.01;6;;;
08467115000100;CEEE-D;2020-11;2021-12;7.264;14;RESOLUÇÃO HOMOLOGATÓRIA Nº 2.798, DE 17 DE NOVEMBRO DE 2020;2020-11-22;
08467115000100;CEEE-D;2022-01;2022-02;8.035;2;;;
08467115000100;CEEE-D;2022-03;2023-01;8.03;11;;;
08467115000100;CEEE-D;2023-05;2023-08;8.03;4;;;
08467115000100;CEEE-D;2023-09;2023-12;6.68;4;;;
83878892000155;CELESC;2003-01;2003-12;5.68;12;;;
83878892000155;CELESC;2004-01;2004-12;5.97;12;;;
83878892000155;CELESC;2005-01;2005-12;5.44;12;;;
83878892000155;CELESC;2006-01;2006-09;5.43;9;;;
08336783000190;CELESC-DIS;2006-10;2006-12;5.43;3;;;
08336783000190;CELESC-DIS;2007-01;2007-12;6.6;12;;;
08336783000190;CELESC-DIS;2008-01;2008-12;6.62;12;;;
08336783000190;CELESC-DIS;2009-01;2009-12;6.46;12;;;
08336783000190;CELESC-DIS;2010-08;2010-09;6.11;2;;;
08336783000190;CELESC-DIS;2011-06;2011-07;6.11;2;;;
08336783000190;CELESC-DIS;2012-01;2012-07;6.05;7;;;
08336783000190;CELESC-DIS;2013-01;2013-12;6.36;12;RESOLUÇÃO HOMOLOGATÓRIA Nº 1.416, DE 24 DE JANEIRO DE 2013;2013-01-24;
08336783000190;CELESC-DIS;2014-01;2014-12;6.52;12;;;
08336783000190;CELESC-DIS;2015-01;2015-07;6.11;7;;;
08336783000190;CELESC-DIS;2015-09;2015-12;6.11;4;RESOLUÇÃO HOMOLOGATÓRIA Nº 1.927, DE 4 DE AGOSTO DE 2015;2015-08-07;
08336783000190;CELESC-DIS;2016-07;2016-08;6.074;2;;;
08336783000190;CELESC-DIS;2017-02;2017-03;6.068;2;;;11
08336783000190;CELESC-DIS;2019-05;2019-06;6.559;2;;;
87776043000141;CELETRO;2021-02;2024-08;1.0;43;;;
06981180000116;CEMIG-D;2016-01;2018-04;7.84;28;;;
06981180000116;CEMIG-D;2018-06;2023-04;8.766;59;RESOLUÇÃO HOMOLOGATÓRIA Nº 2.396, DE 22 DE MAIO DE 2018;2018-05-28;28
06981180000116;CEMIG-D;2023-06;2023-12;8.014;7;RESOLUÇÃO HOMOLOGATÓRIA Nº 3.202, DE 24 DE MAIO DE 2023;2023-05-28;28
52777034000190;CEMIRIM;2017-04;2018-09;8.59;18;;;
52777034000190;CEMIRIM;2018-11;2019-02;8.59;4;;;
52777034000190;CEMIRIM;2019-04;2023-12;5.89;57;;;
28610236000169;CERAL ARARUAMA;2020-02;2024-09;8.0;56;;;
28610236000169;CERAL ARARUAMA;2025-03;2025-05;8.0;3;;;
86433042000131;CERBRANORTE;2017-02;2017-07;10.09;6;;;
86433042000131;CERBRANORTE;2017-09;2017-11;10.09;3;;;
86433042000131;CERBRANORTE;2017-12;2018-01;8.74;2;RESOLUÇÃO HOMOLOGATÓRIA Nº 2.331, DE 31 DE OUTUBRO DE 2017;2017-11-01;
86433042000131;CERBRANORTE;2019-12;2020-01;8.75;2;;;
27707397000102;CERCI;2022-02;2022-06;11.96;5;;;
27707397000102;CERCI;2022-11;2022-12;11.96;2;;;
13107842000199;CERCOS;2025-01;2025-11;10.214;11;;;
13107842000199;CERCOS;2026-01;2026-03;10.214;3;RESOLUÇÃO HOMOLOGATÓRIA Nº 3.456, DE 20 DE MAIO DE 2025;2026-01-01;
82574864000181;CEREJ;2017-11;2018-01;20.17;3;RESOLUÇÃO HOMOLOGATÓRIA Nº 2.332, DE 31 DE OUTUBRO DE 2017;2017-11-01;
82574864000181;CEREJ;2018-03;2018-06;20.17;4;;;
82574864000181;CEREJ;2018-08;2018-09;20.17;2;;;
82574864000181;CEREJ;2018-10;2019-09;16.7;12;RESOLUÇÃO HOMOLOGATÓRIA Nº 2.456, DE 25 DE SETEMBRO DE 2018;2018-09-30;
82574864000181;CEREJ;2019-10;2020-09;16.67;12;RESOLUÇÃO HOMOLOGATÓRIA Nº 2.613, DE 24 DE SETEMBRO DE 2019;2019-09-30;
82574864000181;CEREJ;2020-10;2021-09;15.89;12;RESOLUÇÃO HOMOLOGATÓRIA Nº 2.781, DE 6 DE OUTUBRO DE 2020;2020-09-30;
82574864000181;CEREJ;2021-10;2022-09;14.02;12;RESOLUÇÃO HOMOLOGATÓRIA Nº 2.940, DE 28 DE SETEMBRO DE 2021;2021-09-30;
82574864000181;CEREJ;2022-10;2023-08;13.79;11;RESOLUÇÃO HOMOLOGATÓRIA Nº 3.123, DE 27 DE SETEMBRO DE 2022;2022-09-30;
82574864000181;CEREJ;2023-09;2024-08;14.81;12;RESOLUÇÃO HOMOLOGATÓRIA Nº 3.271, DE 26 DE SETEMBRO DE 2023;2023-09-30;
82574864000181;CEREJ;2024-10;2024-11;14.257;2;RESOLUÇÃO HOMOLOGATÓRIA Nº 3.405, DE 28 DE SETEMBRO DE 2024;2024-09-30;
82574864000181;CEREJ;2025-02;2025-06;15.27;5;;;23
31465487000101;CERES;2009-01;2010-06;10.0;18;;;
31465487000101;CERES;2010-08;2012-02;10.0;19;;;
31465487000101;CERES;2019-06;2022-03;7.09;34;;;
31465487000101;CERES;2022-04;2022-08;8.39;5;RESOLUÇÃO HOMOLOGATÓRIA Nº 3.030, DE 26 DE ABRIL DE 2022;2022-04-29;
97505838000179;CERFOX;2022-01;2023-02;4.0;14;;;
97505838000179;CERFOX;2023-07;2023-09;2.99;3;RESOLUÇÃO HOMOLOGATÓRIA Nº 3.236, DE 25 DE JULHO DE 2023;2023-07-30;
97505838000179;CERFOX;2023-10;2025-02;4.0;17;;;
86449170000173;CERGRAL;2017-07;2017-10;10.24;4;;;
50235449000107;CERIM;2017-03;2018-08;3.34;18;;;
50235449000107;CERIM;2018-09;2023-12;10.38;64;;;
97081434000103;CERMISSÕES;2010-06;2011-03;10.0;10;;;
97081434000103;CERMISSÕES;2014-01;2014-02;11.17;2;;;
85318640000105;CERPALO;2021-04;2021-12;5.69;9;;;
85318640000105;CERPALO;2022-01;2022-12;6.97;12;;;
85318640000105;CERPALO;2023-01;2023-12;7.38;12;;;
86512670000102;CERSUL;2015-11;2016-08;8.2;10;;;
86512670000102;CERSUL;2016-09;2017-12;7.71;16;RESOLUÇÃO HOMOLOGATÓRIA Nº 2.141, DE 27 DE SETEMBRO DE 2016;2016-09-30;
86512670000102;CERSUL;2018-03;2018-04;10.03;2;;;
86512670000102;CERSUL;2019-01;2019-02;12.21;2;;;
86512670000102;CERSUL;2020-04;2020-08;7.29;5;;;
86512670000102;CERSUL;2020-10;2020-12;7.29;3;RESOLUÇÃO HOMOLOGATÓRIA Nº 2.784, DE 6 DE OUTUBRO DE 2020;2020-09-30;
86512670000102;CERSUL;2021-01;2021-12;6.19;12;;;
86512670000102;CERSUL;2022-01;2022-12;7.26;12;;;
86512670000102;CERSUL;2023-01;2023-12;6.8;12;;;
86512670000102;CERSUL;2024-01;2024-11;7.59;11;;;
97839922000129;CERTAJA;2009-01;2009-12;12.0;12;;;
97839922000129;CERTAJA;2011-07;2011-08;8.7;2;;;2
97839922000129;CERTAJA;2011-11;2011-12;13.66;2;;;2
97839922000129;CERTAJA;2012-05;2012-06;14.98;2;RESOLUÇÃO HOMOLOGATÓRIA Nº 1.660, DE 3 DE DEZEMBRO DE 2013;2012-04-26;8
97839922000129;CERTAJA;2013-01;2013-02;13.44;2;;;
97839922000129;CERTAJA;2013-09;2013-10;7.87;2;;;3
97839922000129;CERTAJA;2016-02;2016-03;13.42;2;;;4
97839922000129;CERTAJA;2016-08;2016-09;13.23;2;;;
97839922000129;CERTAJA;2018-04;2018-05;11.52;2;;;11
97839922000129;CERTAJA;2018-08;2018-09;9.37;2;;;
97839922000129;CERTAJA;2019-07;2019-08;7.06;2;;;
97839922000129;CERTAJA;2019-09;2025-02;6.42;66;;;
09257558000121;CERTEL ENERGIA;2010-07;2010-08;7.1;2;;;
76583962000182;CERTREL;2020-05;2020-06;9.03;2;;;
55188502000180;CERVAM;2019-01;2021-08;10.0;32;RESOLUÇÃO HOMOLOGATÓRIA Nº 2.493, DE 11 DE DEZEMBRO DE 2018;2019-01-01;
55188502000180;CERVAM;2021-10;2021-11;10.0;2;RESOLUÇÃO HOMOLOGATÓRIA Nº 2.945, DE 28 DE SETEMBRO DE 2021;2021-09-30;
55188502000180;CERVAM;2022-01;2024-01;10.0;25;;;
55188502000180;CERVAM;2024-03;2024-08;10.0;6;;;
01377555000110;CHESP;2022-01;2023-12;9.04;24;;;
61416244000144;CNEE;2011-05;2011-06;4.706;2;;;
83646653000170;COOPERA;2019-12;2020-01;5.24;2;;;
95824322000161;COOPERLUZ;2010-07;2014-07;10.0;49;;;
95824322000161;COOPERLUZ;2014-08;2019-05;10.66;58;;;
95824322000161;COOPERLUZ;2019-06;2019-07;11.08;2;;;
95824322000161;COOPERLUZ;2019-08;2020-07;12.79;12;RESOLUÇÃO HOMOLOGATÓRIA Nº 2.584, DE 23 DE JULHO DE 2019;2019-07-30;
95824322000161;COOPERLUZ;2020-08;2020-12;13.59;5;RESOLUÇÃO HOMOLOGATÓRIA Nº 2.735, DE 28 DE JULHO DE 2020;2020-07-30;
95824322000161;COOPERLUZ;2022-01;2022-07;13.56;7;;;
95824322000161;COOPERLUZ;2022-08;2023-06;15.9;11;RESOLUÇÃO HOMOLOGATÓRIA Nº 3.089, DE 26 DE JULHO DE 2022;2022-07-30;
95824322000161;COOPERLUZ;2023-08;2024-06;20.36;11;RESOLUÇÃO HOMOLOGATÓRIA Nº 3.232, DE 25 DE JULHO DE 2023;2023-07-30;
95824322000161;COOPERLUZ;2024-07;2024-08;23.51;2;RESOLUÇÃO HOMOLOGATÓRIA Nº 3.369, DE 30 DE JULHO DE 2024;2024-07-30;
95824322000161;COOPERLUZ;2025-02;2025-06;23.51;5;;;
88022918000182;COOPERNORTE;2022-05;2022-06;2.63;2;;;
87462750000163;COOPERSUL;2023-01;2023-08;7.5;8;RESOLUÇÃO HOMOLOGATÓRIA Nº 3.153, DE 13 DE DEZEMBRO DE 2022;2022-12-22;
87462750000163;COOPERSUL;2023-12;2024-10;7.5;11;RESOLUÇÃO HOMOLOGATÓRIA Nº 3.294, DE 12 DE DEZEMBRO DE 2023;2023-12-22;
78829843000192;COOPERZEM;2020-01;2020-02;9.0;2;;;
78829843000192;COOPERZEM;2021-07;2021-08;8.48;2;;;9
78829843000192;COOPERZEM;2023-07;2023-08;7.47;2;;;
08324196000181;COSERN;2005-05;2005-06;8.012;2;;;
08324196000181;COSERN;2022-07;2022-08;7.828;2;RESOLUÇÃO HOMOLOGATÓRIA Nº 3.057, DE 12 DE JULHO DE 2022;2022-07-13;10
53859112000169;CPFL JAGUARI;2019-01;2021-02;7.14;26;;;
53859112000169;CPFL JAGUARI;2021-03;2023-12;6.85;34;RESOLUÇÃO HOMOLOGATÓRIA Nº 2.837, DE 16 DE MARÇO DE 2021;2021-03-22;
61015582000174;CPFL LESTE PAULI;2006-07;2006-08;8.619;2;;;
52503802000118;CPFL MOCOCA;2004-08;2004-09;7.823;2;;;
52503802000118;CPFL MOCOCA;2004-10;2004-11;7.886;2;;;
52503802000118;CPFL MOCOCA;2010-05;2010-06;7.642;2;;;25
61116265000144;CPFL SANTA CRUZ;2003-01;2003-03;8.034;3;;;
61116265000144;CPFL SANTA CRUZ;2009-08;2009-09;7.889;2;;;
60855608000120;CPFL SUL PAULISTA;2003-09;2003-10;8.505;2;;;
60855608000120;CPFL SUL PAULISTA;2005-05;2005-06;8.407;2;;;
33050196000188;CPFL-PAULISTA;2004-09;2004-11;5.815;3;;;
33050196000188;CPFL-PAULISTA;2007-09;2007-10;6.6;2;;;
33050196000188;CPFL-PAULISTA;2018-04;2018-12;6.0;9;RESOLUÇÃO HOMOLOGATÓRIA Nº 2.381, DE 3 DE ABRIL DE 2018;2018-04-08;
33050196000188;CPFL-PAULISTA;2019-01;2019-04;6.024;4;;;
33050196000188;CPFL-PAULISTA;2019-07;2019-09;6.022;3;;;
33050196000188;CPFL-PAULISTA;2019-10;2019-11;6.023;2;;;26
33050196000188;CPFL-PAULISTA;2020-02;2020-03;6.024;2;;;
33050196000188;CPFL-PAULISTA;2020-05;2020-07;6.022;3;RESOLUÇÃO HOMOLOGATÓRIA Nº 2.670, DE 7 DE ABRIL DE 2020;2020-04-08;
33050196000188;CPFL-PAULISTA;2020-08;2020-10;6.023;3;RESOLUÇÃO HOMOLOGATÓRIA Nº 2.670, DE 7 DE ABRIL DE 2020;2020-07-01;
33050196000188;CPFL-PAULISTA;2021-01;2023-03;6.0;27;;;
33050196000188;CPFL-PAULISTA;2023-04;2023-12;5.231;9;RESOLUÇÃO HOMOLOGATÓRIA Nº 3.183, DE 4 DE ABRIL DE 2023;2023-04-08;
04172213000151;CPFL-PIRATINING;2003-10;2003-11;5.63;2;;;
04172213000151;CPFL-PIRATINING;2004-02;2004-03;5.034;2;;;
04172213000151;CPFL-PIRATINING;2004-05;2004-11;5.034;7;;;
04172213000151;CPFL-PIRATINING;2005-06;2005-08;5.065;3;;;31
04172213000151;CPFL-PIRATINING;2005-10;2005-11;5.065;2;;;
04172213000151;CPFL-PIRATINING;2007-06;2007-07;5.153;2;;;
04172213000151;CPFL-PIRATINING;2018-08;2018-09;5.381;2;;;
04172213000151;CPFL-PIRATINING;2018-10;2019-09;5.52;12;RESOLUÇÃO HOMOLOGATÓRIA Nº 2.472, DE 16 DE OUTUBRO DE 2018;2018-10-23;
04172213000151;CPFL-PIRATINING;2019-10;2023-09;4.75;48;RESOLUÇÃO HOMOLOGATÓRIA Nº 2.627, DE 22 DE OUTUBRO DE 2019;2019-10-23;
04172213000151;CPFL-PIRATINING;2023-10;2023-12;3.858;3;RESOLUÇÃO HOMOLOGATÓRIA Nº 3.277, DE 17 DE OUTUBRO DE 2023;2023-10-23;
83855973000130;DCELT;2003-04;2003-05;7.908;2;;;
83855973000130;DCELT;2004-07;2004-08;7.913;2;;;
83855973000130;DCELT;2005-06;2005-07;7.908;2;;;
83855973000130;DCELT;2008-01;2009-09;8.32;21;;;
83855973000130;DCELT;2009-11;2012-07;8.32;33;;;
83855973000130;DCELT;2012-08;2013-06;9.74;11;RESOLUÇÃO HOMOLOGATÓRIA Nº 1.325, DE 31 DE JULHO DE 2012;2012-08-07;
83855973000130;DCELT;2013-08;2014-12;9.74;17;RESOLUÇÃO HOMOLOGATÓRIA Nº 1.575, DE 30 DE JULHO DE 2013;2013-08-07;
83855973000130;DCELT;2015-02;2015-09;9.74;8;;;
83855973000130;DCELT;2015-11;2016-09;9.74;11;;;
83855973000130;DCELT;2016-10;2019-06;7.28;33;;;
83855973000130;DCELT;2019-08;2019-12;7.28;5;RESOLUÇÃO HOMOLOGATÓRIA Nº 2.600, DE 27 DE AGOSTO DE 2019;2019-08-29;
83855973000130;DCELT;2021-05;2021-06;7.28;2;;;
83855973000130;DCELT;2021-08;2021-12;7.28;5;RESOLUÇÃO HOMOLOGATÓRIA Nº 2.928, DE 24 DE AGOSTO DE 2021;2021-08-29;
83855973000130;DCELT;2022-02;2023-01;7.28;12;RESOLUÇÃO HOMOLOGATÓRIA Nº 3.009, DE 01 DE FEVEREIRO DE 2022;2022-01-06;
83855973000130;DCELT;2023-03;2023-10;7.28;8;;;
83855973000130;DCELT;2023-12;2024-11;7.28;12;;;
95289500000100;DEMEI;2019-01;2022-11;4.99;47;;;
95289500000100;DEMEI;2023-01;2025-06;4.99;30;;;
23664303000104;DMED;2003-01;2012-12;4.83;120;;;
23664303000104;DMED;2013-01;2013-06;5.03;6;RESOLUÇÃO HOMOLOGATÓRIA Nº 1.423, DE 24 DE JANEIRO DE 2013;2013-01-24;
23664303000104;DMED;2013-08;2015-10;5.03;27;;;
23664303000104;DMED;2015-11;2020-10;4.09;60;RESOLUÇÃO HOMOLOGATÓRIA Nº 1.976, DE 27 DE OUTUBRO DE 2015;2015-10-28;
23664303000104;DMED;2021-01;2021-02;4.09;2;;;
23664303000104;DMED;2021-04;2025-10;4.43;55;;;
23664303000104;DMED;2025-11;2026-03;4.921;5;RESOLUÇÃO HOMOLOGATÓRIA Nº 3.548, DE 18 DE NOVEMBRO DE 2025;2025-11-18;
04065033000170;EAC;2003-02;2003-03;12.711;2;;;
04065033000170;EAC;2003-12;2004-01;12.709;2;;;
04065033000170;EAC;2004-06;2004-07;12.711;2;;;15
04065033000170;EAC;2004-10;2004-11;12.708;2;;;19
04065033000170;EAC;2004-12;2005-02;12.709;3;;;
04065033000170;EAC;2005-03;2005-04;12.711;2;;;23
04065033000170;EAC;2005-07;2005-08;12.71;2;;;
04065033000170;EAC;2005-09;2005-10;12.708;2;;;
04065033000170;EAC;2006-10;2006-11;12.711;2;;;28
04065033000170;EAC;2007-03;2007-04;18.16;2;;;
04065033000170;EAC;2007-06;2007-07;18.154;2;;;
04065033000170;EAC;2007-09;2007-10;18.156;2;;;
04065033000170;EAC;2008-01;2008-02;12.712;2;;;
04065033000170;EAC;2008-09;2008-10;12.709;2;;;
04065033000170;EAC;2010-03;2010-04;11.859;2;;;
04065033000170;EAC;2011-09;2011-10;11.861;2;;;
04065033000170;EAC;2012-02;2012-03;11.871;2;;;
04065033000170;EAC;2013-05;2013-06;11.87;2;;;
04065033000170;EAC;2013-07;2013-08;11.869;2;;;25
04065033000170;EAC;2014-02;2014-03;9.85;2;;;
04065033000170;EAC;2014-04;2014-05;9.848;2;;;
04065033000170;EAC;2014-10;2014-11;9.848;2;;;
04065033000170;EAC;2015-02;2015-04;9.848;3;;;
04065033000170;EAC;2015-07;2015-08;9.848;2;;;
04065033000170;EAC;2016-07;2016-08;9.849;2;;;
04065033000170;EAC;2016-11;2017-01;9.852;3;RESOLUÇÃO HOMOLOGATÓRIA Nº 2.176, DE 22 DE NOVEMBRO DE 2016;2016-11-30;
04065033000170;EAC;2017-03;2017-04;9.849;2;;;9
04065033000170;EAC;2017-06;2017-08;9.849;3;;;
04065033000170;EAC;2018-03;2018-05;9.85;3;;;
08826596000195;EBO;2020-11;2020-12;5.644;2;;;
02302100000106;EDP SP;2005-01;2005-02;7.64;2;;;
02302100000106;EDP SP;2005-07;2005-08;7.84;2;;;
02302100000106;EDP SP;2006-04;2006-05;8.03;2;;;
02302100000106;EDP SP;2007-08;2007-09;8.48;2;;;
02302100000106;EDP SP;2007-10;2007-11;8.51;2;;;
60942281000123;EEB;2014-05;2014-06;4.953;2;RESOLUÇÃO HOMOLOGATÓRIA Nº 1.729, DE 6 DE MAIO DE 2014;2014-05-10;
86531175000140;EFLUL;2019-01;2023-12;3.753;60;;;
86531175000140;EFLUL;2024-01;2025-05;3.75;17;;;31
86531175000140;EFLUL;2025-09;2026-01;3.75;5;RESOLUÇÃO HOMOLOGATÓRIA Nº 3.517, DE 26 DE AGOSTO DE 2025;2025-08-29;
86531175000140;EFLUL;2026-02;2026-03;3.755;2;RESOLUÇÃO HOMOLOGATÓRIA Nº 3.517, DE 26 DE AGOSTO DE 2025;2026-01-01;
02328280000197;ELEKTRO;2003-01;2005-12;4.6;36;;;
02328280000197;ELEKTRO;2006-01;2006-12;5.2;12;;;
02328280000197;ELEKTRO;2007-01;2007-12;5.26;12;;;
02328280000197;ELEKTRO;2008-01;2008-12;5.43;12;;;
02328280000197;ELEKTRO;2009-01;2009-12;5.44;12;;;
02328280000197;ELEKTRO;2010-01;2012-12;5.82;36;;;
02328280000197;ELEKTRO;2013-01;2015-08;6.35;32;RESOLUÇÃO HOMOLOGATÓRIA Nº 1.435, DE 24 DE JANEIRO DE 2013;2013-01-24;
02328280000197;ELEKTRO;2015-09;2019-12;5.186;52;RESOLUÇÃO HOMOLOGATÓRIA Nº 1.944, DE 25 DE AGOSTO DE 2015;2015-08-27;
02328280000197;ELEKTRO;2020-01;2023-08;5.92;44;;;
02328280000197;ELEKTRO;2023-09;2023-12;5.778;4;RESOLUÇÃO HOMOLOGATÓRIA Nº 3.253, DE 22 DE AGOSTO DE 2023;2023-08-27;
02328280000197;ELEKTRO;2025-01;2026-03;5.778;15;;;
88446034000155;ELETROCAR;2010-01;2012-12;5.14;36;;;
88446034000155;ELETROCAR;2013-02;2013-12;5.14;11;RESOLUÇÃO HOMOLOGATÓRIA Nº 1.468, DE 24 DE JANEIRO DE 2013;2013-01-24;
88446034000155;ELETROCAR;2014-01;2017-06;8.43;42;;;
88446034000155;ELETROCAR;2017-07;2021-07;6.6;49;RESOLUÇÃO HOMOLOGATÓRIA Nº 2.269, DE 11 DE JULHO DE 2017;2017-07-22;
88446034000155;ELETROCAR;2021-09;2023-01;6.6;17;;;
88446034000155;ELETROCAR;2023-03;2023-05;6.6;3;;;
88446034000155;ELETROCAR;2023-07;2024-12;6.6;18;RESOLUÇÃO HOMOLOGATÓRIA Nº 3.223, DE 18 DE JULHO DE 2023;2023-07-22;
88446034000155;ELETROCAR;2025-03;2025-04;6.6;2;;;
88446034000155;ELETROCAR;2025-06;2026-03;6.6;10;;;
61695227000193;ELETROPAULO;2003-01;2011-12;6.49;108;;;
61695227000193;ELETROPAULO;2012-01;2014-12;6.13;36;;;
61695227000193;ELETROPAULO;2015-01;2015-12;5.74;12;RESOLUÇÃO HOMOLOGATÓRIA Nº 1.844, DE 5 DE JANEIRO DE 2015;2015-01-08;
61695227000193;ELETROPAULO;2016-01;2017-12;5.21;24;;;
61695227000193;ELETROPAULO;2018-01;2019-06;5.11;18;;;
61695227000193;ELETROPAULO;2019-07;2022-12;5.04;42;RESOLUÇÃO HOMOLOGATÓRIA Nº 2.568, DE 2 DE JULHO DE 2019;2019-07-04;
61695227000193;ELETROPAULO;2023-11;2024-12;5.052;14;;;
61695227000193;ELETROPAULO;2025-08;2026-03;5.052;8;RESOLUÇÃO HOMOLOGATÓRIA Nº 3.477, DE 1 DE JULHO DE 2025;2025-07-04;
27485069000109;ELFSM;2018-03;2018-04;8.794;2;;;
27485069000109;ELFSM;2018-06;2021-02;8.794;33;;;
27485069000109;ELFSM;2022-01;2022-09;6.087;9;;;
27485069000109;ELFSM;2022-10;2026-03;9.084;42;RESOLUÇÃO HOMOLOGATÓRIA Nº 3.105, DE 20 DE SETEMBRO DE 2022;2022-09-22;
07047251000170;ENEL CE;2023-01;2026-02;9.22;38;;;
33050071000158;ENEL RJ;2003-01;2005-12;7.41;36;;;
33050071000158;ENEL RJ;2006-01;2006-12;8.83;12;;;
33050071000158;ENEL RJ;2007-10;2007-11;8.832;2;;;
33050071000158;ENEL RJ;2008-01;2009-12;8.83;24;;;
33050071000158;ENEL RJ;2010-01;2014-02;7.06;50;;;
33050071000158;ENEL RJ;2014-03;2016-08;8.181;30;RESOLUÇÃO HOMOLOGATÓRIA Nº 1.703, DE 7 DE ABRIL DE 2014;2014-03-15;
33050071000158;ENEL RJ;2016-09;2017-07;8.182;11;;;19
33050071000158;ENEL RJ;2017-08;2017-12;8.183;5;;;28
33050071000158;ENEL RJ;2018-01;2018-02;8.181;2;;;26
33050071000158;ENEL RJ;2018-03;2022-12;9.1;58;RESOLUÇÃO HOMOLOGATÓRIA Nº 2.377, DE 13 DE MARÇO DE 2018;2018-03-15;
33050071000158;ENEL RJ;2023-01;2026-01;8.001;37;;;
09095183000140;EPB;2005-06;2005-07;10.655;2;;;
09095183000140;EPB;2021-06;2021-07;8.215;2;;;
12272084000100;EQUATORIAL AL;2003-01;2009-07;8.73;79;;;
12272084000100;EQUATORIAL AL;2009-08;2013-07;8.42;48;;;
12272084000100;EQUATORIAL AL;2013-08;2018-04;10.34;57;RESOLUÇÃO HOMOLOGATÓRIA Nº 1.606, DE 27 DE AGOSTO DE 2013;2013-08-28;
12272084000100;EQUATORIAL AL;2019-01;2023-12;10.34;60;;;
01543032000104;EQUATORIAL GO;2022-01;2023-12;9.46;24;;;
06272793000184;EQUATORIAL MA;2003-01;2007-12;13.945;60;;;
06272793000184;EQUATORIAL MA;2008-01;2010-05;13.959;29;;;
06272793000184;EQUATORIAL MA;2017-11;2018-01;11.946;3;;;
06272793000184;EQUATORIAL MA;2019-06;2021-07;11.943;26;;;
06272793000184;EQUATORIAL MA;2021-08;2023-12;10.814;29;RESOLUÇÃO HOMOLOGATÓRIA Nº 2.925, DE 24 DE AGOSTO DE 2021;2021-08-28;
04895728000180;EQUATORIAL PA;2003-01;2012-11;9.95;119;;;
04895728000180;EQUATORIAL PA;2012-12;2015-07;12.16;32;;;
04895728000180;EQUATORIAL PA;2015-08;2017-01;10.148;18;RESOLUÇÃO HOMOLOGATÓRIA Nº 1.930, DE 4 DE AGOSTO DE 2015;2015-08-07;
04895728000180;EQUATORIAL PA;2017-02;2017-07;12.662;6;;;
04895728000180;EQUATORIAL PA;2018-02;2018-04;11.446;3;;;
04895728000180;EQUATORIAL PA;2022-01;2023-07;11.648;19;;;
04895728000180;EQUATORIAL PA;2023-08;2023-12;11.868;5;RESOLUÇÃO HOMOLOGATÓRIA Nº 3.243, DE 15 DE AGOSTO DE 2023;2023-08-17;
06840748000189;EQUATORIAL PI;2018-09;2018-11;13.12;3;RESOLUÇÃO HOMOLOGATÓRIA Nº 2.449, DE 25 DE SETEMBRO DE 2018;2018-09-28;
06840748000189;EQUATORIAL PI;2018-12;2023-12;12.17;61;RESOLUÇÃO HOMOLOGATÓRIA Nº 2.490, DE 27 DE NOVEMBRO DE 2018;2018-12-02;
05914650000166;ERO;2003-01;2005-10;10.0;34;;;
05914650000166;ERO;2005-12;2009-12;10.0;49;;;
05914650000166;ERO;2010-01;2010-12;6.07;12;;;
05914650000166;ERO;2011-01;2014-12;12.74;48;;;
05914650000166;ERO;2015-01;2015-04;11.15;4;;;
05914650000166;ERO;2015-09;2017-12;11.15;28;;;
05914650000166;ERO;2018-03;2018-04;11.152;2;;;
05914650000166;ERO;2018-06;2018-10;11.151;5;;;
13017462000163;ESE;2008-08;2008-09;6.718;2;;;
13017462000163;ESE;2013-09;2013-10;6.642;2;;;
13017462000163;ESE;2022-02;2022-03;7.936;2;;;
25086034000171;ETO;2012-07;2012-08;12.048;2;RESOLUÇÃO HOMOLOGATÓRIA Nº 1.320, DE 3 DE JULHO DE 2012;2012-07-04;
91982348000187;HIDROPAN;2021-01;2022-07;4.024;19;;;
91982348000187;HIDROPAN;2022-08;2024-09;4.32;26;RESOLUÇÃO HOMOLOGATÓRIA Nº 3.071, DE 19 DE JULHO DE 2022;2022-07-22;
91982348000187;HIDROPAN;2025-01;2026-03;4.32;15;;;
60444437000146;LIGHT SESA;2020-02;2023-12;7.09;47;;;
10835932000108;NEOENERGIA PE;2014-07;2014-08;9.298;2;;;
02016439000138;RGE;2003-08;2003-09;8.697;2;;;
02016439000138;RGE;2006-09;2006-10;8.61;2;;;
02016439000138;RGE;2007-03;2007-12;8.9;10;;;
02016439000138;RGE;2008-02;2009-04;8.66;15;;;
02016439000138;RGE;2009-06;2011-10;8.66;29;;;
02016440000162;RGE SUL;2021-07;2021-08;6.745;2;RESOLUÇÃO HOMOLOGATÓRIA Nº 2.880, DE 15 DE JUNHO DE 2021;2021-06-19;
13255658000196;SULGIPE;2022-05;2022-12;11.469;8;RESOLUÇÃO HOMOLOGATÓRIA Nº 3.035, DE 17 DE MAIO DE 2022;2022-05-22;
13255658000196;SULGIPE;2023-01;2023-02;11.47;2;;;
13255658000196;SULGIPE;2023-04;2023-05;11.47;2;;;
13255658000196;SULGIPE;2024-01;2024-02;11.47;2;;;
13255658000196;SULGIPE;2024-04;2024-09;11.47;6;;;
13255658000196;SULGIPE;2024-11;2025-02;11.47;4;;;
89889604000144;UHENPAL;2023-01;2023-11;8.49;11;;;
02341467000120;ÂMBAR AMAZONAS;2013-09;2013-10;1.786;2;;;
02341467000120;ÂMBAR AMAZONAS;2015-01;2015-03;7.77;3;;;25
02341467000120;ÂMBAR AMAZONAS;2015-05;2015-12;7.77;8;;;
02341467000120;ÂMBAR AMAZONAS;2016-09;2016-12;7.77;4;;;
02341467000120;ÂMBAR AMAZONAS;2021-09;2021-10;7.75;2;;;
02341467000120;ÂMBAR AMAZONAS;2021-11;2025-06;7.77;44;RESOLUÇÃO HOMOLOGATÓRIA Nº 2.967, DE 26 DE OUTUBRO DE 2021;2021-11-01;
02341470000144;ÂMBAR ENERGIA RR;2003-01;2005-01;7.98;25;;;
02341470000144;ÂMBAR ENERGIA RR;2008-11;2009-01;8.077;3;;;
02341470000144;ÂMBAR ENERGIA RR;2009-03;2009-08;8.077;6;;;
02341470000144;ÂMBAR ENERGIA RR;2009-09;2010-03;8.075;7;;;26
02341470000144;ÂMBAR ENERGIA RR;2011-02;2011-05;8.074;4;;;
02341470000144;ÂMBAR ENERGIA RR;2011-06;2011-07;8.075;2;;;
02341470000144;ÂMBAR ENERGIA RR;2011-09;2011-12;8.075;4;;;
02341470000144;ÂMBAR ENERGIA RR;2012-01;2013-10;8.07;22;;;29
02341470000144;ÂMBAR ENERGIA RR;2013-11;2015-09;7.042;23;RESOLUÇÃO HOMOLOGATÓRIA Nº 1.648, DE 29 DE OUTUBRO DE 2013;2013-11-01;
02341470000144;ÂMBAR ENERGIA RR;2015-11;2017-07;7.042;21;RESOLUÇÃO HOMOLOGATÓRIA Nº 1.979, DE 27 DE OUTUBRO DE 2015;2015-11-01;
02341470000144;ÂMBAR ENERGIA RR;2017-09;2017-12;7.042;4;;;
02341470000144;ÂMBAR ENERGIA RR;2018-04;2018-06;7.042;3;;;
02341470000144;ÂMBAR ENERGIA RR;2018-08;2018-12;7.042;5;;;
02341470000144;ÂMBAR ENERGIA RR;2019-05;2019-09;7.62;5;;;
02341470000144;ÂMBAR ENERGIA RR;2019-12;2020-01;7.613;2;RESOLUÇÃO HOMOLOGATÓRIA Nº 2.634, DE 29 DE OUTUBRO DE 2019;2019-11-01;
02341470000144;ÂMBAR ENERGIA RR;2021-01;2021-04;7.62;4;;;
02341470000144;ÂMBAR ENERGIA RR;2021-06;2021-11;7.62;6;;;
02341470000144;ÂMBAR ENERGIA RR;2022-06;2022-07;7.62;2;;;
02341470000144;ÂMBAR ENERGIA RR;2022-09;2023-03;7.62;7;;;
02341470000144;ÂMBAR ENERGIA RR;2023-05;2025-03;7.62;23;;;
02341470000144;ÂMBAR ENERGIA RR;2025-08;2025-12;7.62;5;;;
02341470000144;ÂMBAR ENERGIA RR;2026-01;2026-03;8.014;3;RESOLUÇÃO HOMOLOGATÓRIA Nº 3.565, DE 20 DE JANEIRO DE 2026;2026-01-25;
