fluxo;periodicidade;mes;atls;horas_violacao;horas_periodo_implicitas;horas_calendario
EXP_NE;AN;2022-01;1.0;0.0;;
EXP_NE;AN;2022-02;1.0;0.0;;
EXP_NE;AN;2022-03;1.0;0.0;;
EXP_NE;AN;2022-04;1.0;0.0;;
EXP_NE;AN;2022-05;1.0;0.0;;
EXP_NE;AN;2022-06;1.0;0.0;;
EXP_NE;AN;2022-07;1.0;0.0;;
EXP_NE;AN;2022-08;1.0;0.0;;
EXP_NE;AN;2022-09;1.0;0.0;;
EXP_NE;ME;2022-01;1.0;0.0;;744
EXP_NE;ME;2022-02;1.0;0.0;;672
EXP_NE;ME;2022-03;1.0;0.0;;744
EXP_NE;ME;2022-04;1.0;0.0;;720
EXP_NE;ME;2022-05;1.0;0.0;;744
EXP_NE;ME;2022-06;1.0;0.0;;720
EXP_NE;ME;2022-07;1.0;0.0;;744
EXP_NE;ME;2022-08;1.0;0.0;;744
EXP_NE;ME;2022-09;1.0;0.0;;720
FBA-IN;AN;2017-01;0.9973;2.0;744.0;
FBA-IN;AN;2017-02;0.9986;2.0;1417.0;
FBA-IN;AN;2017-03;0.9991;2.0;2161.0;
FBA-IN;AN;2017-04;0.9993;2.0;2881.0;
FBA-IN;AN;2017-05;0.9994;2.0;3625.0;
FBA-IN;AN;2017-06;0.9995;2.2;4345.0;
FBA-IN;AN;2017-07;0.9996;2.2;5089.0;
FBA-IN;AN;2017-08;0.9996;2.2;5833.0;
FBA-IN;AN;2017-09;0.9997;2.2;6553.0;
FBA-IN;AN;2017-10;0.9989;7.9833;7296.0;
FBA-IN;AN;2017-11;0.9988;9.3667;8016.0;
FBA-IN;AN;2017-12;0.9989;9.3667;8760.0;
FBA-IN;AN;2018-01;1.0;0.0;;
FBA-IN;AN;2018-02;1.0;0.0;;
FBA-IN;AN;2018-03;1.0;0.0;;
FBA-IN;AN;2018-04;1.0;0.0;;
FBA-IN;AN;2018-05;1.0;0.0;;
FBA-IN;AN;2018-06;1.0;0.0;;
FBA-IN;AN;2018-07;1.0;0.0;;
FBA-IN;AN;2018-08;1.0;0.0;;
FBA-IN;AN;2018-09;1.0;0.0;;
FBA-IN;AN;2018-10;0.999;7.2583;7297.0;
FBA-IN;AN;2018-11;0.999;8.2667;8016.0;
FBA-IN;AN;2018-12;0.9991;8.2667;8760.0;
FBA-IN;AN;2019-01;1.0;0.0;;
FBA-IN;AN;2019-02;1.0;0.0;;
FBA-IN;AN;2019-03;1.0;0.0;;
FBA-IN;AN;2019-04;1.0;0.0;;
FBA-IN;AN;2019-05;1.0;0.0;;
FBA-IN;AN;2019-06;1.0;0.0;;
FBA-IN;AN;2019-07;1.0;0.0;;
FBA-IN;AN;2019-08;1.0;0.0;;
FBA-IN;AN;2019-09;1.0;0.0;;
FBA-IN;AN;2019-10;1.0;0.0;;
FBA-IN;AN;2019-11;1.0;0.0;;
FBA-IN;AN;2019-12;1.0;0.0;;
FBA-IN;AN;2020-01;1.0;0.0;;
FBA-IN;AN;2020-02;1.0;0.0;;
FBA-IN;AN;2020-03;1.0;0.0;;
FBA-IN;AN;2020-04;1.0;0.0;;
FBA-IN;ME;2017-01;0.9973;2.0;744.0;744
FBA-IN;ME;2017-02;1.0;0.0;;672
FBA-IN;ME;2017-03;1.0;0.0;;744
FBA-IN;ME;2017-04;1.0;0.0;;720
FBA-IN;ME;2017-05;1.0;0.0;;744
FBA-IN;ME;2017-06;0.9997;0.2;720.0;720
FBA-IN;ME;2017-07;1.0;0.0;;744
FBA-IN;ME;2017-08;1.0;0.0;;744
FBA-IN;ME;2017-09;1.0;0.0;;720
FBA-IN;ME;2017-10;0.9922;5.7833;743.0;744
FBA-IN;ME;2017-11;0.9981;1.3833;720.0;720
FBA-IN;ME;2017-12;1.0;0.0;;744
FBA-IN;ME;2018-01;1.0;0.0;;744
FBA-IN;ME;2018-02;1.0;0.0;;672
FBA-IN;ME;2018-03;1.0;0.0;;744
FBA-IN;ME;2018-04;1.0;0.0;;720
FBA-IN;ME;2018-05;1.0;0.0;;744
FBA-IN;ME;2018-06;1.0;0.0;;720
FBA-IN;ME;2018-07;1.0;0.0;;744
FBA-IN;ME;2018-08;1.0;0.0;;744
FBA-IN;ME;2018-09;1.0;0.0;;720
FBA-IN;ME;2018-10;0.9902;7.2583;744.0;744
FBA-IN;ME;2018-11;0.9986;1.0083;719.0;720
FBA-IN;ME;2018-12;1.0;0.0;;744
FBA-IN;ME;2019-01;1.0;0.0;;744
FBA-IN;ME;2019-02;1.0;0.0;;672
FBA-IN;ME;2019-03;1.0;0.0;;744
FBA-IN;ME;2019-04;1.0;0.0;;720
FBA-IN;ME;2019-05;1.0;0.0;;744
FBA-IN;ME;2019-06;1.0;0.0;;720
FBA-IN;ME;2019-07;1.0;0.0;;744
FBA-IN;ME;2019-08;1.0;0.0;;744
FBA-IN;ME;2019-09;1.0;0.0;;720
FBA-IN;ME;2019-10;1.0;0.0;;744
FBA-IN;ME;2019-11;1.0;0.0;;720
FBA-IN;ME;2019-12;1.0;0.0;;744
FBA-IN;ME;2020-01;1.0;0.0;;744
FBA-IN;ME;2020-02;1.0;0.0;;696
FBA-IN;ME;2020-03;1.0;0.0;;744
FBA-IN;ME;2020-04;1.0;0.0;;720
FBTA;AN;2020-03;0.9991;0.6583;744.0;
FBTA;AN;2020-04;0.9983;2.45;1464.0;
FBTA;AN;2020-05;0.9974;5.75;2208.0;
FBTA;AN;2020-06;0.9975;7.3583;2928.0;
FBTA;AN;2020-07;0.998;7.3583;3672.0;
FBTA;AN;2020-08;0.9983;7.3583;4416.0;
FBTA;AN;2020-09;0.9986;7.3583;5136.0;
FBTA;AN;2020-10;0.9987;7.3583;5879.0;
FBTA;AN;2020-11;0.9989;7.3583;6598.0;
FBTA;AN;2020-12;0.999;7.3583;7342.0;
FBTA;AN;2021-01;1.0;0.0;;
FBTA;AN;2021-02;0.9991;1.3417;1417.0;
FBTA;AN;2021-03;0.998;4.225;2161.0;
FBTA;AN;2021-04;0.9969;9.0417;2881.0;
FBTA;AN;2021-05;0.9959;14.95;3625.0;
FBTA;AN;2021-06;0.9955;19.6083;4345.0;
FBTA;AN;2021-07;0.9953;24.1583;5089.0;
FBTA;AN;2021-08;0.9957;25.3667;5833.0;
FBTA;AN;2021-09;0.996;26.1167;6553.0;
FBTA;AN;2021-10;0.9963;27.2;7297.0;
FBTA;AN;2021-11;0.9956;35.3;8016.0;
FBTA;AN;2021-12;0.9954;40.225;8760.0;
FBTA;AN;2022-01;0.9909;6.7833;744.0;
FBTA;AN;2022-02;0.9951;6.95;1417.0;
FBTA;AN;2022-03;0.9963;8.0167;2161.0;
FBTA;AN;2022-04;0.9967;9.3917;2881.0;
FBTA;AN;2022-05;0.997;10.875;3625.0;
FBTA;AN;2022-06;0.9975;10.875;4345.0;
FBTA;AN;2022-07;0.9979;10.875;5089.0;
FBTA;AN;2022-08;0.9981;11.225;5833.0;
FBTA;AN;2022-09;0.9983;11.225;6553.0;
FBTA;AN;2022-10;0.9985;11.225;7297.0;
FBTA;AN;2022-11;0.9985;12.1083;8016.0;
FBTA;AN;2022-12;0.998;17.4167;8760.0;
FBTA;AN;2023-01;0.9938;4.6167;744.0;
FBTA;AN;2023-02;0.9958;6.0;1417.0;
FBTA;AN;2023-03;0.9965;7.5417;2161.0;
FBTA;AN;2023-04;0.9953;13.65;2881.0;
FBTA;AN;2023-05;0.9948;18.7833;3625.0;
FBTA;AN;2023-06;0.995;21.8583;4345.0;
FBTA;AN;2023-07;0.9956;22.1417;5089.0;
FBTA;AN;2023-08;0.9962;22.1417;5833.0;
FBTA;AN;2023-09;0.9966;22.1417;6553.0;
FBTA;AN;2023-10;0.997;22.1417;7297.0;
FBTA;AN;2023-11;0.9972;22.1417;8016.0;
FBTA;AN;2023-12;0.9975;22.1417;8760.0;
FBTA;AN;2024-01;1.0;0.0;;
FBTA;AN;2024-02;0.9997;0.4583;1441.0;
FBTA;AN;2024-03;0.9981;4.0833;2185.0;
FBTA;AN;2024-04;0.9972;8.1083;2905.0;
FBTA;AN;2024-05;0.9974;9.625;3649.0;
FBTA;AN;2024-06;0.9978;9.625;4369.0;
FBTA;AN;2024-07;0.9981;9.625;5113.0;
FBTA;AN;2024-08;0.9982;10.7417;5857.0;
FBTA;AN;2024-09;0.9984;10.7417;6577.0;
FBTA;AN;2024-10;0.9985;11.025;7321.0;
FBTA;AN;2024-11;0.9983;13.6833;8041.0;
FBTA;AN;2024-12;0.9982;15.5167;8785.0;
FBTA;AN;2025-01;0.995;3.7083;744.0;
FBTA;AN;2025-02;0.9946;7.625;1416.0;
FBTA;AN;2025-03;0.9945;11.7833;2160.0;
FBTA;AN;2025-04;0.9925;21.6583;2880.0;
FBTA;AN;2025-05;0.9914;31.325;3624.0;
FBTA;AN;2025-06;0.9917;36.1083;4344.0;
FBTA;AN;2025-07;0.9929;36.1083;5088.0;
FBTA;AN;2025-08;0.9938;36.1083;5832.0;
FBTA;AN;2025-09;0.9945;36.1083;6552.0;
FBTA;AN;2025-10;0.9951;36.1083;7296.0;
FBTA;AN;2025-11;0.9954;36.9167;8016.0;
FBTA;AN;2025-12;0.9957;37.9083;8760.0;
FBTA;AN;2026-01;0.9883;8.675;744.0;
FBTA;AN;2026-02;0.9906;13.325;1416.0;
FBTA;AN;2026-03;0.9911;19.2333;2160.0;
FBTA;AN;2026-04;0.9931;19.8667;2880.0;
FBTA;AN;2026-05;0.9945;19.8667;3624.0;
FBTA;AN;2026-06;0.9953;20.2;4344.0;
FBTA;AN;2026-07;0.996;20.2;5088.0;
FBTA;ME;2020-03;0.9991;0.6583;744.0;744
FBTA;ME;2020-04;0.9975;1.7917;720.0;720
FBTA;ME;2020-05;0.9956;3.3;744.0;744
FBTA;ME;2020-06;0.9978;1.6083;720.0;720
FBTA;ME;2020-07;1.0;0.0;;744
FBTA;ME;2020-08;1.0;0.0;;744
FBTA;ME;2020-09;1.0;0.0;;720
FBTA;ME;2020-10;1.0;0.0;;744
FBTA;ME;2020-11;1.0;0.0;;720
FBTA;ME;2020-12;1.0;0.0;;744
FBTA;ME;2021-01;1.0;0.0;;744
FBTA;ME;2021-02;0.998;1.3417;673.0;672
FBTA;ME;2021-03;0.9961;2.8833;744.0;744
FBTA;ME;2021-04;0.9933;4.8167;720.0;720
FBTA;ME;2021-05;0.9921;5.9083;744.0;744
FBTA;ME;2021-06;0.9935;4.6583;720.0;720
FBTA;ME;2021-07;0.9939;4.55;744.0;744
FBTA;ME;2021-08;0.9984;1.2083;744.0;744
FBTA;ME;2021-09;0.999;0.75;720.0;720
FBTA;ME;2021-10;0.9985;1.0833;744.0;744
FBTA;ME;2021-11;0.9887;8.1;719.0;720
FBTA;ME;2021-12;0.9934;4.925;744.0;744
FBTA;ME;2022-01;0.9909;6.7833;744.0;744
FBTA;ME;2022-02;0.9998;0.1667;673.0;672
FBTA;ME;2022-03;0.9986;1.0667;744.0;744
FBTA;ME;2022-04;0.9981;1.375;720.0;720
FBTA;ME;2022-05;0.998;1.4833;744.0;744
FBTA;ME;2022-06;1.0;0.0;;720
FBTA;ME;2022-07;1.0;0.0;;744
FBTA;ME;2022-08;0.9995;0.35;744.0;744
FBTA;ME;2022-09;1.0;0.0;;720
FBTA;ME;2022-10;1.0;0.0;;744
FBTA;ME;2022-11;0.9988;0.8833;719.0;720
FBTA;ME;2022-12;0.9929;5.3083;744.0;744
FBTA;ME;2023-01;0.9938;4.6167;744.0;744
FBTA;ME;2023-02;0.9979;1.3833;673.0;672
FBTA;ME;2023-03;0.9979;1.5417;744.0;744
FBTA;ME;2023-04;0.9915;6.1083;720.0;720
FBTA;ME;2023-05;0.9931;5.1333;744.0;744
FBTA;ME;2023-06;0.9957;3.075;720.0;720
FBTA;ME;2023-07;0.9996;0.2833;744.0;744
FBTA;ME;2023-08;1.0;0.0;;744
FBTA;ME;2023-09;1.0;0.0;;720
FBTA;ME;2023-10;1.0;0.0;;744
FBTA;ME;2023-11;1.0;0.0;;720
FBTA;ME;2023-12;1.0;0.0;;744
FBTA;ME;2024-01;1.0;0.0;;744
FBTA;ME;2024-02;0.9993;0.4583;697.0;696
FBTA;ME;2024-03;0.9951;3.625;744.0;744
FBTA;ME;2024-04;0.9944;4.025;720.0;720
FBTA;ME;2024-05;0.998;1.5167;744.0;744
FBTA;ME;2024-06;1.0;0.0;;720
FBTA;ME;2024-07;1.0;0.0;;744
FBTA;ME;2024-08;0.9985;1.1167;744.0;744
FBTA;ME;2024-09;1.0;0.0;;720
FBTA;ME;2024-10;0.9996;0.2833;744.0;744
FBTA;ME;2024-11;0.9963;2.6583;720.0;720
FBTA;ME;2024-12;0.9975;1.8333;744.0;744
FBTA;ME;2025-01;0.995;3.7083;744.0;744
FBTA;ME;2025-02;0.9942;3.9167;672.0;672
FBTA;ME;2025-03;0.9944;4.1583;744.0;744
FBTA;ME;2025-04;0.9863;9.875;720.0;720
FBTA;ME;2025-05;0.987;9.6667;744.0;744
FBTA;ME;2025-06;0.9934;4.7833;720.0;720
FBTA;ME;2025-07;1.0;0.0;;744
FBTA;ME;2025-08;1.0;0.0;;744
FBTA;ME;2025-09;1.0;0.0;;720
FBTA;ME;2025-10;1.0;0.0;;744
FBTA;ME;2025-11;0.9989;0.8083;720.0;720
FBTA;ME;2025-12;0.9987;0.9917;744.0;744
FBTA;ME;2026-01;0.9883;8.675;744.0;744
FBTA;ME;2026-02;0.9931;4.65;672.0;672
FBTA;ME;2026-03;0.9921;5.9083;744.0;744
FBTA;ME;2026-04;0.9991;0.6333;720.0;720
FBTA;ME;2026-05;1.0;0.0;;744
FBTA;ME;2026-06;0.9995;0.3333;720.0;720
FBTA;ME;2026-07;1.0;0.0;;744
FIN-BA;AN;2019-01;0.9981;1.45;744.0;
FIN-BA;AN;2019-02;0.9981;2.6333;1417.0;
FIN-BA;AN;2019-03;0.9977;4.8833;2161.0;
FIN-BA;AN;2019-04;0.9983;4.8833;2881.0;
FIN-BA;AN;2019-05;0.9987;4.8833;3625.0;
FIN-BA;AN;2019-06;0.9989;4.8833;4345.0;
FIN-BA;AN;2019-07;0.999;4.8833;5089.0;
FIN-BA;AN;2019-08;0.9992;4.8833;5833.0;
FIN-BA;AN;2019-09;0.9992;5.1083;6553.0;
FIN-BA;AN;2019-10;0.9989;8.2667;7297.0;
FIN-BA;AN;2019-11;0.999;8.2667;8016.0;
FIN-BA;AN;2019-12;0.9988;10.6083;8760.0;
FIN-BA;AN;2020-01;0.999;0.775;744.0;
FIN-BA;AN;2020-02;0.9993;0.9917;1441.0;
FIN-BA;AN;2020-03;0.995;10.9583;2185.0;
FIN-BA;ME;2019-01;0.9981;1.45;744.0;744
FIN-BA;ME;2019-02;0.9982;1.1833;673.0;672
FIN-BA;ME;2019-03;0.997;2.25;744.0;744
FIN-BA;ME;2019-04;1.0;0.0;;720
FIN-BA;ME;2019-05;1.0;0.0;;744
FIN-BA;ME;2019-06;1.0;0.0;;720
FIN-BA;ME;2019-07;1.0;0.0;;744
FIN-BA;ME;2019-08;1.0;0.0;;744
FIN-BA;ME;2019-09;0.9997;0.225;720.0;720
FIN-BA;ME;2019-10;0.9958;3.1583;744.0;744
FIN-BA;ME;2019-11;1.0;0.0;;720
FIN-BA;ME;2019-12;0.9969;2.3417;744.0;744
FIN-BA;ME;2020-01;0.999;0.775;744.0;744
FIN-BA;ME;2020-02;0.9997;0.2167;697.0;696
FIN-BA;ME;2020-03;0.9866;9.9667;744.0;744
FIZ-PD;AN;2021-09;1.0;0.0;;
FIZ-PD;AN;2021-10;1.0;0.0;;
FIZ-PD;AN;2021-11;1.0;0.0;;
FIZ-PD;AN;2021-12;1.0;0.0;;
FIZ-PD;AN;2022-01;1.0;0.0;;
FIZ-PD;AN;2022-02;1.0;0.0;;
FIZ-PD;AN;2022-03;1.0;0.0;;
FIZ-PD;AN;2022-04;1.0;0.0;;
FIZ-PD;ME;2021-09;1.0;0.0;;720
FIZ-PD;ME;2021-10;1.0;0.0;;744
FIZ-PD;ME;2021-11;1.0;0.0;;720
FIZ-PD;ME;2021-12;1.0;0.0;;744
FIZ-PD;ME;2022-01;1.0;0.0;;744
FIZ-PD;ME;2022-02;1.0;0.0;;672
FIZ-PD;ME;2022-03;1.0;0.0;;744
FIZ-PD;ME;2022-04;1.0;0.0;;720
FJUSC;AN;2025-03;0.999;0.7583;744.0;
FJUSC;AN;2025-04;0.9989;1.5583;1464.0;
FJUSC;AN;2025-05;0.9985;3.2583;2208.0;
FJUSC;AN;2025-06;0.9986;4.1167;2928.0;
FJUSC;AN;2025-07;0.9989;4.1167;3672.0;
FJUSC;AN;2025-08;0.9989;5.0417;4416.0;
FJUSC;AN;2025-09;0.999;5.0417;5136.0;
FJUSC;AN;2025-10;0.9991;5.0417;5880.0;
FJUSC;AN;2025-11;0.9992;5.0417;6600.0;
FJUSC;AN;2025-12;0.9993;5.0417;7344.0;
FJUSC;AN;2026-01;1.0;0.0;;
FJUSC;AN;2026-02;1.0;0.0;;
FJUSC;AN;2026-03;1.0;0.0;;
FJUSC;AN;2026-04;1.0;0.0;;
FJUSC;AN;2026-05;1.0;0.0;;
FJUSC;AN;2026-06;1.0;0.0;;
FJUSC;AN;2026-07;1.0;0.0;;
FJUSC;ME;2025-03;0.999;0.7583;744.0;744
FJUSC;ME;2025-04;0.9989;0.8;720.0;720
FJUSC;ME;2025-05;0.9977;1.7;744.0;744
FJUSC;ME;2025-06;0.9988;0.8583;720.0;720
FJUSC;ME;2025-07;1.0;0.0;;744
FJUSC;ME;2025-08;0.9988;0.925;744.0;744
FJUSC;ME;2025-09;1.0;0.0;;720
FJUSC;ME;2025-10;1.0;0.0;;744
FJUSC;ME;2025-11;1.0;0.0;;720
FJUSC;ME;2025-12;1.0;0.0;;744
FJUSC;ME;2026-01;1.0;0.0;;744
FJUSC;ME;2026-02;1.0;0.0;;672
FJUSC;ME;2026-03;1.0;0.0;;744
FJUSC;ME;2026-04;1.0;0.0;;720
FJUSC;ME;2026-05;1.0;0.0;;744
FJUSC;ME;2026-06;1.0;0.0;;720
FJUSC;ME;2026-07;1.0;0.0;;744
FNEN;AN;2025-01;1.0;0.0;;
FNEN;AN;2025-02;1.0;0.0;;
FNEN;AN;2025-03;1.0;0.0;;
FNEN;AN;2025-04;1.0;0.0;;
FNEN;AN;2025-05;1.0;0.0;;
FNEN;AN;2025-06;1.0;0.0;;
FNEN;AN;2025-07;1.0;0.0;;
FNEN;AN;2025-08;1.0;0.0;;
FNEN;AN;2025-09;1.0;0.0;;
FNEN;AN;2025-10;1.0;0.0;;
FNEN;AN;2025-11;1.0;0.0;;
FNEN;AN;2025-12;1.0;0.0;;
FNEN;AN;2026-01;1.0;0.0;;
FNEN;AN;2026-02;1.0;0.0;;
FNEN;AN;2026-03;1.0;0.0;;
FNEN;AN;2026-04;1.0;0.0;;
FNEN;AN;2026-05;1.0;0.0;;
FNEN;AN;2026-06;1.0;0.0;;
FNEN;AN;2026-07;1.0;0.0;;
FNEN;ME;2025-01;1.0;0.0;;744
FNEN;ME;2025-02;1.0;0.0;;672
FNEN;ME;2025-03;1.0;0.0;;744
FNEN;ME;2025-04;1.0;0.0;;720
FNEN;ME;2025-05;1.0;0.0;;744
FNEN;ME;2025-06;1.0;0.0;;720
FNEN;ME;2025-07;1.0;0.0;;744
FNEN;ME;2025-08;1.0;0.0;;744
FNEN;ME;2025-09;1.0;0.0;;720
FNEN;ME;2025-10;1.0;0.0;;744
FNEN;ME;2025-11;1.0;0.0;;720
FNEN;ME;2025-12;1.0;0.0;;744
FNEN;ME;2026-01;1.0;0.0;;744
FNEN;ME;2026-02;1.0;0.0;;672
FNEN;ME;2026-03;1.0;0.0;;744
FNEN;ME;2026-04;1.0;0.0;;720
FNEN;ME;2026-05;1.0;0.0;;744
FNEN;ME;2026-06;1.0;0.0;;720
FNEN;ME;2026-07;1.0;0.0;;744
FNESE;AN;2021-01;1.0;0.0;;
FNESE;AN;2021-02;1.0;0.0;;
FNESE;AN;2021-03;1.0;0.0;;
FNESE;AN;2021-04;1.0;0.0;;
FNESE;AN;2021-05;0.9995;1.7917;3625.0;
FNESE;AN;2021-06;0.9996;1.7917;4345.0;
FNESE;AN;2021-07;0.9994;3.1833;5089.0;
FNESE;AN;2021-08;0.9985;8.95;5833.0;
FNESE;AN;2021-09;0.9984;10.2583;6553.0;
FNESE;AN;2021-10;0.9985;11.1917;7297.0;
FNESE;AN;2021-11;0.9986;11.1917;8016.0;
FNESE;AN;2021-12;0.9986;12.0417;8760.0;
FNESE;AN;2022-01;0.999;0.75;744.0;
FNESE;AN;2022-02;0.9986;2.025;1417.0;
FNESE;AN;2022-03;0.9984;3.4667;2161.0;
FNESE;AN;2022-04;0.9987;3.6667;2881.0;
FNESE;AN;2022-05;0.999;3.6667;3625.0;
FNESE;AN;2022-06;0.9992;3.6667;4345.0;
FNESE;AN;2022-07;0.9992;4.1083;5089.0;
FNESE;AN;2022-08;0.9993;4.1083;5833.0;
FNESE;AN;2022-09;0.9994;4.1083;6553.0;
FNESE;AN;2022-10;0.9994;4.1083;7297.0;
FNESE;AN;2022-11;0.9995;4.1083;8016.0;
FNESE;AN;2022-12;0.9995;4.1083;8760.0;
FNESE;AN;2023-01;1.0;0.0;;
FNESE;AN;2023-02;0.9993;1.0083;1417.0;
FNESE;AN;2023-03;0.9995;1.0083;2161.0;
FNESE;AN;2023-04;0.9997;1.0083;2881.0;
FNESE;AN;2023-05;0.9997;1.0083;3625.0;
FNESE;AN;2023-06;0.9998;1.0083;4345.0;
FNESE;AN;2023-07;0.9998;1.0083;5089.0;
FNESE;AN;2023-08;0.9998;1.3083;5833.0;
FNESE;AN;2023-09;0.9998;1.3083;6553.0;
FNESE;AN;2023-10;0.9998;1.5;7297.0;
FNESE;AN;2023-11;0.9997;2.45;8016.0;
FNESE;AN;2023-12;0.9997;2.7917;8760.0;
FNESE;AN;2024-01;0.9997;0.225;744.0;
FNESE;AN;2024-02;0.9993;1.0583;1441.0;
FNESE;AN;2024-03;0.9981;4.0833;2185.0;
FNESE;AN;2024-04;0.9982;5.1833;2905.0;
FNESE;AN;2024-05;0.9975;9.25;3649.0;
FNESE;AN;2024-06;0.9977;10.0083;4369.0;
FNESE;AN;2024-07;0.9977;11.775;5113.0;
FNESE;AN;2024-08;0.9978;12.625;5857.0;
FNESE;AN;2024-09;0.9976;16.1;6577.0;
FNESE;AN;2024-10;0.9973;20.125;7321.0;
FNESE;AN;2024-11;0.9974;20.8417;8041.0;
FNESE;AN;2024-12;0.9974;22.5583;8785.0;
FNESE;AN;2025-01;0.9985;1.0833;744.0;
FNESE;AN;2025-02;0.9976;3.3333;1416.0;
FNESE;AN;2025-03;0.9975;5.475;2160.0;
FNESE;AN;2025-04;0.9979;5.9917;2880.0;
FNESE;AN;2025-05;0.9983;6.2917;3624.0;
FNESE;AN;2025-06;0.9983;7.3;4344.0;
FNESE;AN;2025-07;0.9985;7.85;5088.0;
FNESE;AN;2025-08;0.9987;7.85;5832.0;
FNESE;AN;2025-09;0.9987;8.8;6552.0;
FNESE;AN;2025-10;0.9984;11.9917;7296.0;
FNESE;AN;2025-11;0.9984;12.7917;8016.0;
FNESE;AN;2025-12;0.9985;13.1583;8760.0;
FNESE;AN;2026-01;0.9987;1.0;744.0;
FNESE;AN;2026-02;0.9985;2.1417;1416.0;
FNESE;AN;2026-03;0.999;2.1417;2160.0;
FNESE;AN;2026-04;0.9993;2.1417;2880.0;
FNESE;AN;2026-05;0.9991;3.0917;3624.0;
FNESE;AN;2026-06;0.999;4.45;4344.0;
FNESE;AN;2026-07;0.999;4.9083;5088.0;
FNESE;ME;2021-01;1.0;0.0;;744
FNESE;ME;2021-02;1.0;0.0;;672
FNESE;ME;2021-03;1.0;0.0;;744
FNESE;ME;2021-04;1.0;0.0;;720
FNESE;ME;2021-05;0.9976;1.7917;744.0;744
FNESE;ME;2021-06;1.0;0.0;;720
FNESE;ME;2021-07;0.9981;1.3917;744.0;744
FNESE;ME;2021-08;0.9922;5.7667;744.0;744
FNESE;ME;2021-09;0.9982;1.3083;720.0;720
FNESE;ME;2021-10;0.9987;0.9333;744.0;744
FNESE;ME;2021-11;1.0;0.0;;720
FNESE;ME;2021-12;0.9989;0.85;744.0;744
FNESE;ME;2022-01;0.999;0.75;744.0;744
FNESE;ME;2022-02;0.9981;1.275;673.0;672
FNESE;ME;2022-03;0.9981;1.4417;744.0;744
FNESE;ME;2022-04;0.9997;0.2;720.0;720
FNESE;ME;2022-05;1.0;0.0;;744
FNESE;ME;2022-06;1.0;0.0;;720
FNESE;ME;2022-07;0.9994;0.4417;744.0;744
FNESE;ME;2022-08;1.0;0.0;;744
FNESE;ME;2022-09;1.0;0.0;;720
FNESE;ME;2022-10;1.0;0.0;;744
FNESE;ME;2022-11;1.0;0.0;;720
FNESE;ME;2022-12;1.0;0.0;;744
FNESE;ME;2023-01;1.0;0.0;;744
FNESE;ME;2023-02;0.9985;1.0083;673.0;672
FNESE;ME;2023-03;1.0;0.0;;744
FNESE;ME;2023-04;1.0;0.0;;720
FNESE;ME;2023-05;1.0;0.0;;744
FNESE;ME;2023-06;1.0;0.0;;720
FNESE;ME;2023-07;1.0;0.0;;744
FNESE;ME;2023-08;0.9996;0.3;744.0;744
FNESE;ME;2023-09;1.0;0.0;;720
FNESE;ME;2023-10;0.9997;0.1917;744.0;744
FNESE;ME;2023-11;0.9987;0.95;719.0;720
FNESE;ME;2023-12;0.9995;0.3417;744.0;744
FNESE;ME;2024-01;0.9997;0.225;744.0;744
FNESE;ME;2024-02;0.9988;0.8333;697.0;696
FNESE;ME;2024-03;0.9959;3.025;744.0;744
FNESE;ME;2024-04;0.9985;1.1;720.0;720
FNESE;ME;2024-05;0.9945;4.0667;744.0;744
FNESE;ME;2024-06;0.9989;0.7583;720.0;720
FNESE;ME;2024-07;0.9976;1.7667;744.0;744
FNESE;ME;2024-08;0.9989;0.85;744.0;744
FNESE;ME;2024-09;0.9952;3.475;720.0;720
FNESE;ME;2024-10;0.9946;4.025;744.0;744
FNESE;ME;2024-11;0.999;0.7167;720.0;720
FNESE;ME;2024-12;0.9977;1.7167;744.0;744
FNESE;ME;2025-01;0.9985;1.0833;744.0;744
FNESE;ME;2025-02;0.9967;2.25;672.0;672
FNESE;ME;2025-03;0.9971;2.1417;744.0;744
FNESE;ME;2025-04;0.9993;0.5167;720.0;720
FNESE;ME;2025-05;0.9996;0.3;744.0;744
FNESE;ME;2025-06;0.9986;1.0083;720.0;720
FNESE;ME;2025-07;0.9993;0.55;744.0;744
FNESE;ME;2025-08;1.0;0.0;;744
FNESE;ME;2025-09;0.9987;0.95;720.0;720
FNESE;ME;2025-10;0.9957;3.1917;744.0;744
FNESE;ME;2025-11;0.9989;0.8;720.0;720
FNESE;ME;2025-12;0.9995;0.3667;744.0;744
FNESE;ME;2026-01;0.9987;1.0;744.0;744
FNESE;ME;2026-02;0.9983;1.1417;672.0;672
FNESE;ME;2026-03;1.0;0.0;;744
FNESE;ME;2026-04;1.0;0.0;;720
FNESE;ME;2026-05;0.9987;0.95;744.0;744
FNESE;ME;2026-06;0.9981;1.3583;720.0;720
FNESE;ME;2026-07;0.9994;0.4583;744.0;744
FNS;AN;2017-01;1.0;0.0;;
FNS;AN;2017-02;0.9971;4.1;1417.0;
FNS;AN;2017-03;0.9981;4.1;2161.0;
FNS;AN;2017-04;0.9982;5.1667;2881.0;
FNS;AN;2017-05;0.9983;6.0333;3625.0;
FNS;AN;2017-06;0.9986;6.0333;4345.0;
FNS;AN;2017-07;0.9988;6.0333;5089.0;
FNS;AN;2017-08;0.999;6.0333;5833.0;
FNS;AN;2017-09;0.9991;6.0333;6553.0;
FNS;AN;2017-10;0.9992;6.0333;7296.0;
FNS;AN;2017-11;0.9992;6.0333;8016.0;
FNS;AN;2017-12;0.9965;30.9833;8760.0;
FNS;AN;2018-01;0.9447;41.1167;744.0;
FNS;AN;2018-02;0.9584;58.9333;1417.0;
FNS;AN;2018-03;0.9654;74.7;2161.0;
FNS;AN;2018-04;0.9702;85.8167;2881.0;
FNS;AN;2018-05;0.9704;107.4333;3625.0;
FNS;AN;2018-06;0.9689;135.15;4345.0;
FNS;AN;2018-07;0.9734;135.3167;5089.0;
FNS;AN;2018-08;0.9768;135.3167;5833.0;
FNS;AN;2018-09;0.9792;136.0667;6553.0;
FNS;AN;2018-10;0.9814;136.0667;7297.0;
FNS;AN;2018-11;0.9829;136.7833;8016.0;
FNS;AN;2018-12;0.9838;141.9583;8760.0;
FNS;AN;2019-01;1.0;0.0;;
FNS;AN;2019-02;1.0;0.0;;
FNS;AN;2019-03;1.0;0.0;;
FNS;AN;2019-04;1.0;0.0;;
FNS;AN;2019-05;1.0;0.0;;
FNS;AN;2019-06;0.9999;0.35;4345.0;
FNS;AN;2019-07;0.9996;2.2167;5089.0;
FNS;AN;2019-08;0.9994;3.3917;5833.0;
FNS;AN;2019-09;0.9976;15.9;6553.0;
FNS;AN;2019-10;0.9978;16.3917;7297.0;
FNS;AN;2019-11;0.9979;16.7667;8016.0;
FNS;AN;2019-12;0.9981;16.7667;8760.0;
FNS;AN;2020-01;0.999;0.775;744.0;
FNS;AN;2020-02;0.9959;5.9083;1441.0;
FNS;AN;2020-03;0.9957;9.4833;2185.0;
FNS;AN;2020-04;0.9941;17.1;2905.0;
FNS;AN;2020-05;0.9918;29.8583;3649.0;
FNS;AN;2020-06;0.9926;32.375;4369.0;
FNS;AN;2020-07;0.9937;32.375;5113.0;
FNS;AN;2020-08;0.9943;33.4667;5857.0;
FNS;AN;2020-09;0.9949;33.4667;6577.0;
FNS;AN;2020-10;0.9951;36.0583;7320.0;
FNS;AN;2020-11;0.9954;37.2333;8039.0;
FNS;AN;2020-12;0.9957;37.4167;8783.0;
FNS;AN;2021-01;0.9995;0.3833;744.0;
FNS;AN;2021-02;0.9987;1.8417;1417.0;
FNS;AN;2021-03;0.996;8.5917;2161.0;
FNS;AN;2021-04;0.997;8.5917;2881.0;
FNS;AN;2021-05;0.9971;10.525;3625.0;
FNS;AN;2021-06;0.9975;10.9083;4345.0;
FNS;AN;2021-07;0.9976;12.3667;5089.0;
FNS;AN;2021-08;0.9977;13.7;5833.0;
FNS;AN;2021-09;0.9978;14.275;6553.0;
FNS;AN;2021-10;0.9979;15.3583;7297.0;
FNS;AN;2021-11;0.9978;17.775;8016.0;
FNS;AN;2021-12;0.9977;19.8583;8760.0;
FNS;AN;2022-01;0.9934;4.8833;744.0;
FNS;AN;2022-02;0.9952;6.7917;1417.0;
FNS;AN;2022-03;0.9967;7.15;2161.0;
FNS;AN;2022-04;0.9972;7.9417;2881.0;
FNS;AN;2022-05;0.9977;8.475;3625.0;
FNS;AN;2022-06;0.9979;8.925;4345.0;
FNS;AN;2022-07;0.9982;8.925;5089.0;
FNS;AN;2022-08;0.9985;8.925;5833.0;
FNS;AN;2022-09;0.9986;8.925;6553.0;
FNS;AN;2022-10;0.9988;8.925;7297.0;
FNS;AN;2022-11;0.9989;8.925;8016.0;
FNS;AN;2022-12;0.999;9.0917;8760.0;
FNS;AN;2023-01;0.999;0.7333;744.0;
FNS;AN;2023-02;0.9983;2.3417;1417.0;
FNS;AN;2023-03;0.9988;2.525;2161.0;
FNS;AN;2023-04;0.9991;2.525;2881.0;
FNS;AN;2023-05;0.9993;2.525;3625.0;
FNS;AN;2023-06;0.9994;2.525;4345.0;
FNS;AN;2023-07;0.9995;2.525;5089.0;
FNS;AN;2023-08;0.9996;2.525;5833.0;
FNS;AN;2023-09;0.9996;2.525;6553.0;
FNS;AN;2023-10;0.9997;2.525;7297.0;
FNS;AN;2023-11;0.9997;2.525;8016.0;
FNS;AN;2023-12;0.9997;2.525;8760.0;
FNS;AN;2024-01;1.0;0.0;;
FNS;AN;2024-02;1.0;0.0;;
FNS;AN;2024-03;1.0;0.0;;
FNS;AN;2024-04;1.0;0.0;;
FNS;AN;2024-05;1.0;0.0;;
FNS;AN;2024-06;1.0;0.0;;
FNS;AN;2024-07;1.0;0.0;;
FNS;AN;2024-08;1.0;0.0;;
FNS;AN;2024-09;1.0;0.0;;
FNS;AN;2024-10;1.0;0.0;;
FNS;AN;2024-11;1.0;0.0;;
FNS;AN;2024-12;0.9999;0.7667;8785.0;
FNS;AN;2025-01;0.9989;0.85;744.0;
FNS;AN;2025-02;0.9989;1.575;1416.0;
FNS;AN;2025-03;0.9985;3.15;2160.0;
FNS;AN;2025-04;0.9989;3.15;2880.0;
FNS;AN;2025-05;0.9991;3.15;3624.0;
FNS;AN;2025-06;0.9993;3.15;4344.0;
FNS;AN;2025-07;0.9994;3.15;5088.0;
FNS;AN;2025-08;0.9995;3.15;5832.0;
FNS;AN;2025-09;0.9995;3.15;6552.0;
FNS;AN;2025-10;0.9996;3.15;7296.0;
FNS;AN;2025-11;0.9996;3.15;8016.0;
FNS;AN;2025-12;0.9996;3.15;8760.0;
FNS;AN;2026-01;1.0;0.0;;
FNS;AN;2026-02;0.9996;0.625;1416.0;
FNS;AN;2026-03;0.9997;0.625;2160.0;
FNS;AN;2026-04;0.9994;1.6833;2880.0;
FNS;AN;2026-05;0.9994;2.1083;3624.0;
FNS;AN;2026-06;0.9995;2.3417;4344.0;
FNS;AN;2026-07;0.9995;2.3417;5088.0;
FNS;ME;2017-01;1.0;0.0;;744
FNS;ME;2017-02;0.9939;4.1;673.0;672
FNS;ME;2017-03;1.0;0.0;;744
FNS;ME;2017-04;0.9985;1.0667;720.0;720
FNS;ME;2017-05;0.9988;0.8667;744.0;744
FNS;ME;2017-06;1.0;0.0;;720
FNS;ME;2017-07;1.0;0.0;;744
FNS;ME;2017-08;1.0;0.0;;744
FNS;ME;2017-09;1.0;0.0;;720
FNS;ME;2017-10;1.0;0.0;;744
FNS;ME;2017-11;1.0;0.0;;720
FNS;ME;2017-12;0.9665;24.95;744.0;744
FNS;ME;2018-01;0.9447;41.1167;744.0;744
FNS;ME;2018-02;0.9735;17.8167;673.0;672
FNS;ME;2018-03;0.9788;15.7667;744.0;744
FNS;ME;2018-04;0.9846;11.1167;720.0;720
FNS;ME;2018-05;0.9709;21.6167;744.0;744
FNS;ME;2018-06;0.9615;27.7167;720.0;720
FNS;ME;2018-07;0.9998;0.1667;744.0;744
FNS;ME;2018-08;1.0;0.0;;744
FNS;ME;2018-09;0.999;0.75;720.0;720
FNS;ME;2018-10;1.0;0.0;;744
FNS;ME;2018-11;0.999;0.7167;719.0;720
FNS;ME;2018-12;0.993;5.175;744.0;744
FNS;ME;2019-01;1.0;0.0;;744
FNS;ME;2019-02;1.0;0.0;;672
FNS;ME;2019-03;1.0;0.0;;744
FNS;ME;2019-04;1.0;0.0;;720
FNS;ME;2019-05;1.0;0.0;;744
FNS;ME;2019-06;0.9995;0.35;720.0;720
FNS;ME;2019-07;0.9975;1.8667;744.0;744
FNS;ME;2019-08;0.9984;1.175;744.0;744
FNS;ME;2019-09;0.9826;12.5083;720.0;720
FNS;ME;2019-10;0.9993;0.4917;744.0;744
FNS;ME;2019-11;0.9995;0.375;719.0;720
FNS;ME;2019-12;1.0;0.0;;744
FNS;ME;2020-01;0.999;0.775;744.0;744
FNS;ME;2020-02;0.9926;5.1333;697.0;696
FNS;ME;2020-03;0.9952;3.575;744.0;744
FNS;ME;2020-04;0.9894;7.6167;720.0;720
FNS;ME;2020-05;0.9829;12.7583;744.0;744
FNS;ME;2020-06;0.9965;2.5167;720.0;720
FNS;ME;2020-07;1.0;0.0;;744
FNS;ME;2020-08;0.9985;1.0917;744.0;744
FNS;ME;2020-09;1.0;0.0;;720
FNS;ME;2020-10;0.9965;2.5917;743.0;744
FNS;ME;2020-11;0.9984;1.175;719.0;720
FNS;ME;2020-12;0.9998;0.1833;744.0;744
FNS;ME;2021-01;0.9995;0.3833;744.0;744
FNS;ME;2021-02;0.9978;1.4583;673.0;672
FNS;ME;2021-03;0.9909;6.75;744.0;744
FNS;ME;2021-04;1.0;0.0;;720
FNS;ME;2021-05;0.9974;1.9333;744.0;744
FNS;ME;2021-06;0.9995;0.3833;720.0;720
FNS;ME;2021-07;0.998;1.4583;744.0;744
FNS;ME;2021-08;0.9982;1.3333;744.0;744
FNS;ME;2021-09;0.9992;0.575;720.0;720
FNS;ME;2021-10;0.9985;1.0833;744.0;744
FNS;ME;2021-11;0.9966;2.4167;719.0;720
FNS;ME;2021-12;0.9972;2.0833;744.0;744
FNS;ME;2022-01;0.9934;4.8833;744.0;744
FNS;ME;2022-02;0.9972;1.9083;673.0;672
FNS;ME;2022-03;0.9995;0.3583;744.0;744
FNS;ME;2022-04;0.9989;0.7917;720.0;720
FNS;ME;2022-05;0.9993;0.5333;744.0;744
FNS;ME;2022-06;0.9994;0.45;720.0;720
FNS;ME;2022-07;1.0;0.0;;744
FNS;ME;2022-08;1.0;0.0;;744
FNS;ME;2022-09;1.0;0.0;;720
FNS;ME;2022-10;1.0;0.0;;744
FNS;ME;2022-11;1.0;0.0;;720
FNS;ME;2022-12;0.9998;0.1667;744.0;744
FNS;ME;2023-01;0.999;0.7333;744.0;744
FNS;ME;2023-02;0.9976;1.6083;673.0;672
FNS;ME;2023-03;0.9998;0.1833;744.0;744
FNS;ME;2023-04;1.0;0.0;;720
FNS;ME;2023-05;1.0;0.0;;744
FNS;ME;2023-06;1.0;0.0;;720
FNS;ME;2023-07;1.0;0.0;;744
FNS;ME;2023-08;1.0;0.0;;744
FNS;ME;2023-09;1.0;0.0;;720
FNS;ME;2023-10;1.0;0.0;;744
FNS;ME;2023-11;1.0;0.0;;720
FNS;ME;2023-12;1.0;0.0;;744
FNS;ME;2024-01;1.0;0.0;;744
FNS;ME;2024-02;1.0;0.0;;696
FNS;ME;2024-03;1.0;0.0;;744
FNS;ME;2024-04;1.0;0.0;;720
FNS;ME;2024-05;1.0;0.0;;744
FNS;ME;2024-06;1.0;0.0;;720
FNS;ME;2024-07;1.0;0.0;;744
FNS;ME;2024-08;1.0;0.0;;744
FNS;ME;2024-09;1.0;0.0;;720
FNS;ME;2024-10;1.0;0.0;;744
FNS;ME;2024-11;1.0;0.0;;720
FNS;ME;2024-12;0.999;0.7667;744.0;744
FNS;ME;2025-01;0.9989;0.85;744.0;744
FNS;ME;2025-02;0.9989;0.725;672.0;672
FNS;ME;2025-03;0.9979;1.575;744.0;744
FNS;ME;2025-04;1.0;0.0;;720
FNS;ME;2025-05;1.0;0.0;;744
FNS;ME;2025-06;1.0;0.0;;720
FNS;ME;2025-07;1.0;0.0;;744
FNS;ME;2025-08;1.0;0.0;;744
FNS;ME;2025-09;1.0;0.0;;720
FNS;ME;2025-10;1.0;0.0;;744
FNS;ME;2025-11;1.0;0.0;;720
FNS;ME;2025-12;1.0;0.0;;744
FNS;ME;2026-01;1.0;0.0;;744
FNS;ME;2026-02;0.9991;0.625;672.0;672
FNS;ME;2026-03;1.0;0.0;;744
FNS;ME;2026-04;0.9985;1.0583;720.0;720
FNS;ME;2026-05;0.9994;0.425;744.0;744
FNS;ME;2026-06;0.9997;0.2333;720.0;720
FNS;ME;2026-07;1.0;0.0;;744
FNS+NESE;AN;2021-01;0.9993;0.5167;744.0;
FNS+NESE;AN;2021-02;0.9996;0.5167;1417.0;
FNS+NESE;AN;2021-03;0.9997;0.6833;2161.0;
FNS+NESE;AN;2021-04;0.9998;0.6833;2881.0;
FNS+NESE;AN;2021-05;0.9997;1.175;3625.0;
FNS+NESE;AN;2021-06;0.9994;2.6;4345.0;
FNS+NESE;AN;2021-07;0.9991;4.3917;5089.0;
FNS+NESE;AN;2021-08;0.9986;7.9917;5833.0;
FNS+NESE;AN;2021-09;0.9984;10.25;6553.0;
FNS+NESE;AN;2021-10;0.9985;11.175;7297.0;
FNS+NESE;AN;2021-11;0.998;16.3833;8016.0;
FNS+NESE;AN;2021-12;0.998;17.3083;8760.0;
FNS+NESE;AN;2022-01;0.9993;0.5417;744.0;
FNS+NESE;AN;2022-02;0.9978;3.15;1417.0;
FNS+NESE;AN;2022-03;0.9982;3.8583;2161.0;
FNS+NESE;AN;2022-04;0.9983;4.775;2881.0;
FNS+NESE;AN;2022-05;0.9986;5.0;3625.0;
FNS+NESE;AN;2022-06;0.9987;5.6583;4345.0;
FNS+NESE;AN;2022-07;0.9987;6.8667;5089.0;
FNS+NESE;AN;2022-08;0.9987;7.6417;5833.0;
FNS+NESE;AN;2022-09;0.9988;7.6417;6553.0;
FNS+NESE;AN;2022-10;0.9989;8.2;7297.0;
FNS+NESE;AN;2022-11;0.9989;8.7583;8016.0;
FNS+NESE;AN;2022-12;0.999;8.9667;8760.0;
FNS+NESE;AN;2023-01;0.9984;1.1667;744.0;
FNS+NESE;AN;2023-02;0.9979;3.0333;1417.0;
FNS+NESE;AN;2023-03;0.9986;3.0333;2161.0;
FNS+NESE;AN;2023-04;0.9989;3.0333;2881.0;
FNS+NESE;AN;2023-05;0.9992;3.0333;3625.0;
FNS+NESE;AN;2023-06;0.9993;3.0333;4345.0;
FNS+NESE;AN;2023-07;0.9994;3.0333;5089.0;
FNS+NESE;AN;2023-08;0.9994;3.6417;5833.0;
FNS+NESE;AN;2023-09;0.9994;3.6417;6553.0;
FNS+NESE;AN;2023-10;0.9995;3.6417;7297.0;
FNS+NESE;AN;2023-11;0.9995;3.6417;8016.0;
FNS+NESE;AN;2023-12;0.9996;3.6417;8760.0;
FNS+NESE;AN;2024-01;1.0;0.0;;
FNS+NESE;AN;2024-02;1.0;0.0;;
FNS+NESE;AN;2024-03;1.0;0.0;;
FNS+NESE;AN;2024-04;0.9997;0.8167;2905.0;
FNS+NESE;AN;2024-05;0.9993;2.5333;3649.0;
FNS+NESE;AN;2024-06;0.9993;3.0083;4369.0;
FNS+NESE;AN;2024-07;0.9994;3.0083;5113.0;
FNS+NESE;AN;2024-08;0.9993;3.9667;5857.0;
FNS+NESE;AN;2024-09;0.999;6.4667;6577.0;
FNS+NESE;AN;2024-10;0.9986;9.9083;7321.0;
FNS+NESE;AN;2024-11;0.9985;12.1167;8041.0;
FNS+NESE;AN;2024-12;0.9985;13.2417;8785.0;
FNS+NESE;AN;2025-01;0.996;2.9417;744.0;
FNS+NESE;AN;2025-02;0.9935;9.225;1416.0;
FNS+NESE;AN;2025-03;0.9952;10.475;2160.0;
FNS+NESE;AN;2025-04;0.9954;13.2;2880.0;
FNS+NESE;AN;2025-05;0.9957;15.4667;3624.0;
FNS+NESE;AN;2025-06;0.9953;20.5583;4344.0;
FNS+NESE;AN;2025-07;0.9958;21.5;5088.0;
FNS+NESE;AN;2025-08;0.9963;21.5;5832.0;
FNS+NESE;AN;2025-09;0.9965;22.9583;6552.0;
FNS+NESE;AN;2025-10;0.9968;23.6417;7296.0;
FNS+NESE;AN;2025-11;0.9971;23.6417;8016.0;
FNS+NESE;AN;2025-12;0.9973;23.6417;8760.0;
FNS+NESE;AN;2026-01;0.9979;1.5667;744.0;
FNS+NESE;AN;2026-02;0.9975;3.575;1416.0;
FNS+NESE;AN;2026-03;0.9983;3.75;2160.0;
FNS+NESE;AN;2026-04;0.9985;4.4167;2880.0;
FNS+NESE;AN;2026-05;0.9985;5.5167;3624.0;
FNS+NESE;AN;2026-06;0.9985;6.4667;4344.0;
FNS+NESE;AN;2026-07;0.9987;6.7917;5088.0;
FNS+NESE;ME;2021-01;0.9993;0.5167;744.0;744
FNS+NESE;ME;2021-02;1.0;0.0;;672
FNS+NESE;ME;2021-03;0.9998;0.1667;744.0;744
FNS+NESE;ME;2021-04;1.0;0.0;;720
FNS+NESE;ME;2021-05;0.9993;0.4917;744.0;744
FNS+NESE;ME;2021-06;0.998;1.425;720.0;720
FNS+NESE;ME;2021-07;0.9976;1.7917;744.0;744
FNS+NESE;ME;2021-08;0.9952;3.6;744.0;744
FNS+NESE;ME;2021-09;0.9969;2.2583;720.0;720
FNS+NESE;ME;2021-10;0.9988;0.925;744.0;744
FNS+NESE;ME;2021-11;0.9928;5.2083;719.0;720
FNS+NESE;ME;2021-12;0.9988;0.925;744.0;744
FNS+NESE;ME;2022-01;0.9993;0.5417;744.0;744
FNS+NESE;ME;2022-02;0.9961;2.6083;673.0;672
FNS+NESE;ME;2022-03;0.999;0.7083;744.0;744
FNS+NESE;ME;2022-04;0.9987;0.9167;720.0;720
FNS+NESE;ME;2022-05;0.9997;0.225;744.0;744
FNS+NESE;ME;2022-06;0.9991;0.6583;720.0;720
FNS+NESE;ME;2022-07;0.9984;1.2083;744.0;744
FNS+NESE;ME;2022-08;0.999;0.775;744.0;744
FNS+NESE;ME;2022-09;1.0;0.0;;720
FNS+NESE;ME;2022-10;0.9992;0.5583;744.0;744
FNS+NESE;ME;2022-11;0.9992;0.5583;719.0;720
FNS+NESE;ME;2022-12;0.9997;0.2083;744.0;744
FNS+NESE;ME;2023-01;0.9984;1.1667;744.0;744
FNS+NESE;ME;2023-02;0.9972;1.8667;673.0;672
FNS+NESE;ME;2023-03;1.0;0.0;;744
FNS+NESE;ME;2023-04;1.0;0.0;;720
FNS+NESE;ME;2023-05;1.0;0.0;;744
FNS+NESE;ME;2023-06;1.0;0.0;;720
FNS+NESE;ME;2023-07;1.0;0.0;;744
FNS+NESE;ME;2023-08;0.9992;0.6083;744.0;744
FNS+NESE;ME;2023-09;1.0;0.0;;720
FNS+NESE;ME;2023-10;1.0;0.0;;744
FNS+NESE;ME;2023-11;1.0;0.0;;720
FNS+NESE;ME;2023-12;1.0;0.0;;744
FNS+NESE;ME;2024-01;1.0;0.0;;744
FNS+NESE;ME;2024-02;1.0;0.0;;696
FNS+NESE;ME;2024-03;1.0;0.0;;744
FNS+NESE;ME;2024-04;0.9989;0.8167;720.0;720
FNS+NESE;ME;2024-05;0.9977;1.7167;744.0;744
FNS+NESE;ME;2024-06;0.9993;0.475;720.0;720
FNS+NESE;ME;2024-07;1.0;0.0;;744
FNS+NESE;ME;2024-08;0.9987;0.9583;744.0;744
FNS+NESE;ME;2024-09;0.9965;2.5;720.0;720
FNS+NESE;ME;2024-10;0.9954;3.4417;744.0;744
FNS+NESE;ME;2024-11;0.9969;2.2083;720.0;720
FNS+NESE;ME;2024-12;0.9985;1.125;744.0;744
FNS+NESE;ME;2025-01;0.996;2.9417;744.0;744
FNS+NESE;ME;2025-02;0.9906;6.2833;672.0;672
FNS+NESE;ME;2025-03;0.9983;1.25;744.0;744
FNS+NESE;ME;2025-04;0.9962;2.725;720.0;720
FNS+NESE;ME;2025-05;0.997;2.2667;744.0;744
FNS+NESE;ME;2025-06;0.9929;5.0917;720.0;720
FNS+NESE;ME;2025-07;0.9987;0.9417;744.0;744
FNS+NESE;ME;2025-08;1.0;0.0;;744
FNS+NESE;ME;2025-09;0.998;1.4583;720.0;720
FNS+NESE;ME;2025-10;0.9991;0.6833;744.0;744
FNS+NESE;ME;2025-11;1.0;0.0;;720
FNS+NESE;ME;2025-12;1.0;0.0;;744
FNS+NESE;ME;2026-01;0.9979;1.5667;744.0;744
FNS+NESE;ME;2026-02;0.997;2.0083;672.0;672
FNS+NESE;ME;2026-03;0.9998;0.175;744.0;744
FNS+NESE;ME;2026-04;0.9991;0.6667;720.0;720
FNS+NESE;ME;2026-05;0.9985;1.1;744.0;744
FNS+NESE;ME;2026-06;0.9987;0.95;720.0;720
FNS+NESE;ME;2026-07;0.9996;0.325;744.0;744
FSECO;AN;2017-01;1.0;0.0;;
FSECO;AN;2017-02;1.0;0.0;;
FSECO;AN;2017-03;1.0;0.0;;
FSECO;AN;2017-04;1.0;0.0;;
FSECO;AN;2017-05;1.0;0.0;;
FSECO;AN;2017-06;1.0;0.0;;
FSECO;AN;2017-07;1.0;0.0;;
FSECO;AN;2017-08;1.0;0.0;;
FSECO;AN;2017-09;1.0;0.0;;
FSECO;AN;2017-10;1.0;0.0;;
FSECO;AN;2017-11;1.0;0.0;;
FSECO;AN;2017-12;1.0;0.0;;
FSECO;AN;2018-01;1.0;0.0;;
FSECO;AN;2018-02;1.0;0.0;;
FSECO;AN;2018-03;1.0;0.0;;
FSECO;AN;2018-04;1.0;0.0;;
FSECO;AN;2018-05;1.0;0.0;;
FSECO;AN;2018-06;1.0;0.0;;
FSECO;AN;2018-07;1.0;0.0;;
FSECO;AN;2018-08;1.0;0.0;;
FSECO;AN;2018-09;1.0;0.0;;
FSECO;AN;2018-10;1.0;0.0;;
FSECO;AN;2018-11;1.0;0.0;;
FSECO;AN;2018-12;1.0;0.0;;
FSECO;AN;2019-01;1.0;0.0;;
FSECO;AN;2019-02;1.0;0.0;;
FSECO;AN;2019-03;1.0;0.0;;
FSECO;AN;2019-04;1.0;0.0;;
FSECO;AN;2019-05;1.0;0.0;;
FSECO;AN;2019-06;1.0;0.0;;
FSECO;AN;2019-07;1.0;0.0;;
FSECO;AN;2019-08;1.0;0.0;;
FSECO;AN;2019-09;1.0;0.0;;
FSECO;AN;2019-10;1.0;0.0;;
FSECO;AN;2019-11;1.0;0.0;;
FSECO;AN;2019-12;1.0;0.0;;
FSECO;AN;2020-01;1.0;0.0;;
FSECO;AN;2020-02;1.0;0.0;;
FSECO;AN;2020-03;1.0;0.0;;
FSECO;AN;2020-04;1.0;0.0;;
FSECO;AN;2020-05;1.0;0.0;;
FSECO;AN;2020-06;1.0;0.0;;
FSECO;AN;2020-07;1.0;0.0;;
FSECO;AN;2020-08;1.0;0.0;;
FSECO;AN;2020-09;1.0;0.0;;
FSECO;AN;2020-10;1.0;0.0;;
FSECO;AN;2020-11;1.0;0.0;;
FSECO;AN;2020-12;1.0;0.0;;
FSECO;AN;2021-01;1.0;0.0;;
FSECO;AN;2021-02;1.0;0.0;;
FSECO;AN;2021-03;1.0;0.0;;
FSECO;AN;2021-04;1.0;0.0;;
FSECO;AN;2021-05;1.0;0.0;;
FSECO;AN;2021-06;1.0;0.0;;
FSECO;AN;2021-07;1.0;0.0;;
FSECO;AN;2021-08;1.0;0.0;;
FSECO;AN;2021-09;1.0;0.0;;
FSECO;AN;2021-10;1.0;0.0;;
FSECO;AN;2021-11;1.0;0.0;;
FSECO;AN;2021-12;1.0;0.0;;
FSECO;AN;2022-01;1.0;0.0;;
FSECO;ME;2017-01;1.0;0.0;;744
FSECO;ME;2017-02;1.0;0.0;;672
FSECO;ME;2017-03;1.0;0.0;;744
FSECO;ME;2017-04;1.0;0.0;;720
FSECO;ME;2017-05;1.0;0.0;;744
FSECO;ME;2017-06;1.0;0.0;;720
FSECO;ME;2017-07;1.0;0.0;;744
FSECO;ME;2017-08;1.0;0.0;;744
FSECO;ME;2017-09;1.0;0.0;;720
FSECO;ME;2017-10;1.0;0.0;;744
FSECO;ME;2017-11;1.0;0.0;;720
FSECO;ME;2017-12;1.0;0.0;;744
FSECO;ME;2018-01;1.0;0.0;;744
FSECO;ME;2018-02;1.0;0.0;;672
FSECO;ME;2018-03;1.0;0.0;;744
FSECO;ME;2018-04;1.0;0.0;;720
FSECO;ME;2018-05;1.0;0.0;;744
FSECO;ME;2018-06;1.0;0.0;;720
FSECO;ME;2018-07;1.0;0.0;;744
FSECO;ME;2018-08;1.0;0.0;;744
FSECO;ME;2018-09;1.0;0.0;;720
FSECO;ME;2018-10;1.0;0.0;;744
FSECO;ME;2018-11;1.0;0.0;;720
FSECO;ME;2018-12;1.0;0.0;;744
FSECO;ME;2019-01;1.0;0.0;;744
FSECO;ME;2019-02;1.0;0.0;;672
FSECO;ME;2019-03;1.0;0.0;;744
FSECO;ME;2019-04;1.0;0.0;;720
FSECO;ME;2019-05;1.0;0.0;;744
FSECO;ME;2019-06;1.0;0.0;;720
FSECO;ME;2019-07;1.0;0.0;;744
FSECO;ME;2019-08;1.0;0.0;;744
FSECO;ME;2019-09;1.0;0.0;;720
FSECO;ME;2019-10;1.0;0.0;;744
FSECO;ME;2019-11;1.0;0.0;;720
FSECO;ME;2019-12;1.0;0.0;;744
FSECO;ME;2020-01;1.0;0.0;;744
FSECO;ME;2020-02;1.0;0.0;;696
FSECO;ME;2020-03;1.0;0.0;;744
FSECO;ME;2020-04;1.0;0.0;;720
FSECO;ME;2020-05;1.0;0.0;;744
FSECO;ME;2020-06;1.0;0.0;;720
FSECO;ME;2020-07;1.0;0.0;;744
FSECO;ME;2020-08;1.0;0.0;;744
FSECO;ME;2020-09;1.0;0.0;;720
FSECO;ME;2020-10;1.0;0.0;;744
FSECO;ME;2020-11;1.0;0.0;;720
FSECO;ME;2020-12;1.0;0.0;;744
FSECO;ME;2021-01;1.0;0.0;;744
FSECO;ME;2021-02;1.0;0.0;;672
FSECO;ME;2021-03;1.0;0.0;;744
FSECO;ME;2021-04;1.0;0.0;;720
FSECO;ME;2021-05;1.0;0.0;;744
FSECO;ME;2021-06;1.0;0.0;;720
FSECO;ME;2021-07;1.0;0.0;;744
FSECO;ME;2021-08;1.0;0.0;;744
FSECO;ME;2021-09;1.0;0.0;;720
FSECO;ME;2021-10;1.0;0.0;;744
FSECO;ME;2021-11;1.0;0.0;;720
FSECO;ME;2021-12;1.0;0.0;;744
FSECO;ME;2022-01;1.0;0.0;;744
GIPU;AN;2018-01;0.9922;5.8167;744.0;
GIPU;AN;2018-02;0.9959;5.8167;1417.0;
GIPU;AN;2018-03;0.9973;5.8167;2161.0;
GIPU;AN;2018-04;0.9978;6.4167;2881.0;
GIPU;AN;2018-05;0.9982;6.4167;3625.0;
GIPU;AN;2018-06;0.9985;6.4167;4345.0;
GIPU;AN;2018-07;0.9987;6.4167;5089.0;
GIPU;AN;2018-08;0.9989;6.4167;5833.0;
GIPU;AN;2018-09;0.999;6.4167;6553.0;
GIPU;AN;2018-10;0.9991;6.4167;7297.0;
GIPU;AN;2018-11;0.9992;6.4167;8016.0;
GIPU;AN;2018-12;0.9993;6.4167;8760.0;
GIPU;AN;2019-01;1.0;0.0;;
GIPU;AN;2019-02;1.0;0.0;;
GIPU;AN;2019-03;1.0;0.0;;
GIPU;AN;2019-04;1.0;0.0;;
GIPU;AN;2019-05;0.9999;0.2;3625.0;
GIPU;AN;2019-06;1.0;0.2;4345.0;
GIPU;AN;2019-07;1.0;0.2;5089.0;
GIPU;AN;2019-08;1.0;0.2;5833.0;
GIPU;AN;2019-09;1.0;0.2;6553.0;
GIPU;AN;2019-10;1.0;0.2;7297.0;
GIPU;AN;2019-11;1.0;0.2;8016.0;
GIPU;AN;2019-12;1.0;0.2;8760.0;
GIPU;AN;2020-01;1.0;0.0;;
GIPU;AN;2020-02;0.9998;0.3083;1441.0;
GIPU;AN;2020-03;0.9999;0.3083;2185.0;
GIPU;AN;2020-04;0.9998;0.5333;2905.0;
GIPU;AN;2020-05;0.9999;0.5333;3649.0;
GIPU;AN;2020-06;0.9999;0.5333;4369.0;
GIPU;AN;2020-07;0.9999;0.5333;5113.0;
GIPU;AN;2020-08;0.9999;0.5333;5857.0;
GIPU;AN;2020-09;0.9999;0.5333;6577.0;
GIPU;AN;2020-10;0.9999;0.5333;7320.0;
GIPU;AN;2020-11;0.9999;0.5333;8039.0;
GIPU;AN;2020-12;0.9999;0.5333;8783.0;
GIPU;AN;2021-01;0.9998;0.1667;744.0;
GIPU;AN;2021-02;0.9999;0.1667;1417.0;
GIPU;AN;2021-03;0.9999;0.1667;2161.0;
GIPU;AN;2021-04;0.9999;0.1667;2881.0;
GIPU;AN;2021-05;1.0;0.1667;3625.0;
GIPU;AN;2021-06;1.0;0.1667;4345.0;
GIPU;AN;2021-07;1.0;0.1667;5089.0;
GIPU;AN;2021-08;1.0;0.1667;5833.0;
GIPU;AN;2021-09;1.0;0.1667;6553.0;
GIPU;AN;2021-10;0.9997;1.9333;7297.0;
GIPU;AN;2021-11;0.9998;1.9333;8016.0;
GIPU;AN;2021-12;0.9998;1.9333;8760.0;
GIPU;AN;2022-01;1.0;0.0;;
GIPU;AN;2022-02;1.0;0.0;;
GIPU;AN;2022-03;0.9999;0.175;2161.0;
GIPU;AN;2022-04;0.9999;0.175;2881.0;
GIPU;AN;2022-05;1.0;0.175;3625.0;
GIPU;AN;2022-06;0.9998;0.9917;4345.0;
GIPU;AN;2022-07;0.9998;0.9917;5089.0;
GIPU;AN;2022-08;0.9998;1.375;5833.0;
GIPU;AN;2022-09;0.9998;1.375;6553.0;
GIPU;AN;2022-10;0.9997;2.3833;7297.0;
GIPU;AN;2022-11;0.9995;3.625;8016.0;
GIPU;AN;2022-12;0.9996;3.625;8760.0;
GIPU;AN;2023-01;1.0;0.0;;
GIPU;AN;2023-02;0.9998;0.3167;1417.0;
GIPU;AN;2023-03;0.9999;0.3167;2161.0;
GIPU;AN;2023-04;0.9999;0.3167;2881.0;
GIPU;AN;2023-05;0.9999;0.3167;3625.0;
GIPU;AN;2023-06;0.9999;0.3167;4345.0;
GIPU;AN;2023-07;0.9999;0.525;5089.0;
GIPU;AN;2023-08;0.9999;0.525;5833.0;
GIPU;AN;2023-09;0.9999;0.525;6553.0;
GIPU;AN;2023-10;0.9999;0.525;7297.0;
GIPU;AN;2023-11;0.9999;0.525;8016.0;
GIPU;AN;2023-12;0.9999;0.525;8760.0;
GIPU;AN;2024-01;1.0;0.0;;
GIPU;AN;2024-02;1.0;0.0;;
GIPU;AN;2024-03;1.0;0.0;;
GIPU;AN;2024-04;1.0;0.0;;
GIPU;AN;2024-05;1.0;0.0;;
GIPU;AN;2024-06;1.0;0.0;;
GIPU;AN;2024-07;1.0;0.0;;
GIPU;AN;2024-08;1.0;0.0;;
GIPU;AN;2024-09;1.0;0.0;;
GIPU;AN;2024-10;1.0;0.0;;
GIPU;AN;2024-11;1.0;0.0;;
GIPU;AN;2024-12;1.0;0.0;;
GIPU;AN;2025-01;0.9991;0.6583;744.0;
GIPU;AN;2025-02;0.9995;0.6583;1416.0;
GIPU;ME;2018-01;0.9922;5.8167;744.0;744
GIPU;ME;2018-02;1.0;0.0;;672
GIPU;ME;2018-03;1.0;0.0;;744
GIPU;ME;2018-04;0.9992;0.6;720.0;720
GIPU;ME;2018-05;1.0;0.0;;744
GIPU;ME;2018-06;1.0;0.0;;720
GIPU;ME;2018-07;1.0;0.0;;744
GIPU;ME;2018-08;1.0;0.0;;744
GIPU;ME;2018-09;1.0;0.0;;720
GIPU;ME;2018-10;1.0;0.0;;744
GIPU;ME;2018-11;1.0;0.0;;720
GIPU;ME;2018-12;1.0;0.0;;744
GIPU;ME;2019-01;1.0;0.0;;744
GIPU;ME;2019-02;1.0;0.0;;672
GIPU;ME;2019-03;1.0;0.0;;744
GIPU;ME;2019-04;1.0;0.0;;720
GIPU;ME;2019-05;0.9997;0.2;744.0;744
GIPU;ME;2019-06;1.0;0.0;;720
GIPU;ME;2019-07;1.0;0.0;;744
GIPU;ME;2019-08;1.0;0.0;;744
GIPU;ME;2019-09;1.0;0.0;;720
GIPU;ME;2019-10;1.0;0.0;;744
GIPU;ME;2019-11;1.0;0.0;;720
GIPU;ME;2019-12;1.0;0.0;;744
GIPU;ME;2020-01;1.0;0.0;;744
GIPU;ME;2020-02;0.9996;0.3083;697.0;696
GIPU;ME;2020-03;1.0;0.0;;744
GIPU;ME;2020-04;0.9997;0.225;720.0;720
GIPU;ME;2020-05;1.0;0.0;;744
GIPU;ME;2020-06;1.0;0.0;;720
GIPU;ME;2020-07;1.0;0.0;;744
GIPU;ME;2020-08;1.0;0.0;;744
GIPU;ME;2020-09;1.0;0.0;;720
GIPU;ME;2020-10;1.0;0.0;;744
GIPU;ME;2020-11;1.0;0.0;;720
GIPU;ME;2020-12;1.0;0.0;;744
GIPU;ME;2021-01;0.9998;0.1667;744.0;744
GIPU;ME;2021-02;1.0;0.0;;672
GIPU;ME;2021-03;1.0;0.0;;744
GIPU;ME;2021-04;1.0;0.0;;720
GIPU;ME;2021-05;1.0;0.0;;744
GIPU;ME;2021-06;1.0;0.0;;720
GIPU;ME;2021-07;1.0;0.0;;744
GIPU;ME;2021-08;1.0;0.0;;744
GIPU;ME;2021-09;1.0;0.0;;720
GIPU;ME;2021-10;0.9976;1.7667;744.0;744
GIPU;ME;2021-11;1.0;0.0;;720
GIPU;ME;2021-12;1.0;0.0;;744
GIPU;ME;2022-01;1.0;0.0;;744
GIPU;ME;2022-02;1.0;0.0;;672
GIPU;ME;2022-03;0.9998;0.175;744.0;744
GIPU;ME;2022-04;1.0;0.0;;720
GIPU;ME;2022-05;1.0;0.0;;744
GIPU;ME;2022-06;0.9989;0.8167;720.0;720
GIPU;ME;2022-07;1.0;0.0;;744
GIPU;ME;2022-08;0.9995;0.3833;744.0;744
GIPU;ME;2022-09;1.0;0.0;;720
GIPU;ME;2022-10;0.9986;1.0083;744.0;744
GIPU;ME;2022-11;0.9983;1.2417;719.0;720
GIPU;ME;2022-12;1.0;0.0;;744
GIPU;ME;2023-01;1.0;0.0;;744
GIPU;ME;2023-02;0.9995;0.3167;673.0;672
GIPU;ME;2023-03;1.0;0.0;;744
GIPU;ME;2023-04;1.0;0.0;;720
GIPU;ME;2023-05;1.0;0.0;;744
GIPU;ME;2023-06;1.0;0.0;;720
GIPU;ME;2023-07;0.9997;0.2083;744.0;744
GIPU;ME;2023-08;1.0;0.0;;744
GIPU;ME;2023-09;1.0;0.0;;720
GIPU;ME;2023-10;1.0;0.0;;744
GIPU;ME;2023-11;1.0;0.0;;720
GIPU;ME;2023-12;1.0;0.0;;744
GIPU;ME;2024-01;1.0;0.0;;744
GIPU;ME;2024-02;1.0;0.0;;696
GIPU;ME;2024-03;1.0;0.0;;744
GIPU;ME;2024-04;1.0;0.0;;720
GIPU;ME;2024-05;1.0;0.0;;744
GIPU;ME;2024-06;1.0;0.0;;720
GIPU;ME;2024-07;1.0;0.0;;744
GIPU;ME;2024-08;1.0;0.0;;744
GIPU;ME;2024-09;1.0;0.0;;720
GIPU;ME;2024-10;1.0;0.0;;744
GIPU;ME;2024-11;1.0;0.0;;720
GIPU;ME;2024-12;1.0;0.0;;744
GIPU;ME;2025-01;0.9991;0.6583;744.0;744
GIPU;ME;2025-02;1.0;0.0;;672
RNE;AN;2017-01;1.0;0.0;;
RNE;AN;2017-02;1.0;0.0;;
RNE;AN;2017-03;1.0;0.0;;
RNE;AN;2017-04;0.9999;0.1667;2881.0;
RNE;AN;2017-05;0.9998;0.7667;3625.0;
RNE;AN;2017-06;0.9998;0.7667;4345.0;
RNE;AN;2017-07;0.9998;0.7667;5089.0;
RNE;AN;2017-08;0.9999;0.7667;5833.0;
RNE;AN;2017-09;0.9999;0.7667;6553.0;
RNE;AN;2017-10;0.9999;0.7667;7296.0;
RNE;AN;2017-11;0.9997;2.5167;8016.0;
RNE;AN;2017-12;0.9996;3.9333;8760.0;
RNE;AN;2018-01;0.9978;1.6167;744.0;
RNE;AN;2018-02;0.9971;4.15;1417.0;
RNE;AN;2018-03;0.9977;4.8667;2161.0;
RNE;AN;2018-04;0.9983;4.8667;2881.0;
RNE;AN;2018-05;0.9987;4.8667;3625.0;
RNE;AN;2018-06;0.9988;5.0833;4345.0;
RNE;AN;2018-07;0.999;5.0833;5089.0;
RNE;AN;2018-08;0.9991;5.0833;5833.0;
RNE;AN;2018-09;0.9992;5.0833;6553.0;
RNE;AN;2018-10;0.999;7.65;7297.0;
RNE;AN;2018-11;0.999;7.8167;8016.0;
RNE;AN;2018-12;0.9991;8.2;8760.0;
RNE;AN;2019-01;1.0;0.0;;
RNE;AN;2019-02;1.0;0.0;;
RNE;AN;2019-03;1.0;0.0;;
RNE;AN;2019-04;0.9995;1.55;2881.0;
RNE;AN;2019-05;0.9996;1.55;3625.0;
RNE;AN;2019-06;0.9996;1.55;4345.0;
RNE;AN;2019-07;0.9997;1.55;5089.0;
RNE;AN;2019-08;0.9997;1.55;5833.0;
RNE;AN;2019-09;0.9998;1.55;6553.0;
RNE;AN;2019-10;0.9998;1.55;7297.0;
RNE;AN;2019-11;0.9998;1.55;8016.0;
RNE;AN;2019-12;0.9998;1.55;8760.0;
RNE;AN;2020-01;0.9997;0.225;744.0;
RNE;AN;2020-02;0.9997;0.45;1441.0;
RNE;AN;2020-03;0.9994;1.2417;2185.0;
RNE;AN;2020-04;0.9996;1.2417;2905.0;
RNE;AN;2020-05;0.9994;2.35;3649.0;
RNE;AN;2020-06;0.9995;2.35;4369.0;
RNE;AN;2020-07;0.9995;2.35;5113.0;
RNE;AN;2020-08;0.9996;2.35;5857.0;
RNE;AN;2020-09;0.9996;2.35;6577.0;
RNE;AN;2020-10;0.9997;2.35;7320.0;
RNE;AN;2020-11;0.9997;2.35;8039.0;
RNE;AN;2020-12;0.9997;2.35;8783.0;
RNE;AN;2021-01;1.0;0.0;;
RNE;AN;2021-02;1.0;0.0;;
RNE;AN;2021-03;1.0;0.0;;
RNE;AN;2021-04;1.0;0.0;;
RNE;AN;2021-05;1.0;0.0;;
RNE;AN;2021-06;1.0;0.0;;
RNE;AN;2021-07;1.0;0.0;;
RNE;AN;2021-08;1.0;0.0;;
RNE;AN;2021-09;1.0;0.0;;
RNE;ME;2017-01;1.0;0.0;;744
RNE;ME;2017-02;1.0;0.0;;672
RNE;ME;2017-03;1.0;0.0;;744
RNE;ME;2017-04;0.9998;0.1667;720.0;720
RNE;ME;2017-05;0.9992;0.6;744.0;744
RNE;ME;2017-06;1.0;0.0;;720
RNE;ME;2017-07;1.0;0.0;;744
RNE;ME;2017-08;1.0;0.0;;744
RNE;ME;2017-09;1.0;0.0;;720
RNE;ME;2017-10;1.0;0.0;;744
RNE;ME;2017-11;0.9976;1.75;720.0;720
RNE;ME;2017-12;0.9981;1.4167;744.0;744
RNE;ME;2018-01;0.9978;1.6167;744.0;744
RNE;ME;2018-02;0.9962;2.5333;673.0;672
RNE;ME;2018-03;0.999;0.7167;744.0;744
RNE;ME;2018-04;1.0;0.0;;720
RNE;ME;2018-05;1.0;0.0;;744
RNE;ME;2018-06;0.9997;0.2167;720.0;720
RNE;ME;2018-07;1.0;0.0;;744
RNE;ME;2018-08;1.0;0.0;;744
RNE;ME;2018-09;1.0;0.0;;720
RNE;ME;2018-10;0.9966;2.5667;744.0;744
RNE;ME;2018-11;0.9998;0.1667;719.0;720
RNE;ME;2018-12;0.9995;0.3833;744.0;744
RNE;ME;2019-01;1.0;0.0;;744
RNE;ME;2019-02;1.0;0.0;;672
RNE;ME;2019-03;1.0;0.0;;744
RNE;ME;2019-04;0.9978;1.55;720.0;720
RNE;ME;2019-05;1.0;0.0;;744
RNE;ME;2019-06;1.0;0.0;;720
RNE;ME;2019-07;1.0;0.0;;744
RNE;ME;2019-08;1.0;0.0;;744
RNE;ME;2019-09;1.0;0.0;;720
RNE;ME;2019-10;1.0;0.0;;744
RNE;ME;2019-11;1.0;0.0;;720
RNE;ME;2019-12;1.0;0.0;;744
RNE;ME;2020-01;0.9997;0.225;744.0;744
RNE;ME;2020-02;0.9997;0.225;697.0;696
RNE;ME;2020-03;0.9989;0.7917;744.0;744
RNE;ME;2020-04;1.0;0.0;;720
RNE;ME;2020-05;0.9985;1.1083;744.0;744
RNE;ME;2020-06;1.0;0.0;;720
RNE;ME;2020-07;1.0;0.0;;744
RNE;ME;2020-08;1.0;0.0;;744
RNE;ME;2020-09;1.0;0.0;;720
RNE;ME;2020-10;1.0;0.0;;744
RNE;ME;2020-11;1.0;0.0;;720
RNE;ME;2020-12;1.0;0.0;;744
RNE;ME;2021-01;1.0;0.0;;744
RNE;ME;2021-02;1.0;0.0;;672
RNE;ME;2021-03;1.0;0.0;;744
RNE;ME;2021-04;1.0;0.0;;720
RNE;ME;2021-05;1.0;0.0;;744
RNE;ME;2021-06;1.0;0.0;;720
RNE;ME;2021-07;1.0;0.0;;744
RNE;ME;2021-08;1.0;0.0;;744
RNE;ME;2021-09;1.0;0.0;;720
RSE;AN;2017-01;0.9491;37.9;744.0;
RSE;AN;2017-02;0.9716;40.2167;1417.0;
RSE;AN;2017-03;0.9814;40.2167;2161.0;
RSE;AN;2017-04;0.986;40.2167;2881.0;
RSE;AN;2017-05;0.9824;63.9333;3625.0;
RSE;AN;2017-06;0.9569;187.1667;4345.0;
RSE;AN;2017-07;0.9609;198.7667;5089.0;
RSE;AN;2017-08;0.9653;202.4;5833.0;
RSE;AN;2017-09;0.9691;202.4;6553.0;
RSE;AN;2017-10;0.9708;213.1;7296.0;
RSE;AN;2017-11;0.9713;229.9167;8016.0;
RSE;AN;2017-12;0.9737;230.1667;8760.0;
RSE;AN;2018-01;0.9728;20.2333;744.0;
RSE;AN;2018-02;0.984;22.65;1417.0;
RSE;AN;2018-03;0.9895;22.65;2161.0;
RSE;AN;2018-04;0.9921;22.65;2881.0;
RSE;AN;2018-05;0.9938;22.65;3625.0;
RSE;AN;2018-06;0.9948;22.65;4345.0;
RSE;AN;2018-07;0.9955;22.65;5089.0;
RSE;AN;2018-08;0.9961;22.65;5833.0;
RSE;AN;2018-09;0.9964;23.7583;6553.0;
RSE;AN;2018-10;0.9961;28.3083;7297.0;
RSE;AN;2018-11;0.9959;33.0667;8016.0;
RSE;AN;2018-12;0.9962;33.0667;8760.0;
RSE;AN;2019-01;0.9987;0.9917;744.0;
RSE;AN;2019-02;0.9993;0.9917;1417.0;
RSE;AN;2019-03;0.9989;2.3083;2161.0;
RSE;AN;2019-04;0.9992;2.3083;2881.0;
RSE;AN;2019-05;0.9984;5.9417;3625.0;
RSE;AN;2019-06;0.9972;12.3083;4345.0;
RSE;AN;2019-07;0.997;15.2333;5089.0;
RSE;AN;2019-08;0.9974;15.2333;5833.0;
RSE;AN;2019-09;0.9976;15.4083;6553.0;
RSE;AN;2019-10;0.9979;15.4083;7297.0;
RSE;AN;2019-11;0.9975;20.175;8016.0;
RSE;AN;2019-12;0.9977;20.175;8760.0;
RSE;AN;2020-01;0.9988;0.925;744.0;
RSE;AN;2020-02;0.9994;0.925;1441.0;
RSE;AN;2020-03;0.9996;0.925;2185.0;
RSE;AN;2020-04;0.9997;0.925;2905.0;
RSE;AN;2020-05;0.9997;0.925;3649.0;
RSE;AN;2020-06;0.9998;0.925;4369.0;
RSE;AN;2020-07;0.9998;0.925;5113.0;
RSE;AN;2020-08;0.9997;1.8333;5857.0;
RSE;AN;2020-09;0.9997;1.8333;6577.0;
RSE;AN;2020-10;0.9997;2.2917;7320.0;
RSE;AN;2020-11;0.9997;2.2917;8039.0;
RSE;AN;2020-12;0.9997;2.2917;8783.0;
RSE;AN;2021-01;0.9952;3.5583;744.0;
RSE;AN;2021-02;0.9961;5.575;1417.0;
RSE;AN;2021-03;0.9974;5.575;2161.0;
RSE;AN;2021-04;0.9981;5.575;2881.0;
RSE;AN;2021-05;0.9985;5.575;3625.0;
RSE;AN;2021-06;0.9982;8.0083;4345.0;
RSE;AN;2021-07;0.9979;10.5583;5089.0;
RSE;AN;2021-08;0.9978;12.85;5833.0;
RSE;AN;2021-09;0.9971;19.1667;6553.0;
RSE;AN;2021-10;0.9964;26.0333;7297.0;
RSE;AN;2021-11;0.9967;26.475;8016.0;
RSE;AN;2021-12;0.997;26.475;8760.0;
RSE;AN;2022-01;1.0;0.0;;
RSE;AN;2022-02;1.0;0.0;;
RSE;AN;2022-03;1.0;0.0;;
RSE;AN;2022-04;0.9999;0.3417;2881.0;
RSE;AN;2022-05;0.9995;1.75;3625.0;
RSE;AN;2022-06;0.9982;7.7917;4345.0;
RSE;AN;2022-07;0.9976;12.3667;5089.0;
RSE;AN;2022-08;0.9971;16.75;5833.0;
RSE;AN;2022-09;0.9973;17.7417;6553.0;
RSE;AN;2022-10;0.997;21.6667;7297.0;
RSE;AN;2022-11;0.9969;24.5833;8016.0;
RSE;AN;2022-12;0.9972;24.8;8760.0;
RSE;AN;2023-01;0.9995;0.4;744.0;
RSE;AN;2023-02;0.9997;0.4;1417.0;
RSE;AN;2023-03;0.9998;0.4;2161.0;
RSE;AN;2023-04;0.9999;0.4;2881.0;
RSE;AN;2023-05;0.9998;0.625;3625.0;
RSE;AN;2023-06;0.9999;0.625;4345.0;
RSE;AN;2023-07;0.9994;3.1667;5089.0;
RSE;AN;2023-08;0.999;5.7417;5833.0;
RSE;AN;2023-09;0.9985;10.0333;6553.0;
RSE;AN;2023-10;0.998;14.8667;7297.0;
RSE;AN;2023-11;0.9978;18.025;8016.0;
RSE;AN;2023-12;0.9979;18.3583;8760.0;
RSE;AN;2024-01;1.0;0.0;;
RSE;AN;2024-02;0.9997;0.4667;1441.0;
RSE;AN;2024-03;0.9994;1.375;2185.0;
RSE;AN;2024-04;0.9989;3.2167;2905.0;
RSE;AN;2024-05;0.9987;4.85;3649.0;
RSE;AN;2024-06;0.9984;6.775;4369.0;
RSE;AN;2024-07;0.9985;7.6333;5113.0;
RSE;AN;2024-08;0.9985;8.9;5857.0;
RSE;AN;2024-09;0.9984;10.7333;6577.0;
RSE;AN;2024-10;0.9985;11.1917;7321.0;
RSE;AN;2024-11;0.9985;12.15;8041.0;
RSE;AN;2024-12;0.9985;12.8417;8785.0;
RSE;AN;2025-01;0.9989;0.7917;744.0;
RSE;AN;2025-02;0.9994;0.7917;1416.0;
RSE;AN;2025-03;0.9996;0.7917;2160.0;
RSE;AN;2025-04;0.9997;0.7917;2880.0;
RSE;AN;2025-05;0.9998;0.7917;3624.0;
RSE;AN;2025-06;0.9998;1.0333;4344.0;
RSE;AN;2025-07;0.9998;1.0333;5088.0;
RSE;AN;2025-08;0.9993;4.1667;5832.0;
RSE;AN;2025-09;0.9993;4.45;6552.0;
RSE;AN;2025-10;0.9993;4.8083;7296.0;
RSE;AN;2025-11;0.9994;5.1833;8016.0;
RSE;AN;2025-12;0.9994;5.6667;8760.0;
RSE;AN;2026-01;0.9992;0.5833;744.0;
RSE;AN;2026-02;0.9991;1.2417;1416.0;
RSE;AN;2026-03;0.9994;1.2417;2160.0;
RSE;AN;2026-04;0.9996;1.2417;2880.0;
RSE;AN;2026-05;0.9997;1.2417;3624.0;
RSE;AN;2026-06;0.9997;1.2417;4344.0;
RSE;AN;2026-07;0.9997;1.7417;5088.0;
RSE;ME;2017-01;0.9491;37.9;744.0;744
RSE;ME;2017-02;0.9966;2.3167;673.0;672
RSE;ME;2017-03;1.0;0.0;;744
RSE;ME;2017-04;1.0;0.0;;720
RSE;ME;2017-05;0.9681;23.7167;744.0;744
RSE;ME;2017-06;0.8288;123.2333;720.0;720
RSE;ME;2017-07;0.9844;11.6;744.0;744
RSE;ME;2017-08;0.9951;3.6333;744.0;744
RSE;ME;2017-09;1.0;0.0;;720
RSE;ME;2017-10;0.9856;10.7;743.0;744
RSE;ME;2017-11;0.9766;16.8167;720.0;720
RSE;ME;2017-12;0.9997;0.25;744.0;744
RSE;ME;2018-01;0.9728;20.2333;744.0;744
RSE;ME;2018-02;0.9964;2.4167;673.0;672
RSE;ME;2018-03;1.0;0.0;;744
RSE;ME;2018-04;1.0;0.0;;720
RSE;ME;2018-05;1.0;0.0;;744
RSE;ME;2018-06;1.0;0.0;;720
RSE;ME;2018-07;1.0;0.0;;744
RSE;ME;2018-08;1.0;0.0;;744
RSE;ME;2018-09;0.9985;1.1083;720.0;720
RSE;ME;2018-10;0.9939;4.55;744.0;744
RSE;ME;2018-11;0.9934;4.7583;719.0;720
RSE;ME;2018-12;1.0;0.0;;744
RSE;ME;2019-01;0.9987;0.9917;744.0;744
RSE;ME;2019-02;1.0;0.0;;672
RSE;ME;2019-03;0.9982;1.3167;744.0;744
RSE;ME;2019-04;1.0;0.0;;720
RSE;ME;2019-05;0.9951;3.6333;744.0;744
RSE;ME;2019-06;0.9912;6.3667;720.0;720
RSE;ME;2019-07;0.9961;2.925;744.0;744
RSE;ME;2019-08;1.0;0.0;;744
RSE;ME;2019-09;0.9998;0.175;720.0;720
RSE;ME;2019-10;1.0;0.0;;744
RSE;ME;2019-11;0.9934;4.7667;719.0;720
RSE;ME;2019-12;1.0;0.0;;744
RSE;ME;2020-01;0.9988;0.925;744.0;744
RSE;ME;2020-02;1.0;0.0;;696
RSE;ME;2020-03;1.0;0.0;;744
RSE;ME;2020-04;1.0;0.0;;720
RSE;ME;2020-05;1.0;0.0;;744
RSE;ME;2020-06;1.0;0.0;;720
RSE;ME;2020-07;1.0;0.0;;744
RSE;ME;2020-08;0.9988;0.9083;744.0;744
RSE;ME;2020-09;1.0;0.0;;720
RSE;ME;2020-10;0.9994;0.4583;743.0;744
RSE;ME;2020-11;1.0;0.0;;720
RSE;ME;2020-12;1.0;0.0;;744
RSE;ME;2021-01;0.9952;3.5583;744.0;744
RSE;ME;2021-02;0.997;2.0167;673.0;672
RSE;ME;2021-03;1.0;0.0;;744
RSE;ME;2021-04;1.0;0.0;;720
RSE;ME;2021-05;1.0;0.0;;744
RSE;ME;2021-06;0.9966;2.4333;720.0;720
RSE;ME;2021-07;0.9966;2.55;744.0;744
RSE;ME;2021-08;0.9969;2.2917;744.0;744
RSE;ME;2021-09;0.9912;6.3167;720.0;720
RSE;ME;2021-10;0.9908;6.8667;744.0;744
RSE;ME;2021-11;0.9994;0.4417;719.0;720
RSE;ME;2021-12;1.0;0.0;;744
RSE;ME;2022-01;1.0;0.0;;744
RSE;ME;2022-02;1.0;0.0;;672
RSE;ME;2022-03;1.0;0.0;;744
RSE;ME;2022-04;0.9995;0.3417;720.0;720
RSE;ME;2022-05;0.9981;1.4083;744.0;744
RSE;ME;2022-06;0.9916;6.0417;720.0;720
RSE;ME;2022-07;0.9939;4.575;744.0;744
RSE;ME;2022-08;0.9941;4.3833;744.0;744
RSE;ME;2022-09;0.9986;0.9917;720.0;720
RSE;ME;2022-10;0.9947;3.925;744.0;744
RSE;ME;2022-11;0.9959;2.9167;719.0;720
RSE;ME;2022-12;0.9997;0.2167;744.0;744
RSE;ME;2023-01;0.9995;0.4;744.0;744
RSE;ME;2023-02;1.0;0.0;;672
RSE;ME;2023-03;1.0;0.0;;744
RSE;ME;2023-04;1.0;0.0;;720
RSE;ME;2023-05;0.9997;0.225;744.0;744
RSE;ME;2023-06;1.0;0.0;;720
RSE;ME;2023-07;0.9966;2.5417;744.0;744
RSE;ME;2023-08;0.9965;2.575;744.0;744
RSE;ME;2023-09;0.994;4.2917;720.0;720
RSE;ME;2023-10;0.9935;4.8333;744.0;744
RSE;ME;2023-11;0.9956;3.1583;719.0;720
RSE;ME;2023-12;0.9996;0.3333;744.0;744
RSE;ME;2024-01;1.0;0.0;;744
RSE;ME;2024-02;0.9993;0.4667;697.0;696
RSE;ME;2024-03;0.9988;0.9083;744.0;744
RSE;ME;2024-04;0.9974;1.8417;720.0;720
RSE;ME;2024-05;0.9978;1.6333;744.0;744
RSE;ME;2024-06;0.9973;1.925;720.0;720
RSE;ME;2024-07;0.9988;0.8583;744.0;744
RSE;ME;2024-08;0.9983;1.2667;744.0;744
RSE;ME;2024-09;0.9975;1.8333;720.0;720
RSE;ME;2024-10;0.9994;0.4583;744.0;744
RSE;ME;2024-11;0.9987;0.9583;720.0;720
RSE;ME;2024-12;0.9991;0.6917;744.0;744
RSE;ME;2025-01;0.9989;0.7917;744.0;744
RSE;ME;2025-02;1.0;0.0;;672
RSE;ME;2025-03;1.0;0.0;;744
RSE;ME;2025-04;1.0;0.0;;720
RSE;ME;2025-05;1.0;0.0;;744
RSE;ME;2025-06;0.9997;0.2417;720.0;720
RSE;ME;2025-07;1.0;0.0;;744
RSE;ME;2025-08;0.9958;3.1333;744.0;744
RSE;ME;2025-09;0.9996;0.2833;720.0;720
RSE;ME;2025-10;0.9995;0.3583;744.0;744
RSE;ME;2025-11;0.9995;0.375;720.0;720
RSE;ME;2025-12;0.9994;0.4833;744.0;744
RSE;ME;2026-01;0.9992;0.5833;744.0;744
RSE;ME;2026-02;0.999;0.6583;672.0;672
RSE;ME;2026-03;1.0;0.0;;744
RSE;ME;2026-04;1.0;0.0;;720
RSE;ME;2026-05;1.0;0.0;;744
RSE;ME;2026-06;1.0;0.0;;720
RSE;ME;2026-07;0.9993;0.5;744.0;744
RSECO;AN;2017-01;1.0;0.0;;
RSECO;AN;2017-02;1.0;0.0;;
RSECO;AN;2017-03;1.0;0.0;;
RSECO;AN;2017-04;1.0;0.0;;
RSECO;AN;2017-05;1.0;0.0;;
RSECO;AN;2017-06;1.0;0.0;;
RSECO;AN;2017-07;1.0;0.0;;
RSECO;AN;2017-08;1.0;0.0;;
RSECO;AN;2017-09;1.0;0.0;;
RSECO;AN;2017-10;1.0;0.0;;
RSECO;AN;2017-11;1.0;0.0;;
RSECO;AN;2017-12;1.0;0.0;;
RSECO;AN;2018-01;1.0;0.0;;
RSECO;AN;2018-02;1.0;0.0;;
RSECO;AN;2018-03;1.0;0.0;;
RSECO;AN;2018-04;1.0;0.0;;
RSECO;AN;2018-05;1.0;0.0;;
RSECO;AN;2018-06;1.0;0.0;;
RSECO;AN;2018-07;1.0;0.0;;
RSECO;AN;2018-08;1.0;0.0;;
RSECO;AN;2018-09;1.0;0.0;;
RSECO;AN;2018-10;1.0;0.0;;
RSECO;AN;2018-11;1.0;0.0;;
RSECO;AN;2018-12;1.0;0.0;;
RSECO;AN;2019-01;1.0;0.0;;
RSECO;AN;2019-02;1.0;0.0;;
RSECO;AN;2019-03;1.0;0.0;;
RSECO;AN;2019-04;1.0;0.0;;
RSECO;AN;2019-05;1.0;0.0;;
RSECO;AN;2019-06;1.0;0.0;;
RSECO;AN;2019-07;1.0;0.0;;
RSECO;AN;2019-08;1.0;0.0;;
RSECO;AN;2019-09;1.0;0.0;;
RSECO;AN;2019-10;1.0;0.0;;
RSECO;AN;2019-11;1.0;0.0;;
RSECO;AN;2019-12;1.0;0.0;;
RSECO;AN;2020-01;1.0;0.0;;
RSECO;AN;2020-02;1.0;0.0;;
RSECO;AN;2020-03;1.0;0.0;;
RSECO;AN;2020-04;1.0;0.0;;
RSECO;AN;2020-05;1.0;0.0;;
RSECO;AN;2020-06;1.0;0.0;;
RSECO;AN;2020-07;1.0;0.0;;
RSECO;AN;2020-08;1.0;0.0;;
RSECO;AN;2020-09;1.0;0.0;;
RSECO;AN;2020-10;1.0;0.0;;
RSECO;AN;2020-11;1.0;0.0;;
RSECO;AN;2020-12;1.0;0.0;;
RSECO;AN;2021-01;1.0;0.0;;
RSECO;AN;2021-02;1.0;0.0;;
RSECO;AN;2021-03;1.0;0.0;;
RSECO;AN;2021-04;1.0;0.0;;
RSECO;AN;2021-05;1.0;0.0;;
RSECO;ME;2017-01;1.0;0.0;;744
RSECO;ME;2017-02;1.0;0.0;;672
RSECO;ME;2017-03;1.0;0.0;;744
RSECO;ME;2017-04;1.0;0.0;;720
RSECO;ME;2017-05;1.0;0.0;;744
RSECO;ME;2017-06;1.0;0.0;;720
RSECO;ME;2017-07;1.0;0.0;;744
RSECO;ME;2017-08;1.0;0.0;;744
RSECO;ME;2017-09;1.0;0.0;;720
RSECO;ME;2017-10;1.0;0.0;;744
RSECO;ME;2017-11;1.0;0.0;;720
RSECO;ME;2017-12;1.0;0.0;;744
RSECO;ME;2018-01;1.0;0.0;;744
RSECO;ME;2018-02;1.0;0.0;;672
RSECO;ME;2018-03;1.0;0.0;;744
RSECO;ME;2018-04;1.0;0.0;;720
RSECO;ME;2018-05;1.0;0.0;;744
RSECO;ME;2018-06;1.0;0.0;;720
RSECO;ME;2018-07;1.0;0.0;;744
RSECO;ME;2018-08;1.0;0.0;;744
RSECO;ME;2018-09;1.0;0.0;;720
RSECO;ME;2018-10;1.0;0.0;;744
RSECO;ME;2018-11;1.0;0.0;;720
RSECO;ME;2018-12;1.0;0.0;;744
RSECO;ME;2019-01;1.0;0.0;;744
RSECO;ME;2019-02;1.0;0.0;;672
RSECO;ME;2019-03;1.0;0.0;;744
RSECO;ME;2019-04;1.0;0.0;;720
RSECO;ME;2019-05;1.0;0.0;;744
RSECO;ME;2019-06;1.0;0.0;;720
RSECO;ME;2019-07;1.0;0.0;;744
RSECO;ME;2019-08;1.0;0.0;;744
RSECO;ME;2019-09;1.0;0.0;;720
RSECO;ME;2019-10;1.0;0.0;;744
RSECO;ME;2019-11;1.0;0.0;;720
RSECO;ME;2019-12;1.0;0.0;;744
RSECO;ME;2020-01;1.0;0.0;;744
RSECO;ME;2020-02;1.0;0.0;;696
RSECO;ME;2020-03;1.0;0.0;;744
RSECO;ME;2020-04;1.0;0.0;;720
RSECO;ME;2020-05;1.0;0.0;;744
RSECO;ME;2020-06;1.0;0.0;;720
RSECO;ME;2020-07;1.0;0.0;;744
RSECO;ME;2020-08;1.0;0.0;;744
RSECO;ME;2020-09;1.0;0.0;;720
RSECO;ME;2020-10;1.0;0.0;;744
RSECO;ME;2020-11;1.0;0.0;;720
RSECO;ME;2020-12;1.0;0.0;;744
RSECO;ME;2021-01;1.0;0.0;;744
RSECO;ME;2021-02;1.0;0.0;;672
RSECO;ME;2021-03;1.0;0.0;;744
RSECO;ME;2021-04;1.0;0.0;;720
RSECO;ME;2021-05;1.0;0.0;;744
RSUL;AN;2018-01;1.0;0.0;;
RSUL;AN;2018-02;1.0;0.0;;
RSUL;AN;2018-03;1.0;0.0;;
RSUL;AN;2018-04;1.0;0.0;;
RSUL;AN;2018-05;1.0;0.0;;
RSUL;AN;2018-06;1.0;0.0;;
RSUL;AN;2018-07;1.0;0.0;;
RSUL;AN;2018-08;1.0;0.0;;
RSUL;AN;2018-09;1.0;0.0;;
RSUL;AN;2018-10;1.0;0.0;;
RSUL;AN;2018-11;1.0;0.0;;
RSUL;AN;2018-12;1.0;0.0;;
RSUL;AN;2022-03;0.9966;2.5583;744.0;
RSUL;AN;2022-04;0.9973;3.925;1464.0;
RSUL;AN;2022-05;0.9976;5.4083;2208.0;
RSUL;AN;2022-06;0.9982;5.4083;2928.0;
RSUL;AN;2022-07;0.9985;5.4083;3672.0;
RSUL;AN;2022-08;0.9987;5.7583;4416.0;
RSUL;AN;2022-09;0.9988;6.0417;5136.0;
RSUL;AN;2022-10;0.999;6.0417;5880.0;
RSUL;AN;2022-11;0.9989;7.3583;6599.0;
RSUL;AN;2022-12;0.9982;12.8833;7343.0;
RSUL;AN;2023-01;0.9941;4.3667;744.0;
RSUL;AN;2023-02;0.9958;5.9167;1417.0;
RSUL;AN;2023-03;0.9967;7.1417;2161.0;
RSUL;AN;2023-04;0.9964;10.2917;2881.0;
RSUL;AN;2023-05;0.9959;14.7667;3625.0;
RSUL;AN;2023-06;0.9959;17.6083;4345.0;
RSUL;AN;2023-07;0.9965;17.8417;5089.0;
RSUL;AN;2023-08;0.9969;17.8417;5833.0;
RSUL;AN;2023-09;0.9973;17.8417;6553.0;
RSUL;AN;2023-10;0.9976;17.8417;7297.0;
RSUL;AN;2023-11;0.9978;17.8417;8016.0;
RSUL;AN;2023-12;0.998;17.8417;8760.0;
RSUL;AN;2024-01;0.9998;0.175;744.0;
RSUL;AN;2024-02;0.9986;1.9667;1441.0;
RSUL;AN;2024-03;0.9978;4.825;2185.0;
RSUL;AN;2024-04;0.9961;11.2417;2905.0;
RSUL;AN;2024-05;0.9969;11.2417;3649.0;
RSUL;AN;2024-06;0.9974;11.2417;4369.0;
RSUL;AN;2024-07;0.9978;11.2417;5113.0;
RSUL;AN;2024-08;0.998;11.5083;5857.0;
RSUL;AN;2024-09;0.9982;11.9833;6577.0;
RSUL;AN;2024-10;0.9982;13.2;7321.0;
RSUL;AN;2024-11;0.9982;14.275;8041.0;
RSUL;AN;2024-12;0.9983;14.6333;8785.0;
RSUL;AN;2025-01;0.9954;3.4;744.0;
RSUL;AN;2025-02;0.9961;5.5583;1416.0;
RSUL;AN;2025-03;0.996;8.6083;2160.0;
RSUL;AN;2025-04;0.9949;14.6167;2880.0;
RSUL;AN;2025-05;0.9941;21.3167;3624.0;
RSUL;AN;2025-06;0.9933;29.0417;4344.0;
RSUL;AN;2025-07;0.9941;30.0;5088.0;
RSUL;AN;2025-08;0.9946;31.4667;5832.0;
RSUL;AN;2025-09;0.9952;31.4667;6552.0;
RSUL;AN;2025-10;0.9957;31.4667;7296.0;
RSUL;AN;2025-11;0.9959;32.5083;8016.0;
RSUL;AN;2025-12;0.9961;33.8333;8760.0;
RSUL;AN;2026-01;0.9877;9.1333;744.0;
RSUL;AN;2026-02;0.9871;18.2833;1416.0;
RSUL;AN;2026-03;0.9885;24.825;2160.0;
RSUL;AN;2026-04;0.9908;26.375;2880.0;
RSUL;AN;2026-05;0.9927;26.55;3624.0;
RSUL;AN;2026-06;0.9937;27.35;4344.0;
RSUL;AN;2026-07;0.9946;27.6167;5088.0;
RSUL;ME;2018-01;1.0;0.0;;744
RSUL;ME;2018-02;1.0;0.0;;672
RSUL;ME;2018-03;1.0;0.0;;744
RSUL;ME;2018-04;1.0;0.0;;720
RSUL;ME;2018-05;1.0;0.0;;744
RSUL;ME;2018-06;1.0;0.0;;720
RSUL;ME;2018-07;1.0;0.0;;744
RSUL;ME;2018-08;1.0;0.0;;744
RSUL;ME;2018-09;1.0;0.0;;720
RSUL;ME;2018-10;1.0;0.0;;744
RSUL;ME;2018-11;1.0;0.0;;720
RSUL;ME;2018-12;1.0;0.0;;744
RSUL;ME;2022-03;0.9966;2.5583;744.0;744
RSUL;ME;2022-04;0.9981;1.3667;720.0;720
RSUL;ME;2022-05;0.998;1.4833;744.0;744
RSUL;ME;2022-06;1.0;0.0;;720
RSUL;ME;2022-07;1.0;0.0;;744
RSUL;ME;2022-08;0.9995;0.35;744.0;744
RSUL;ME;2022-09;0.9996;0.2833;720.0;720
RSUL;ME;2022-10;1.0;0.0;;744
RSUL;ME;2022-11;0.9982;1.3167;719.0;720
RSUL;ME;2022-12;0.9926;5.525;744.0;744
RSUL;ME;2023-01;0.9941;4.3667;744.0;744
RSUL;ME;2023-02;0.9977;1.55;673.0;672
RSUL;ME;2023-03;0.9984;1.225;744.0;744
RSUL;ME;2023-04;0.9956;3.15;720.0;720
RSUL;ME;2023-05;0.994;4.475;744.0;744
RSUL;ME;2023-06;0.9961;2.8417;720.0;720
RSUL;ME;2023-07;0.9997;0.2333;744.0;744
RSUL;ME;2023-08;1.0;0.0;;744
RSUL;ME;2023-09;1.0;0.0;;720
RSUL;ME;2023-10;1.0;0.0;;744
RSUL;ME;2023-11;1.0;0.0;;720
RSUL;ME;2023-12;1.0;0.0;;744
RSUL;ME;2024-01;0.9998;0.175;744.0;744
RSUL;ME;2024-02;0.9974;1.7917;697.0;696
RSUL;ME;2024-03;0.9962;2.8583;744.0;744
RSUL;ME;2024-04;0.9911;6.4167;720.0;720
RSUL;ME;2024-05;1.0;0.0;;744
RSUL;ME;2024-06;1.0;0.0;;720
RSUL;ME;2024-07;1.0;0.0;;744
RSUL;ME;2024-08;0.9996;0.2667;744.0;744
RSUL;ME;2024-09;0.9993;0.475;720.0;720
RSUL;ME;2024-10;0.9984;1.2167;744.0;744
RSUL;ME;2024-11;0.9985;1.075;720.0;720
RSUL;ME;2024-12;0.9995;0.3583;744.0;744
RSUL;ME;2025-01;0.9954;3.4;744.0;744
RSUL;ME;2025-02;0.9968;2.1583;672.0;672
RSUL;ME;2025-03;0.9959;3.05;744.0;744
RSUL;ME;2025-04;0.9917;6.0083;720.0;720
RSUL;ME;2025-05;0.991;6.7;744.0;744
RSUL;ME;2025-06;0.9893;7.725;720.0;720
RSUL;ME;2025-07;0.9987;0.9583;744.0;744
RSUL;ME;2025-08;0.998;1.4667;744.0;744
RSUL;ME;2025-09;1.0;0.0;;720
RSUL;ME;2025-10;1.0;0.0;;744
RSUL;ME;2025-11;0.9986;1.0417;720.0;720
RSUL;ME;2025-12;0.9982;1.325;744.0;744
RSUL;ME;2026-01;0.9877;9.1333;744.0;744
RSUL;ME;2026-02;0.9864;9.15;672.0;672
RSUL;ME;2026-03;0.9912;6.5417;744.0;744
RSUL;ME;2026-04;0.9978;1.55;720.0;720
RSUL;ME;2026-05;0.9998;0.175;744.0;744
RSUL;ME;2026-06;0.9989;0.8;720.0;720
RSUL;ME;2026-07;0.9996;0.2667;744.0;744
