mes;sm;mmgd_estimada;horas;horas_completas;geracao_mwh;carga_mwh;intercambio_mwh;residuo_balanco_mwh;horas_residuo_balanco;horas_perimetro;intercambio_perimetro_mwh;fronteiras_exterior_mwh;residuo_perimetro_mwh;horas_residuo_perimetro
2021-01;SE;sem;744;744;27993201.202;30424933.827;-2431732.625;-0.0;0;744;-2431732.625;-2431732.625;0.0;0
2021-01;S;sem;744;744;6752438.258;9211343.924;-2458905.666;-0.0;0;744;-2458905.666;-2458906.008;0.342;0
2021-01;NE;sem;744;744;9823725.734;8261720.545;1562005.189;-0.0;0;744;1562005.189;1562005.189;0.0;0
2021-01;N;sem;744;744;6781317.496;4106316.182;2675001.314;0.0;0;744;2675001.314;2675001.314;-0.0;0
2021-01;SIN;sem;744;744;51350682.69;52004314.69;-653632.0;-0.0;0;744;-653632.0;-653632.13;0.13;0
2021-02;SE;sem;672;672;25112109.611;27411636.999;-2299527.388;-0.0;0;672;-2299527.388;-2299527.388;0.0;0
2021-02;S;sem;672;672;6523569.122;8527286.252;-2003717.13;-0.0;0;672;-2003717.13;-2003717.52;0.39;0
2021-02;NE;sem;672;672;6548338.975;7538616.716;-990277.741;-0.0;0;672;-990277.741;-990277.741;0.0;0
2021-02;N;sem;672;672;8471414.914;3804225.165;4667189.749;-0.0;0;672;4667189.749;4667189.749;-0.0;0
2021-02;SIN;sem;672;672;46655432.622;47281765.37;-626332.88;0.132;0;672;-626332.88;-626332.9;0.02;0
2021-03;SE;sem;744;744;27664847.134;31232524.595;-3567677.461;-0.0;0;744;-3567677.461;-3567677.461;0.0;0
2021-03;S;sem;744;744;6190406.622;9614946.489;-3424539.867;-0.0;0;744;-3424539.867;-3424539.917;0.05;0
2021-03;NE;sem;744;744;6509161.443;8555750.943;-2046589.5;-0.0;0;744;-2046589.5;-2046589.5;0.0;0
2021-03;N;sem;744;744;13298691.53;4331222.582;8967468.948;-0.0;0;744;8967468.948;8967468.948;0.0;0
2021-03;SIN;sem;744;744;53663106.729;53734444.91;-71337.87;-0.311;0;744;-71337.87;-71337.93;0.06;0
2021-04;SE;sem;720;720;24807195.237;27879032.525;-3071837.288;0.0;0;720;-3071837.288;-3071837.288;0.0;0
2021-04;S;sem;720;720;4177617.092;8640174.503;-4462557.411;0.0;0;720;-4462557.411;-4462557.536;0.125;0
2021-04;NE;sem;720;720;7351179.428;8037871.553;-686692.124;-0.001;0;720;-686692.124;-686692.124;0.0;0
2021-04;N;sem;720;720;12510324.527;4324445.057;8185879.468;0.002;0;720;8185879.468;8185879.468;0.0;0
2021-04;SIN;sem;720;720;48846316.283;48881523.93;-35207.44;-0.207;0;720;-35207.44;-35207.48;0.04;0
2021-05;SE;sem;744;744;25839138.368;28387960.29;-2548821.922;-0.0;0;744;-2548821.922;-2548821.922;0.0;0
2021-05;S;sem;744;744;3309816.787;8497834.01;-5188017.223;-0.0;0;744;-5188017.223;-5188017.307;0.084;0
2021-05;NE;sem;744;744;8581932.112;8011349.351;570582.761;-0.0;0;744;570582.761;570582.761;-0.0;0
2021-05;N;sem;744;744;11647353.725;4470180.977;7177172.748;0.0;0;744;7177172.748;7177172.748;-0.0;0
2021-05;SIN;sem;744;744;49378240.992;49367325.03;10916.33;-0.368;0;744;10916.33;10916.28;0.05;0
2021-06;SE;sem;720;720;24561174.591;27069250.501;-2508075.91;-0.0;0;720;-2508075.91;-2508075.91;0.0;0
2021-06;S;sem;720;720;5363303.781;8129762.201;-2766458.42;-0.0;0;720;-2766458.42;-2766458.84;0.42;0
2021-06;NE;sem;720;720;10325519.834;7896406.587;2429113.247;-0.0;0;720;2429113.247;2429113.247;0.0;0
2021-06;N;sem;720;720;6842699.725;4290721.522;2551978.203;0.0;0;720;2551978.203;2551978.203;-0.0;0
2021-06;SIN;sem;720;720;47092697.931;47386141.14;-293443.1;-0.109;0;720;-293443.1;-293443.3;0.2;0
2021-07;SE;sem;744;744;22209509.569;27147908.682;-4938399.113;-0.0;0;744;-4938399.113;-4938399.113;0.0;0
2021-07;S;sem;744;744;8124312.426;8644793.368;-520480.942;-0.0;0;744;-520480.942;-520481.412;0.47;0
2021-07;NE;sem;744;744;12247948.913;8212370.913;4035578.0;-0.0;0;744;4035578.0;4035578.0;0.0;0
2021-07;N;sem;744;744;5383310.783;4418918.628;964392.155;0.0;0;744;964392.155;964392.155;-0.0;0
2021-07;SIN;sem;744;744;47965081.691;48423991.88;-458910.08;-0.109;0;744;-458910.08;-458910.37;0.29;0
2021-08;SE;sem;744;744;22669433.444;28359222.616;-5689789.172;-0.0;0;744;-5689789.172;-5689789.172;0.0;0
2021-08;S;sem;744;744;7389816.57;8661696.483;-1271879.913;-0.0;0;744;-1271879.913;-1271880.613;0.7;0
2021-08;NE;sem;744;744;13802041.263;8389419.873;5412621.39;-0.0;0;744;5412621.39;5412621.39;-0.0;0
2021-08;N;sem;744;744;5228054.769;4674572.234;553482.535;0.0;0;744;553482.535;553482.535;-0.0;0
2021-08;SIN;sem;744;744;49089346.046;50084911.46;-995565.45;0.036;0;744;-995565.45;-995565.86;0.41;0
2021-09;SE;sem;720;720;22675471.032;29045001.408;-6369530.376;-0.0;0;720;-6369530.376;-6369530.376;-0.0;0
2021-09;S;sem;720;720;7243856.061;8243306.459;-999450.398;-0.0;0;720;-999450.398;-999451.217;0.819;0
2021-09;NE;sem;720;720;14326040.945;8620269.139;5705771.806;-0.0;0;720;5705771.806;5705771.806;0.0;0
2021-09;N;sem;720;720;4965355.443;4573276.706;392078.737;-0.0;0;720;392078.737;392078.737;-0.0;0
2021-09;SIN;sem;720;720;49210723.481;50481854.01;-1271130.66;0.131;0;720;-1271130.66;-1271131.05;0.39;0
2021-10;SE;sem;744;744;22557787.566;27996969.137;-5439181.593;0.022;0;744;-5439181.593;-5439181.593;0.0;0
2021-10;S;sem;744;744;7799942.899;8246716.361;-446773.457;-0.005;0;744;-446773.457;-446774.147;0.69;0
2021-10;NE;sem;744;744;13142185.51;9061195.364;4080990.157;-0.01;0;744;4080990.157;4080990.157;-0.0;0
2021-10;N;sem;744;744;5621373.369;4590599.573;1030773.793;0.003;0;744;1030773.793;1030773.793;-0.0;0
2021-10;SIN;sem;744;744;49121289.335;49895480.59;-774191.44;0.185;0;744;-774191.44;-774191.79;0.35;0
2021-11;SE;sem;720;720;25241184.11;28628598.547;-3387414.437;-0.0;0;720;-3387414.437;-3387414.437;0.0;0
2021-11;S;sem;720;720;5611278.087;8977335.87;-3366057.783;-0.0;0;720;-3366057.783;-3366058.327;0.544;0
2021-11;NE;sem;720;720;11259097.028;8585268.943;2673828.085;-0.0;0;720;2673828.085;2673828.085;0.0;0
2021-11;N;sem;720;720;7825822.041;4409722.962;3416099.079;-0.0;0;720;3416099.079;3416099.079;-0.0;0
2021-11;SIN;sem;720;720;49937381.266;50600926.69;-663545.27;-0.154;0;720;-663545.27;-663545.6;0.33;0
2021-12;SE;sem;744;744;26353918.677;29594825.763;-3240907.09;0.004;0;744;-3240907.09;-3240907.09;0.0;0
2021-12;S;sem;744;744;5307137.874;9422950.507;-4115812.633;0.0;0;744;-4115812.633;-4115812.845;0.212;0
2021-12;NE;sem;744;744;10135370.482;8678255.092;1457115.39;-0.0;0;744;1457115.39;1457115.39;-0.0;0
2021-12;N;sem;744;744;10272489.437;4444120.414;5828369.025;-0.002;0;744;5828369.025;5828369.025;-0.0;0
2021-12;SIN;sem;744;744;52068916.469;52140152.07;-71235.39;-0.212;0;744;-71235.39;-71235.52;0.13;0
2022-01;SE;sem;744;744;26821588.692;30671601.546;-3850012.854;-0.0;0;744;-3850012.854;-3850012.854;0.0;0
2022-01;S;sem;744;744;5025252.326;10118652.553;-5093400.227;-0.0;0;744;-5093400.227;-5093400.313;0.086;0
2022-01;NE;sem;744;744;9468101.837;8386776.503;1081325.334;-0.0;0;744;1081325.334;1081325.334;-0.0;0
2022-01;N;sem;744;744;12115406.92;4287741.057;7827665.863;0.0;0;744;7827665.863;7827665.863;0.0;0
2022-01;SIN;sem;744;744;53430349.775;53464772.13;-34421.91;-0.445;0;744;-34421.91;-34421.97;0.06;0
2022-02;SE;sem;672;672;25380764.29;28524319.589;-3143555.307;0.008;0;672;-3143555.307;-3143555.307;0.0;0
2022-02;S;sem;672;672;4022273.812;9210544.49;-5188270.678;0.0;0;672;-5188270.678;-5188270.639;-0.039;0
2022-02;NE;sem;672;672;9126008.569;7898934.384;1227074.184;0.001;0;672;1227074.184;1227074.184;-0.0;0
2022-02;N;sem;672;672;11037817.929;3934928.106;7102889.822;0.001;0;672;7102889.822;7102889.822;-0.0;0
2022-02;SIN;sem;672;672;49566864.59;49568726.84;-1861.94;-0.31;0;672;-1861.94;-1861.94;0.0;0
2022-03;SE;sem;744;744;29383391.266;33036006.468;-3652615.202;-0.0;0;744;-3652615.202;-3652615.202;0.0;0
2022-03;S;sem;744;744;3877447.958;9387601.319;-5510153.361;-0.0;0;744;-5510153.361;-5510153.355;-0.006;0
2022-03;NE;sem;744;744;10228503.001;8606118.605;1622384.396;-0.0;0;744;1622384.396;1622384.396;-0.0;0
2022-03;N;sem;744;744;11772902.271;4232527.88;7540374.391;0.0;0;744;7540374.391;7540374.391;0.0;0
2022-03;SIN;sem;744;744;55262244.496;55262254.56;-9.77;-0.294;0;744;-9.77;-9.77;0.0;0
2022-04;SE;sem;720;720;23757623.313;29457536.026;-5699912.713;-0.0;0;720;-5699912.713;-5699912.713;0.0;0
2022-04;S;sem;720;720;5256287.818;8017478.842;-2761191.024;-0.0;0;720;-2761191.024;-2761190.986;-0.038;0
2022-04;NE;sem;720;720;9107483.808;8159743.104;947740.704;-0.0;0;720;947740.704;947740.704;-0.0;0
2022-04;N;sem;720;720;11726494.277;4213133.062;7513361.215;0.0;0;720;7513361.215;7513361.215;0.0;0
2022-04;SIN;sem;720;720;49847889.216;49847891.29;-1.79;-0.284;0;720;-1.79;-1.78;-0.01;0
2022-05;SE;sem;744;744;22625130.259;28486493.797;-5861363.541;0.003;0;744;-5861363.541;-5861363.541;0.0;0
2022-05;S;sem;744;744;7725430.168;8220926.917;-495496.748;-0.001;0;744;-495496.748;-495496.498;-0.25;0
2022-05;NE;sem;744;744;9329586.816;8244082.628;1085504.187;0.0;0;744;1085504.187;1085504.187;-0.0;0
2022-05;N;sem;744;744;10541381.246;4493353.734;6048027.512;0.0;0;744;6048027.512;6048027.512;-0.0;0
2022-05;SIN;sem;744;744;50221528.487;49444857.47;776671.62;-0.604;0;744;776671.62;776671.66;-0.04;0
2022-06;SE;sem;720;720;20949525.486;26968081.43;-6018555.937;-0.007;0;720;-6018555.937;-6018555.937;0.0;0
2022-06;S;sem;720;720;10714142.575;8072060.426;2642082.145;0.004;0;720;2642082.145;2642082.341;-0.196;0
2022-06;NE;sem;720;720;9077700.305;7494123.6;1583576.702;0.003;0;720;1583576.702;1583576.702;-0.0;0
2022-06;N;sem;720;720;7141539.807;4369576.131;2771963.674;0.002;0;720;2771963.674;2771963.674;-0.0;0
2022-06;SIN;sem;720;720;47882908.171;46903841.67;979066.71;-0.209;0;720;979066.71;979066.78;-0.07;0
2022-07;SE;sem;744;744;21212354.898;28142023.502;-6929668.605;0.001;0;744;-6929668.605;-6929668.605;0.0;0
2022-07;S;sem;744;744;10613038.433;8433485.854;2179552.579;0.0;0;744;2179552.579;2179552.433;0.146;0
2022-07;NE;sem;744;744;12799878.99;7803583.1;4996295.898;-0.008;0;744;4996295.898;4996295.898;-0.0;0
2022-07;N;sem;744;744;5132318.524;4672126.129;460192.394;0.001;0;744;460192.394;460192.394;-0.0;0
2022-07;SIN;sem;744;744;49757590.851;49051218.67;706372.29;-0.109;0;744;706372.29;706372.12;0.17;0
2022-08;SE;sem;744;744;22501117.164;28283205.706;-5782088.569;0.027;0;744;-5782088.569;-5782088.569;0.0;0
2022-08;S;sem;744;744;9379606.248;8247741.32;1131864.932;-0.004;0;744;1131864.932;1131865.07;-0.138;0
2022-08;NE;sem;744;744;14205502.853;8041814.352;6163688.5;0.001;0;744;6163688.5;6163688.5;-0.0;0
2022-08;N;sem;744;744;3998742.503;4898289.054;-899546.551;0.0;0;744;-899546.551;-899546.551;0.0;0
2022-08;SIN;sem;744;744;50084968.744;49471050.44;613918.41;-0.106;0;744;613918.41;613918.45;-0.04;0
2022-09;SE;sem;720;720;22523039.946;27694707.892;-5171667.937;-0.009;0;696;-4979733.896;-4979733.896;0.0;0
2022-09;S;sem;720;720;9683432.014;7950779.327;1764275.62;-31622.933;24;696;1641788.172;1641788.186;-0.014;0
2022-09;NE;sem;720;720;12558652.01;7914895.567;4643756.425;0.018;0;696;4540925.797;4540925.797;-0.0;0
2022-09;N;sem;720;720;4262988.174;4823060.761;-560072.592;0.005;0;696;-589934.437;-589934.437;0.0;0
2022-09;SIN;sem;720;720;49028112.123;48383443.75;644668.57;-0.197;0;720;644668.57;644668.58;-0.01;0
2022-10;SE;sem;744;744;23570515.611;29480407.102;-5909891.506;0.015;0;744;-5909891.506;-5909891.506;0.0;0
2022-10;S;sem;744;744;9892363.619;8025644.644;1866718.976;-0.001;0;744;1866718.976;1866719.034;-0.058;0
2022-10;NE;sem;744;744;12922886.863;8646140.724;4276746.154;-0.015;0;744;4276746.154;4276746.154;-0.0;0
2022-10;N;sem;744;744;4773354.759;4942049.962;-168695.202;-0.001;0;744;-168695.202;-168695.202;0.0;0
2022-10;SIN;sem;744;744;51159120.854;51094242.76;64878.4;-0.306;0;744;64878.4;64878.48;-0.08;0
2022-11;SE;sem;720;720;25698643.285;27986560.541;-2287917.288;0.032;0;720;-2287917.288;-2287917.288;0.0;0
2022-11;S;sem;720;720;9010797.597;8195993.741;814803.856;0.0;0;720;814803.856;814804.046;-0.19;0
2022-11;NE;sem;720;720;10261576.658;8248642.327;2012934.332;-0.001;0;720;2012934.332;2012934.332;0.0;0
2022-11;N;sem;720;720;4471230.003;4745027.117;-273797.12;0.006;0;720;-273797.12;-273797.12;0.0;0
2022-11;SIN;sem;720;720;49442247.506;49176224.0;266023.94;-0.434;0;720;266023.94;266023.97;-0.03;0
2022-12;SE;sem;744;744;26200938.384;28813778.047;-2612839.652;-0.011;0;744;-2612839.652;-2612839.652;0.0;0
2022-12;S;sem;744;744;6606398.454;8944603.592;-2338205.147;0.009;0;744;-2338205.147;-2338204.85;-0.297;0
2022-12;NE;sem;744;744;11430360.084;8413808.701;3016551.397;-0.014;0;744;3016551.397;3016551.397;-0.0;0
2022-12;N;sem;744;744;7615227.975;4822751.047;2792476.935;-0.007;0;744;2792476.935;2792476.935;-0.0;0
2022-12;SIN;sem;744;744;51852924.92;50994941.69;857983.78;-0.55;0;744;857983.78;857983.83;-0.05;0
2023-01;SE;sem;744;744;26263478.329;29728744.439;-3465266.114;0.004;0;744;-3465266.114;-3465266.114;0.0;0
2023-01;S;sem;744;744;5660902.271;9674703.487;-4013801.213;-0.003;0;744;-4013801.213;-4013800.825;-0.388;0
2023-01;NE;sem;744;744;11237571.454;8563651.088;2673920.371;-0.005;0;744;2673920.371;2673920.371;-0.0;0
2023-01;N;sem;744;744;10337442.7;4688386.958;5649055.758;-0.016;0;744;5649055.758;5649055.758;-0.0;0
2023-01;SIN;sem;744;744;53499394.774;52655486.31;843909.13;-0.666;0;744;843909.13;843909.19;-0.06;0
2023-02;SE;sem;672;672;24401661.735;28530807.769;-4129146.046;0.012;0;672;-4129146.046;-4129146.046;0.0;0
2023-02;S;sem;672;672;5704036.014;8817979.853;-3113943.846;0.007;0;672;-3113943.846;-3113943.444;-0.402;0
2023-02;NE;sem;672;672;10805584.381;7938497.458;2867086.915;0.008;0;672;2867086.915;2867086.915;-0.0;0
2023-02;N;sem;672;672;9666522.927;4322626.381;5343896.535;0.011;0;672;5343896.535;5343896.535;-0.0;0
2023-02;SIN;sem;672;672;50577805.019;49609911.68;967893.93;-0.591;0;672;967893.93;967893.96;-0.03;0
2023-03;SE;sem;744;744;29054720.482;32129554.489;-3074834.013;0.006;0;744;-3074834.013;-3074834.013;0.0;0
2023-03;S;sem;744;744;7374494.213;10062434.529;-2687940.319;0.003;0;744;-2687940.319;-2687939.9;-0.419;0
2023-03;NE;sem;744;744;9551352.528;8547024.552;1004327.963;0.013;0;744;1004327.963;1004327.963;-0.0;0
2023-03;N;sem;744;744;11018015.361;4948684.069;6069331.31;-0.018;0;744;6069331.31;6069331.31;-0.0;0
2023-03;SIN;sem;744;744;56998582.58;55687697.66;1310885.02;-0.1;0;744;1310885.02;1310885.36;-0.34;0
2023-04;SE;parcial;720;720;26455247.043;28420983.81;-1965736.832;0.065;0;720;-1965736.832;-1965736.832;0.0;0
2023-04;S;parcial;720;720;4994125.406;8315977.862;-3321852.452;-0.004;0;720;-3321852.452;-3321851.74;-0.712;0
2023-04;NE;parcial;720;720;8277959.981;8151649.747;126310.242;-0.008;0;720;126310.242;126310.242;0.0;0
2023-04;N;parcial;720;720;11203378.969;4894739.636;6308639.33;0.003;0;720;6308639.33;6308639.33;-0.0;0
2023-04;SIN;parcial;720;720;50930711.343;49783351.46;1147360.58;-0.697;0;720;1147360.58;1147361.0;-0.42;0
2023-05;SE;com;744;744;27073136.38;29624290.187;-2551153.809;0.002;0;744;-2551153.809;-2551153.809;0.0;0
2023-05;S;com;744;744;5740571.757;8981761.903;-3241190.14;-0.006;0;744;-3241190.14;-3241189.715;-0.425;0
2023-05;NE;com;744;744;11013232.508;8895754.759;2117477.749;0.0;0;744;2117477.749;2117477.749;-0.0;0
2023-05;N;com;744;744;9788022.168;5349482.984;4438539.195;-0.011;0;744;4438539.195;4438539.195;-0.0;0
2023-05;SIN;com;744;744;53614962.828;52851289.92;763673.18;-0.272;0;744;763673.18;763673.42;-0.24;0
2023-06;SE;com;720;720;25404001.901;27805684.584;-2401682.679;-0.004;0;720;-2401682.679;-2401682.679;0.0;0
2023-06;S;com;720;720;5537930.158;8434101.409;-2896171.248;-0.003;0;720;-2896171.248;-2896170.565;-0.683;0
2023-06;NE;com;720;720;12392824.043;8390335.968;4002488.072;0.003;0;720;4002488.072;4002488.072;-0.0;0
2023-06;N;com;720;720;7454855.042;5123410.026;2331445.012;0.004;0;720;2331445.012;2331445.012;-0.0;0
2023-06;SIN;com;720;720;50789611.144;49753532.2;1036079.29;-0.346;0;720;1036079.29;1036079.84;-0.55;0
2023-07;SE;com;744;744;24043440.355;28540575.217;-4497134.827;-0.035;0;744;-4497134.827;-4497134.827;0.0;0
2023-07;S;com;744;744;9111081.481;8780239.16;330842.322;-0.001;0;744;330842.322;330842.602;-0.28;0
2023-07;NE;com;744;744;13739606.391;8630504.593;5109101.791;0.007;0;744;5109101.791;5109101.791;-0.0;0
2023-07;N;com;744;744;5254595.649;5364592.011;-109996.366;0.004;0;744;-109996.366;-109996.366;0.0;0
2023-07;SIN;com;744;744;52148723.901;51315911.35;832813.06;-0.509;0;744;832813.06;832813.2;-0.14;0
2023-08;SE;com;744;744;26436383.436;30316082.438;-3879699.026;0.024;0;744;-3879699.026;-3879699.026;0.0;0
2023-08;S;com;744;744;10060193.479;9079992.134;980201.336;0.009;0;744;980201.336;980201.481;-0.145;0
2023-08;NE;com;744;744;13176742.265;8920538.296;4256203.965;0.004;0;744;4256203.965;4256203.965;-0.0;0
2023-08;N;com;744;744;4442197.473;5622424.785;-1180227.31;-0.002;0;744;-1180227.31;-1180227.31;0.0;0
2023-08;SIN;com;744;744;54115516.618;53939037.91;176479.11;-0.402;0;744;176479.11;176479.11;0.0;0
2023-09;SE;com;720;720;26911913.305;31259148.39;-4347235.094;0.009;0;720;-4347235.094;-4347235.094;0.0;0
2023-09;S;com;720;720;10613720.652;8811178.534;1802542.12;-0.002;0;720;1802542.12;1802542.121;-0.001;0
2023-09;NE;com;720;720;12968166.366;8866842.744;4101323.622;-0.0;0;720;4101323.622;4101323.622;0.0;0
2023-09;N;com;720;720;4103952.47;5577822.029;-1473869.559;-0.0;0;720;-1473869.559;-1473869.559;0.0;0
2023-09;SIN;com;720;720;54597752.786;54514991.99;82761.07;-0.274;0;720;82761.07;82761.09;-0.02;0
2023-10;SE;com;744;744;26513780.824;32805861.237;-6292080.417;0.004;0;744;-6292080.417;-6292080.417;0.0;0
2023-10;S;com;744;744;12287924.369;9184155.225;3103769.157;-0.013;0;744;3103769.157;3103769.131;0.026;0
2023-10;NE;com;744;744;14061367.197;9710065.169;4351302.021;0.007;0;744;4351302.021;4351302.021;-0.0;0
2023-10;N;com;744;744;4572538.713;5776345.621;-1203806.905;-0.003;0;744;-1203806.905;-1203806.905;0.0;0
2023-10;SIN;com;744;744;57435611.108;57476427.71;-40816.17;-0.432;0;744;-40816.17;-40816.17;0.0;0
2023-11;SE;com;720;720;28919142.62;33345999.801;-4426857.195;0.014;0;720;-4426857.195;-4426857.195;0.0;0
2023-11;S;com;720;720;11782209.919;9512820.839;2269389.075;0.005;0;720;2269389.075;2269389.2;-0.125;0
2023-11;NE;com;720;720;13095923.227;9730610.527;3365312.699;0.001;0;720;3365312.699;3365312.699;-0.0;0
2023-11;N;com;720;720;4261201.877;5485141.736;-1223939.854;-0.005;0;720;-1223939.854;-1223939.854;0.0;0
2023-11;SIN;com;720;720;58058477.628;58074573.13;-16095.29;-0.212;0;720;-16095.29;-16095.15;-0.14;0
2023-12;SE;com;744;744;30665200.568;34369766.432;-3704565.906;0.042;0;744;-3704565.906;-3704565.906;0.0;0
2023-12;S;com;744;744;12264279.516;10430684.685;1833594.841;-0.01;0;744;1833594.841;1833594.847;-0.006;0
2023-12;NE;com;744;744;13244549.165;9799115.58;3445433.592;-0.007;0;744;3445433.592;3445433.592;-0.0;0
2023-12;N;com;744;744;3809488.23;5393965.351;-1584477.123;0.002;0;744;-1584477.123;-1584477.123;0.0;0
2023-12;SIN;com;744;744;59983517.452;59993532.36;-10014.63;-0.278;0;744;-10014.63;-10014.59;-0.04;0
2024-01;SE;com;744;744;32052090.09;33657999.284;-1605909.184;-0.01;0;744;-1605909.184;-1605909.184;0.0;0
2024-01;S;com;744;744;11392846.753;10452026.496;940820.265;-0.008;0;744;940820.265;940819.89;0.375;0
2024-01;NE;com;744;744;9866317.698;9800845.055;65472.647;-0.004;0;744;65472.647;65472.647;-0.0;0
2024-01;N;com;744;744;5681302.309;5418266.542;263035.767;0.0;0;744;263035.767;263035.767;0.0;0
2024-01;SIN;com;744;744;58992556.872;59329137.74;-336580.78;-0.088;0;744;-336580.78;-336580.88;0.1;0
2024-02;SE;com;696;696;28190492.563;32432053.401;-4241560.837;-0.001;0;696;-4241560.837;-4241560.837;0.0;0
2024-02;S;com;696;696;9906991.916;10903742.302;-996750.377;-0.009;0;696;-996750.377;-996750.254;-0.123;0
2024-02;NE;com;696;696;10435116.347;9181208.269;1253908.071;0.007;0;696;1253908.071;1253908.071;0.0;0
2024-02;N;com;696;696;9289559.741;5088507.425;4201052.31;0.006;0;696;4201052.31;4201052.31;-0.0;0
2024-02;SIN;com;696;696;57822160.564;57605511.81;216649.19;-0.436;0;696;216649.19;216649.29;-0.1;0
2024-03;SE;com;744;744;30080439.207;35095078.224;-5014639.04;0.023;0;744;-5014639.04;-5014639.04;0.0;0
2024-03;S;com;744;744;9647080.295;10814551.339;-1167471.038;-0.006;0;744;-1167471.038;-1167471.105;0.067;0
2024-03;NE;com;744;744;10549172.643;9976468.878;572703.764;0.001;0;744;572703.764;572703.764;0.0;0
2024-03;N;com;744;744;11040694.752;5493616.501;5547078.271;-0.02;0;744;5547078.271;5547078.271;-0.0;0
2024-03;SIN;com;744;744;61317386.899;61379715.36;-62328.1;-0.361;0;744;-62328.1;-62328.11;0.01;0
2024-04;SE;com;720;720;28382037.173;32905093.319;-4523056.165;0.019;0;720;-4523056.165;-4523056.165;0.0;0
2024-04;S;com;720;720;7908329.678;9733359.812;-1825030.135;0.001;0;720;-1825030.135;-1850277.501;25247.366;22
2024-04;NE;com;720;720;10582485.156;9413423.634;1169061.516;0.006;0;720;1169061.516;1169061.516;-0.0;0
2024-04;N;com;720;720;10464919.341;5357908.461;5107010.883;-0.003;0;720;5107010.883;5107010.883;-0.0;0
2024-04;SIN;com;720;720;57337771.325;57409785.6;-72013.92;-0.355;0;720;-72013.92;-97261.267;25247.347;22
2024-05;SE;com;744;744;24447835.714;32971793.482;-8523957.748;-0.02;0;744;-8523957.748;-8523957.748;-0.0;0
2024-05;S;com;744;744;9723664.519;9331659.318;392005.206;-0.005;0;744;392005.206;390494.471;1510.735;6
2024-05;NE;com;744;744;13140120.714;9538931.858;3601188.855;0.001;0;744;3601188.855;3601188.855;-0.0;0
2024-05;N;com;744;744;10306858.818;5731346.002;4575512.819;-0.003;0;744;4575512.819;4575512.819;-0.0;0
2024-05;SIN;com;744;744;57618479.792;57573731.13;44749.15;-0.488;0;744;44749.15;43238.397;1510.753;6
2024-06;SE;com;720;720;23707202.14;29836144.093;-6128941.945;-0.008;0;720;-6128941.945;-6128941.945;0.0;0
2024-06;S;com;720;720;10438377.01;9072872.677;1365504.322;0.011;0;720;1365504.322;1365504.625;-0.303;0
2024-06;NE;com;720;720;13796928.782;8779540.041;5017388.754;-0.013;0;720;5017388.754;5017388.754;-0.0;0
2024-06;N;com;720;720;5687419.96;5559302.571;128117.386;0.003;0;720;128117.386;128117.386;0.0;0
2024-06;SIN;com;720;720;53629927.899;53247859.92;382068.77;-0.791;0;720;382068.77;382068.82;-0.05;0
2024-07;SE;com;744;744;24167472.395;30513141.581;-6345669.179;-0.007;0;744;-6345669.179;-6345669.179;0.0;0
2024-07;S;com;744;744;11446674.065;9638520.158;1808153.908;-0.001;0;744;1808153.908;1808154.275;-0.367;0
2024-07;NE;com;744;744;15392625.711;9148843.141;6243782.58;-0.01;0;744;6243782.58;6243782.58;-0.0;0
2024-07;N;com;744;744;5000911.357;5813195.243;-812283.886;0.0;0;744;-812283.886;-812283.886;0.0;0
2024-07;SIN;com;744;744;56007683.546;55113700.44;893983.79;-0.684;0;744;893983.79;893983.79;0.0;0
2024-08;SE;com;744;744;25241122.964;31292343.786;-6051220.838;0.016;0;744;-6051220.838;-6051220.838;0.0;0
2024-08;S;com;744;744;10734380.987;9683766.792;1050614.2;-0.005;0;744;1050614.2;1066538.448;-15924.248;24
2024-08;NE;com;744;744;16492511.647;9547072.035;6945439.604;0.008;0;744;6945439.604;6945439.604;-0.0;0
2024-08;N;com;744;744;4754130.169;6030554.26;-1276424.089;-0.002;0;744;-1276424.089;-1276424.089;0.0;0
2024-08;SIN;com;744;744;57222145.75;56553737.39;668409.08;-0.72;0;744;668409.08;684333.125;-15924.045;24
2024-09;SE;com;720;720;28180953.807;33101840.395;-4920886.604;0.016;0;720;-4920886.604;-4920886.604;0.0;0
2024-09;S;com;720;720;8583838.995;9249274.179;-665435.182;-0.002;0;720;-665435.182;-721765.976;56330.794;96
2024-09;NE;com;720;720;16396323.338;9439170.594;6957152.746;-0.002;0;720;6957152.746;6957152.746;-0.0;0
2024-09;N;com;720;720;4700707.879;6118591.942;-1417884.062;-0.001;0;720;-1417884.062;-1417884.062;0.0;0
2024-09;SIN;com;720;720;57861824.008;57908877.41;-47053.11;-0.292;0;720;-47053.11;-103383.896;56330.786;96
2024-10;SE;com;744;744;29131141.275;33618588.534;-4487447.228;-0.031;0;744;-4487447.228;-4487447.228;0.0;0
2024-10;S;com;744;744;9609185.188;10008492.551;-399307.368;0.005;0;744;-399307.368;-441476.761;42169.393;63
2024-10;NE;com;744;744;15919644.608;10229712.981;5689931.637;-0.01;0;744;5689931.637;5689931.637;-0.0;0
2024-10;N;com;744;744;5270018.612;6231345.649;-961327.039;0.002;0;744;-961327.039;-961327.039;0.0;0
2024-10;SIN;com;744;744;59929989.717;60088140.1;-158150.04;-0.343;0;744;-158150.04;-200319.391;42169.351;63
2024-11;SE;com;720;720;28623231.289;31790139.794;-3166908.489;-0.016;0;720;-3166908.489;-3166908.489;0.0;0
2024-11;S;com;720;720;9881239.475;10313792.655;-432553.182;0.002;0;720;-432553.182;-432553.107;-0.075;0
2024-11;NE;com;720;720;14547592.743;9960192.54;4587400.189;0.014;0;720;4587400.189;4587400.189;-0.0;0
2024-11;N;com;720;720;5001374.863;5972021.517;-970646.653;-0.001;0;720;-970646.653;-970646.653;0.0;0
2024-11;SIN;com;720;720;58053438.371;58036147.05;17291.91;-0.589;0;720;17291.91;17291.94;-0.03;0
2024-12;SE;com;744;744;29303158.289;33279546.826;-3976388.512;-0.025;0;744;-3976388.512;-3976388.512;0.0;0
2024-12;S;com;744;744;9412491.781;9792671.224;-380179.444;0.001;0;744;-380179.444;-380587.359;407.915;2
2024-12;NE;com;744;744;14187895.775;10244722.38;3943173.391;0.004;0;744;3943173.391;3943173.391;-0.0;0
2024-12;N;com;744;744;6270777.081;5874244.516;396532.574;-0.009;0;744;396532.574;396532.574;0.0;0
2024-12;SIN;com;744;744;59174322.955;59191185.26;-16861.99;-0.315;0;744;-16861.99;-17269.906;407.916;2
2025-01;SE;com;744;744;32588657.023;34784627.458;-2195970.435;-0.0;0;744;-2195970.435;-2195970.435;0.0;0
2025-01;S;com;744;744;9178598.097;11380782.018;-2202183.921;-0.0;0;744;-2202183.921;-2202183.723;-0.198;0
2025-01;NE;com;744;744;10387694.057;9979822.098;407871.959;-0.0;0;744;407871.959;407871.959;0.0;0
2025-01;N;com;744;744;9963323.384;5681862.385;4281460.999;-0.0;0;744;4281460.999;4281460.999;-0.0;0
2025-01;SIN;com;744;744;62118272.561;61827094.36;291178.74;-0.539;0;744;291178.74;291178.8;-0.06;0
2025-02;SE;com;672;672;30915591.007;34318177.172;-3402586.165;-0.0;0;672;-3402586.165;-3402586.165;0.0;0
2025-02;S;com;672;672;8195965.545;11217467.201;-3021501.656;-0.0;0;648;-2916118.385;-2916118.04;-0.345;0
2025-02;NE;com;672;672;11717144.051;9233246.756;2483897.295;-0.0;0;672;2483897.295;2483897.295;-0.0;0
2025-02;N;com;672;672;9662412.982;5178064.321;4484348.661;0.0;0;672;4484348.661;4484348.661;-0.0;0
2025-02;SIN;com;672;672;60491113.585;59946955.71;544158.23;-0.355;0;648;544158.23;544158.48;-0.25;0
2025-03;SE;com;744;744;31712242.86;36148225.84;-4435982.98;-0.0;0;744;-4435982.98;-4435982.98;0.0;0
2025-03;S;com;744;744;7168679.024;11642541.14;-4473862.116;-0.0;0;600;-3634908.642;-3634908.537;-0.105;0
2025-03;NE;com;744;744;13574168.013;10261388.887;3312779.126;-0.0;0;744;3312779.126;3312779.126;-0.0;0
2025-03;N;com;744;744;11624337.199;5911457.974;5712879.225;0.0;0;744;5712879.225;5712879.225;-0.0;0
2025-03;SIN;com;744;744;64079427.096;63963614.22;115813.28;-0.404;0;600;115813.28;115813.36;-0.08;0
2025-04;SE;com;720;720;28469974.361;31894135.394;-3424161.033;-0.0;0;720;-3424161.033;-3424161.033;0.0;0
2025-04;S;com;720;720;5008227.46;9478832.312;-4470604.852;-0.0;0;720;-4470604.852;-4470604.847;-0.005;0
2025-04;NE;com;720;720;12330095.765;9957061.527;2373034.238;-0.0;0;720;2373034.238;2373034.238;-0.0;0
2025-04;N;com;720;720;11305317.915;5831959.933;5473357.982;-0.0;0;720;5473357.982;5473357.982;-0.0;0
2025-04;SIN;com;720;720;57113615.501;57161989.42;-48373.65;-0.269;0;720;-48373.65;-48373.66;0.01;0
2025-05;SE;com;744;744;27573016.818;31141131.333;-3568114.515;-0.0;0;744;-3568114.515;-3568114.515;0.0;0
2025-05;S;com;744;744;4876079.239;9608597.083;-4732517.844;-0.0;0;624;-3958540.701;-3958540.675;-0.026;0
2025-05;NE;com;744;744;15037134.524;9911783.993;5125350.531;-0.0;0;744;5125350.531;5125350.531;0.0;0
2025-05;N;com;744;744;9249569.63;6061961.888;3187607.742;-0.0;0;744;3187607.742;3187607.742;-0.0;0
2025-05;SIN;com;744;744;56735800.211;56723474.55;12325.94;-0.279;0;624;12325.94;12325.94;0.0;0
2025-06;SE;com;720;720;25688622.191;29562141.304;-3873519.113;-0.0;0;720;-3873519.113;-3873519.113;0.0;0
2025-06;S;com;720;720;6836157.486;9147226.966;-2311069.48;-0.0;0;720;-2311069.48;-2311069.128;-0.352;0
2025-06;NE;com;720;720;14864674.302;9188735.533;5675938.769;-0.0;0;720;5675938.769;5675938.769;-0.0;0
2025-06;N;com;720;720;6952254.334;5828432.022;1123822.312;-0.0;0;720;1123822.312;1123822.312;-0.0;0
2025-06;SIN;com;720;720;54341708.313;53726536.18;615172.67;-0.537;0;720;615172.67;615172.84;-0.17;0
2025-07;SE;com;744;744;25663103.376;30025365.99;-4362262.614;-0.0;0;744;-4362262.614;-4362262.614;0.0;0
2025-07;S;com;744;744;10082746.725;9970043.859;112702.866;-0.0;0;720;163209.335;163209.75;-0.415;0
2025-07;NE;com;744;744;15055706.001;9084063.406;5971642.595;-0.0;0;744;5971642.595;5971642.595;-0.0;0
2025-07;N;com;744;744;5496193.068;6077225.4;-581032.332;-0.0;0;744;-581032.332;-581032.332;0.0;0
2025-07;SIN;com;744;744;56297749.17;55156699.09;1141050.91;-0.83;0;720;1141050.91;1141050.93;-0.02;0
2025-08;SE;com;744;744;26175920.075;30635933.002;-4460012.927;-0.0;0;744;-4460012.927;-4460012.927;0.0;0
2025-08;S;com;744;744;8906364.838;9299579.223;-393214.385;-0.0;0;744;-393214.385;-393214.149;-0.236;0
2025-08;NE;com;744;744;15595732.998;9262513.709;6333219.289;-0.0;0;744;6333219.289;6333219.289;-0.0;0
2025-08;N;com;744;744;5271650.984;6410437.427;-1138786.443;-0.0;0;744;-1138786.443;-1138786.443;0.0;0
2025-08;SIN;com;744;744;55949668.895;55608463.58;341205.64;-0.325;0;744;341205.64;341205.77;-0.13;0
2025-09;SE;com;720;720;25140907.752;30855039.063;-5714131.311;-0.0;0;720;-5714131.311;-5714131.311;0.0;0
2025-09;S;com;720;720;9309644.312;9069272.8;240371.512;-0.0;0;696;206753.545;206753.59;-0.045;0
2025-09;NE;com;720;720;16547535.486;9386329.106;7161206.38;-0.0;0;720;7161206.38;7161206.38;0.0;0
2025-09;N;com;720;720;4774282.265;6430625.531;-1656343.266;-0.0;0;720;-1656343.266;-1656343.266;0.0;0
2025-09;SIN;com;720;720;55772369.815;55741266.83;31103.37;-0.385;0;696;31103.37;31103.36;0.01;0
2025-10;SE;com;744;744;26133102.049;32450491.347;-6317389.298;-0.0;0;744;-6317389.298;-6317389.298;0.0;0
2025-10;S;com;744;744;10216828.862;9527207.32;689621.542;-0.0;0;744;689621.542;689621.515;0.027;0
2025-10;NE;com;744;744;17199052.146;9909081.503;7289970.643;-0.0;0;744;7289970.643;7289970.643;0.0;0
2025-10;N;com;744;744;4977437.48;6660805.37;-1683367.89;-0.0;0;744;-1683367.89;-1683367.89;0.0;0
2025-10;SIN;com;744;744;58526420.537;58547585.92;-21165.03;-0.353;0;744;-21165.03;-21165.03;0.0;0
2025-11;SE;com;720;720;27606884.827;31610606.15;-4003721.323;-0.0;0;720;-4003721.323;-4003721.323;0.0;0
2025-11;S;com;720;720;9771290.192;9710330.129;60960.063;-0.0;0;720;60960.063;60960.016;0.047;0
2025-11;NE;com;720;720;14569870.261;9946561.689;4623308.572;-0.0;0;720;4623308.572;4623308.572;0.0;0
2025-11;N;com;720;720;5768300.768;6459839.943;-691539.175;-0.0;0;720;-691539.175;-691539.175;0.0;0
2025-11;SIN;com;720;720;57716346.048;57727338.46;-10991.88;-0.532;0;720;-10991.88;-10991.91;0.03;0
2025-12;SE;com;744;744;30345624.52;33993089.778;-3647465.258;-0.0;0;744;-3647465.258;-3647465.258;0.0;0
2025-12;S;com;744;744;9949381.66;10874939.75;-925558.09;-0.0;0;744;-925558.09;-925558.106;0.016;0
2025-12;NE;com;744;744;14207193.525;10097147.387;4110046.138;-0.0;0;744;4110046.138;4110046.138;0.0;0
2025-12;N;com;744;744;6769272.916;6277831.91;491441.006;-0.0;0;744;491441.006;491441.006;0.0;0
2025-12;SIN;com;744;744;61271472.621;61243009.05;28463.8;-0.229;0;744;28463.8;28463.78;0.02;0
2026-01;SE;com;744;744;28983203.249;34279900.682;-5227709.002;-68988.431;734;744;-5227709.002;-5227708.951;-0.051;0
2026-01;S;com;744;744;9423733.171;11226400.825;-1787559.942;-15107.712;619;744;-1787559.942;-1787559.908;-0.034;0
2026-01;NE;com;744;744;14247954.086;10312247.045;4303126.248;-367419.207;740;744;4303126.248;4303126.182;0.066;0
2026-01;N;com;744;744;8864069.64;6093222.177;2771557.714;-710.251;726;744;2771557.714;2771557.695;0.019;0
2026-01;SIN;com;744;744;61511761.634;61911771.15;59415.03;-459424.546;744;744;59415.03;59415.018;0.012;0
2026-02;SE;com;672;672;29485119.517;32223939.011;-2656898.835;-81920.659;663;672;-2656898.835;-2656898.817;-0.018;0
2026-02;S;com;672;672;8051381.107;10795989.29;-2741055.746;-3552.437;604;672;-2741055.746;-2741055.702;-0.044;0
2026-02;NE;com;672;672;10362491.172;9101695.53;1343898.766;-83103.124;670;672;1343898.766;1343898.754;0.012;0
2026-02;N;com;672;672;9629450.819;5458335.575;4164259.006;6856.238;669;672;4164259.006;4164258.956;0.05;0
2026-02;SIN;com;672;672;57236672.986;57579959.81;110203.27;-453490.094;672;672;110203.27;110203.191;0.079;0
2026-03;SE;com;744;744;33190300.057;34681687.062;-1441166.096;-50220.909;524;744;-1441166.096;-1441166.06;-0.036;0
2026-03;S;com;744;744;6009957.563;12011999.811;-5978699.535;-23342.713;499;744;-5978699.535;-5978699.494;-0.041;0
2026-03;NE;com;744;744;11408822.867;10113750.801;1620234.122;-325162.056;526;744;1620234.122;1620234.111;0.011;0
2026-03;N;com;744;744;11925816.322;6171614.224;5749217.157;4984.941;515;744;5749217.157;5749217.091;0.066;0
2026-03;SIN;com;744;744;62527119.88;62979052.2;-50414.39;-401517.93;528;744;-50414.39;-50414.352;-0.038;0
2026-04;SE;com;720;720;30026469.776;32300450.174;-2270158.729;-3821.669;309;720;-2270158.729;-2270158.691;-0.038;0
2026-04;S;com;720;720;4373488.559;10361139.13;-5986688.104;-962.467;305;720;-5986688.104;-5986688.057;-0.047;0
2026-04;NE;com;720;720;12920100.904;9602663.115;3341915.322;-24477.533;312;720;3341915.322;3341915.287;0.035;0
2026-04;N;com;720;720;10857843.065;5870842.597;4981040.246;5960.222;304;720;4981040.246;4981040.193;0.053;0
2026-04;SIN;com;720;720;58177808.664;58135095.34;66108.63;-23395.306;312;720;66108.63;66108.732;-0.102;0
2026-05;SE;com;744;744;27557623.898;31561194.681;-3942909.241;-60661.542;213;744;-3942909.241;-3942909.211;-0.03;0
2026-05;S;com;744;744;4807877.335;9477971.668;-4633501.311;-36593.022;214;744;-4633501.311;-4633501.261;-0.05;0
2026-05;NE;com;744;744;14061999.321;9717494.706;4681725.599;-337220.984;216;744;4681725.599;4681725.559;0.04;0
2026-05;N;com;744;744;10591233.507;6143030.092;4448709.525;-506.11;189;744;4448709.525;4448709.485;0.04;0
2026-05;SIN;com;744;744;57016693.188;56899691.48;554024.72;-437023.012;216;744;554024.72;554024.572;0.148;0
2026-06;SE;com;720;720;26122075.06;29280989.442;-3158914.382;0.0;0;720;-3158914.382;-3158914.352;-0.03;0
2026-06;S;com;720;720;7444938.626;9565283.348;-2120344.722;0.0;0;720;-2120344.722;-2120344.67;-0.052;0
2026-06;NE;com;720;720;14673655.368;9328851.255;5344804.113;0.0;0;720;5344804.113;5344804.036;0.077;0
2026-06;N;com;720;720;6853165.903;6078617.059;774548.844;0.0;0;720;774548.844;774548.839;0.005;0
2026-06;SIN;com;720;720;55093834.957;54253741.42;840094.05;-0.513;0;720;840094.05;840093.853;0.197;0
2026-07;SE;com;744;744;26381799.257;30437632.183;-4055832.926;-0.0;0;744;-4055832.926;-4055832.859;-0.067;0
2026-07;S;com;744;744;10052570.314;9865650.447;186919.867;0.0;0;744;186919.867;186919.88;-0.013;0
2026-07;NE;com;744;744;15616896.418;9775993.006;5840903.412;0.0;0;744;5840903.412;5840903.32;0.092;0
2026-07;N;com;744;744;5282172.75;6572582.849;-1290410.099;0.0;0;744;-1290410.099;-1290410.087;-0.012;0
2026-07;SIN;com;744;744;57333438.739;56651858.93;681580.52;-0.711;0;744;681580.52;681580.254;0.266;0
2026-08;SE;com;744;744;26601316.58;32499153.392;-5897836.812;-0.0;0;744;-5897836.812;-5897836.714;-0.098;0
2026-08;S;com;744;744;10943679.881;9982115.271;961564.61;0.0;0;744;961564.61;961564.595;0.015;0
2026-08;NE;com;744;744;17485458.35;10109674.232;7375784.118;0.0;0;744;7375784.118;7375784.024;0.094;0
2026-08;N;com;744;744;5095599.321;7069475.251;-1973875.93;0.0;0;744;-1973875.93;-1973875.919;-0.011;0
2026-08;SIN;com;744;744;60126054.132;59660418.49;465636.12;-0.478;0;744;465636.12;465635.986;0.134;0
2026-09;SE;com;696;696;25939256.93;30819418.809;-4880161.879;0.0;0;696;-4880161.879;-4880161.797;-0.082;0
2026-09;S;com;696;696;10284996.923;9144363.148;1140633.775;0.0;0;696;1140633.775;1140633.751;0.024;0
2026-09;NE;com;696;696;16209691.218;10014803.314;6194887.904;0.0;0;696;6194887.904;6194887.814;0.09;0
2026-09;N;com;696;696;4473134.544;6857679.502;-2384544.958;0.0;0;696;-2384544.958;-2384544.925;-0.033;0
2026-09;SIN;com;696;696;56907079.615;56836265.09;70814.86;-0.335;0;696;70814.86;70814.843;0.017;0
