id;data_publicacao;conferencia_publicacao;vigencia_inicio;vigencia_grao;vigencia_calculada;orgao;ato;tipo_ato;dispositivo;titulo;resumo;efeito_declarado;impacto_estimado;temas;paineis;documento;nivel_conferencia;trecho_confere;origem
ren-1147-2025;2025-12-16;aprovado;2025-12-16;dia;0;ANEEL;Resolução Normativa ANEEL nº 1.147, de 9 de dezembro de 2025;Resolução Normativa;art. 1º (objeto), art. 2º (alterações na REN nº 1.000/2021) e art. 13 (vigência e efeitos);ANEEL regula a nova Tarifa Social e o desconto social;Adapta as regras de atendimento à Lei nº 15.235/2025: cria a subclasse residencial desconto social, obriga a distribuidora a esclarecer o consumidor sobre as subclasses de baixa renda e de desconto social e escalona efeitos de parte das mudanças para abril e julho de 2026.;Regula a Lei nº 15.235, de 8 de outubro de 2025, para tratar as alterações na Lei nº 12.212, de 20 de janeiro de 2010 e na Lei nº 10.438, de 26 de abril de 2002, relativas à tarifa social de energia elétrica, desconto social e desconto de atividades de irrigação e aquicultura.;;tarifa_social|consumidor;/setor-eletrico/inclusao-energetica|/setor-eletrico/conta-de-luz;ren20251147;texto_do_ato;1;curadoria
lei-15269-2025;2025-11-25;aprovado;2025-11-25;dia;0;Congresso Nacional;Lei nº 15.269, de 24 de novembro de 2025;Lei;art. 2º (§ 17 do art. 15 da Lei nº 9.074/1995) e art. 24 (vigência);Lei prevê abertura do mercado livre à baixa tensão;Entre outras mudanças no setor, prevê que a escolha do fornecedor chegue aos consumidores atendidos em baixa tensão (abaixo de 2,3 kV): em até 24 meses da entrada em vigor do dispositivo para indústrias e comércio e em até 36 meses para os demais, depois de requisitos como plano de comunicação e definição de tarifas.;Moderniza o marco regulatório do setor elétrico para promover a modicidade tarifária e a segurança energética;;mercado|consumidor;/setor-eletrico/mercado|/setor-eletrico/conta-de-luz;lei15269_2025;texto_do_ato;1;curadoria
ren-1137-2025;2025-10-30;aprovado;2025-10-30;dia;0;ANEEL;Resolução Normativa ANEEL nº 1.137, de 21 de outubro de 2025;Resolução Normativa;art. 2º (item 134-A do Módulo 1 do PRODIST), art. 5º (itens 172, 214, 216, 219 e 220-A do Módulo 8), art. 13, incisos I a VI (prazos de implantação) e art. 21 (vigência);Novo indicador DISE: interrupções em situação de emergência passam a gerar compensação;Cria o indicador individual DISE, a duração de cada interrupção ocorrida em situação de emergência, com limite vinculado ao DEC anual e compensação ao consumidor de média ou baixa tensão a cada interrupção que o supere. A apuração do DISE deve começar em até 180 dias da publicação, com efeitos retroativos a dois meses após a publicação. A mesma resolução exige planos de manejo de vegetação, de comunicação e de contingência e a divulgação, em mapa, das unidades afetadas por interrupções.;"Estabelece disposições para o aumento da resiliência do sistema de distribuição e de transmissão a eventos climáticos severos; altera as Resoluções Normativas nº 846, de 11 de junho de 2019, nº 905, de 08 de dezembro de 2020, nº 948, de 16 de novembro de 2021, nº 956, de 7 de dezembro de 2021, nº 1.000, de 7 de dezembro de 2021, e dá outras providências.";;qualidade|metodologia|consumidor;/setor-eletrico/qualidade;ren20251137;texto_do_ato;1;curadoria
lei-15235-2025;2025-10-09;aprovado;2025-10-09;dia;0;Congresso Nacional;Lei nº 15.235, de 8 de outubro de 2025;Lei;art. 1º (§ 3º-I do art. 13 da Lei nº 10.438/2002), art. 3º (art. 1º da Lei nº 12.212/2010) e art. 6º;Lei confirma a nova Tarifa Social e cria isenção da CDE até 120 kWh;Converte a Medida Provisória nº 1.300/2025: mantém o desconto de 100% até 80 kWh por mês na Tarifa Social e, a partir de 1º de janeiro de 2026, isenta das quotas da CDE, até 120 kWh por mês e numa única unidade, as famílias do CadÚnico com renda por pessoa acima de meio e até um salário mínimo.;§ 3º-I. A partir de 1º de janeiro de 2026, as famílias com renda mensal per capita superior a 1/2 (meio) e igual ou inferior a 1 (um) salário mínimo, desde que devidamente inscritas no Cadastro Único para Programas Sociais do Governo Federal (CadÚnico), terão isenção, em uma única unidade consumidora, do pagamento das quotas anuais da CDE para consumo mensal de até 120 kWh (cento e vinte quilowatts-hora).;;tarifa_social|tarifa|subsidios;/setor-eletrico/inclusao-energetica|/setor-eletrico/conta-de-luz;lei15235_2025;texto_do_ato;1;curadoria
mpv-1300-2025;2025-05-21;aprovado;2025-07-05;dia;1;Presidência da República;Medida Provisória nº 1.300, de 21 de maio de 2025;Medida Provisória;art. 6º (nova redação do art. 1º da Lei nº 12.212/2010) e art. 10, inciso I;Medida provisória muda a Tarifa Social: desconto integral até 80 kWh;Troca as faixas cumulativas de desconto da Tarifa Social previstas na Lei nº 12.212/2010 por uma regra única: desconto de 100% na parcela do consumo até 80 kWh por mês e nenhum desconto acima disso. Convertida na Lei nº 15.235/2025.;"I – para a parcela do consumo de energia elétrica inferior ou igual a 80 kWh/mês (oitenta quilowatt-hora/mês), o desconto será de 100% (cem por cento); e II – para a parcela do consumo de energia elétrica superior a 80 kWh/mês (oitenta quilowatt-hora/mês), o desconto será de 0% (zero por cento).";;tarifa_social|tarifa;/setor-eletrico/inclusao-energetica|/setor-eletrico/conta-de-luz;mpv1300_2025;texto_do_ato;1;curadoria
ren-1114-2025;2025-03-14;aprovado;2025-03-14;dia;0;ANEEL;Resolução Normativa ANEEL nº 1.114, de 11 de fevereiro de 2025;Resolução Normativa;art. 1º e parágrafo único (objeto e recálculo), art. 2º, incisos II e III (Submódulos 2.6 v3.0 e 2.6A v2.0 do PRORET), item 38 do Submódulo 2.6 no Anexo I e art. 4º (vigência);Perdas não técnicas passam a ser calculadas sobre o mercado medido;Nos processos tarifários, o ponto de partida, a meta e a trajetória das perdas não técnicas passam a usar o mercado de baixa tensão medido, e não o faturado, por causa dos efeitos da micro e minigeração distribuída no Sistema de Compensação. Os percentuais de perdas não técnicas já definidos nas revisões tarifárias seriam recalculados e publicados em despacho da superintendência de gestão tarifária.;Altera os Procedimentos de Regulação Tarifária – PRORET no tocante a definição da energia requerida e das perdas não técnicas nos sistemas de distribuição de energia elétrica, considerando os efeitos da MMGD participante do SCEE.;;perdas|metodologia|mmgd;/setor-eletrico/perdas;ren20251114;texto_do_ato;1;curadoria
bandeiras-2024-04-01;;;2024-04-01;dia;0;ANEEL;REH nº 3.306/2024;Resolução Homologatória;"não lido: o texto do ato não foi acessado; valores do recurso 'Bandeira Tarifária - Adicional'";Novos valores dos adicionais das bandeiras tarifárias;"Adicionais por patamar a partir de 01/04/2024: Amarela R$ 18,85/MWh; Vermelha P1 R$ 44,63/MWh; Vermelha P2 R$ 78,77/MWh.";;;tarifa|bandeiras;/setor-eletrico/conta-de-luz;;registro_em_conjunto_de_dados_oficial;;conjunto_de_dados
arr-limites-pld-2023;2023-10-02;aprovado;2024-01-01;dia;0;ANEEL;Despacho ANEEL nº 3.587, de 26 de setembro de 2023;Despacho;itens (i) e (ii) da parte decisória;ANEEL avalia os limites do PLD e abre revisão das metodologias;Depois da avaliação de resultado regulatório, a ANEEL manteve para 2024 a regra de correção dos tetos pelo IPCA e mandou abrir processos para rever a metodologia do teto estrutural, a conciliação entre os dois tetos (para aplicação a partir de 2025) e as metodologias do piso e da TEO. As duas revisões constam da Agenda Regulatória 2026-2027 (atividades AR24-05 e AR24-18) com previsão de norma em 2026.;(ii) definir que, para o ano de 2024, os limites máximos do PLD serão aqueles definidos na Resolução Homologatória nº 3.167, de 29 de dezembro de 2022, atualizados pela variação acumulada do Índice Nacional de Preços ao Consumidor Amplo – IPCA no ano de 2023;;preco|metodologia;/setor-eletrico/pld;dsp20233587;texto_do_ato;1;curadoria
ren-1032-2022;2022-08-02;aprovado;2022-09-01;dia;0;ANEEL;Resolução Normativa ANEEL nº 1.032, de 26 de julho de 2022;Resolução Normativa;arts. 22 a 24 (limites do PLD) e art. 34 (vigência);Regras do PMO, do PLD e dos seus limites reunidas numa só resolução;"Consolida as regras de formação do PLD e dos seus limites. O teto horário vale hora a hora; o teto estrutural vale para a média diária dos preços horários, que a CCEE ajusta de forma uniforme quando a média passa do teto; o piso é o maior valor entre a TEO e a TEO de Itaipu; o art. 23, § 1º, manda atualizar os tetos todo ano pelo IPCA a partir dos valores de setembro de 2019, mas os atos anuais encadeiam o teto publicado no ano anterior pela variação do IPCA de novembro; a aplicação literal do artigo não reproduz os valores publicados (conferências regra_ipca e art23_literal). A regra dos limites vinha da REN nº 858/2019, revogada na consolidação.";Consolida os atos regulatórios relativos à elaboração do Programa Mensal da Operação Energética – PMO, e para a formação do Custo Marginal da Operação – CMO e do Preço de Liquidação de Diferenças – PLD;;preco|metodologia;/setor-eletrico/pld;ren20221032;texto_do_ato;1;curadoria
bandeiras-2022-07-01;;;2022-07-01;dia;0;ANEEL;REH nº 3.051/2022;Resolução Homologatória;"não lido: o texto do ato não foi acessado; valores do recurso 'Bandeira Tarifária - Adicional'";Novos valores dos adicionais das bandeiras tarifárias;"Adicionais por patamar a partir de 01/07/2022: Amarela R$ 29,89/MWh; Vermelha P1 R$ 65,00/MWh; Vermelha P2 R$ 97,95/MWh.";;;tarifa|bandeiras;/setor-eletrico/conta-de-luz;;registro_em_conjunto_de_dados_oficial;;conjunto_de_dados
lei-14203-2021;2021-09-13;aprovado;2022-01-11;dia;1;Congresso Nacional;Lei nº 14.203, de 10 de setembro de 2021;Lei;art. 1º (nova redação do parágrafo único do art. 4º da Lei nº 12.212/2010) e art. 2º;Inscrição automática na Tarifa Social;Obriga o Poder Executivo e as distribuidoras a cruzar e atualizar os cadastros e a inscrever automaticamente na Tarifa Social as famílias que cumprem os critérios da Lei nº 12.212/2010, sem depender de pedido. A ANEEL regulou a mudança na REN nº 953/2021.;Altera a Lei nº 12.212, de 20 de janeiro de 2010, para tornar obrigatória a atualização do cadastro dos beneficiários da Tarifa Social de Energia Elétrica.;;tarifa_social|consumidor;/setor-eletrico/inclusao-energetica|/setor-eletrico/conta-de-luz;lei14203_2021;texto_do_ato;1;curadoria
lei-14300-2022;2022-01-07;aprovado;2022-01-07;dia;0;Congresso Nacional;Lei nº 14.300, de 6 de janeiro de 2022;Lei;arts. 26 e 27 (transição) e art. 37 (vigência);Marco legal da micro e minigeração distribuída;"Cria em lei o Sistema de Compensação de Energia Elétrica. Quem já tinha micro ou minigeração, ou pediu acesso à distribuidora em até 12 meses da publicação, fica fora da regra definitiva do art. 17 até o fim de 2045; os demais passam a pagar, sobre a energia compensada, uma parcela crescente dos componentes da tarifa ligados à rede de distribuição (remuneração dos ativos, depreciação e operação e manutenção): 15% a partir de 2023 até 90% a partir de 2028, com a regra do art. 17 a partir de 2029 e exceções previstas no próprio artigo.";Institui o marco legal da microgeração e minigeração distribuída, o Sistema de Compensação de Energia Elétrica (SCEE) e o Programa de Energia Renovável Social (PERS);;mmgd|tarifa;/setor-eletrico/transicao|/setor-eletrico/carga|/setor-eletrico/conta-de-luz;lei14300_2022;texto_do_ato;1;curadoria
ren-1000-2021;2021-12-20;aprovado;2022-01-03;dia;0;ANEEL;Resolução Normativa ANEEL nº 1.000, de 7 de dezembro de 2021;Resolução Normativa;art. 1º (objeto) e art. 679 do texto compilado (vigência);Regras de prestação do serviço de distribuição reunidas na REN nº 1.000;Reúne numa norma as regras de atendimento das distribuidoras, com os direitos e deveres do consumidor e dos demais usuários (conexão, medição, faturamento, suspensão do fornecimento, qualidade do atendimento e ressarcimento de danos, entre outros temas), e revoga a REN nº 414/2010. Mudanças posteriores de faturamento e de Tarifa Social passam a alterar esta resolução.;"Estabelece as Regras de Prestação do Serviço Público de Distribuição de Energia Elétrica; revoga as Resoluções Normativas ANEEL nº 414, de 9 de setembro de 2010; nº 470, de 13 de dezembro de 2011; nº 901, de 8 de dezembro de 2020 e dá outras providências.";;consumidor|tarifa;/setor-eletrico/conta-de-luz|/setor-eletrico/qualidade|/setor-eletrico/inclusao-energetica;ren20211000;texto_do_ato;1;curadoria
ren-953-2021;2021-12-02;aprovado;2022-01-01;dia;0;ANEEL;Resolução Normativa ANEEL nº 953, de 30 de novembro de 2021;Resolução Normativa;art. 1º (alterações na REN nº 414/2010) e art. 3º;ANEEL regula a inscrição automática na Tarifa Social;Adapta as regras de atendimento à Lei nº 14.203/2021: o benefício vale para uma só unidade consumidora por família, com critérios para resolver duplicidades, e a família deve avisar a distribuidora quando deixar de usar a unidade.;Altera a Resolução Normativa nº 414, de 9 de setembro de 2010, para regular a Lei nº 14.203, de 10 de setembro de 2021, que torna obrigatória a atualização do cadastro e a inscrição automática dos beneficiários da Tarifa Social de Energia Elétrica— TSEE.;;tarifa_social|consumidor;/setor-eletrico/inclusao-energetica;ren2021953;texto_do_ato;1;curadoria
bandeiras-2021-09-01;;;2021-09-01;dia;0;CREG;RES CREG nº 3/2021;Resolução;"não lido: o texto do ato não foi acessado; valores do recurso 'Bandeira Tarifária - Adicional'";Criação do patamar de escassez hídrica;Adicionais por patamar a partir de 01/09/2021: Escassez Hídrica R$ 142,00/MWh.;;;tarifa|bandeiras;/setor-eletrico/conta-de-luz;;registro_em_conjunto_de_dados_oficial;;conjunto_de_dados
bandeiras-2021-07-01;;;2021-07-01;dia;0;ANEEL;REH nº 2.888/2021;Resolução Homologatória;"não lido: o texto do ato não foi acessado; valores do recurso 'Bandeira Tarifária - Adicional'";Novos valores dos adicionais das bandeiras tarifárias;"Adicionais por patamar a partir de 01/07/2021: Amarela R$ 18,74/MWh; Vermelha P1 R$ 39,71/MWh; Vermelha P2 R$ 94,92/MWh.";;;tarifa|bandeiras;/setor-eletrico/conta-de-luz;;registro_em_conjunto_de_dados_oficial;;conjunto_de_dados
pld-horario;;;2021-01-01;dia;0;MME;Portaria MME nº 301, de 31 de julho de 2019;Portaria;"Portaria MME nº 301/2019, art. 1º, § 5º (texto da portaria não acessado; citado pela ANEEL); REN nº 1.032/2022, art. 23, inciso II";PLD passa a ser calculado hora a hora;A partir de 1º de janeiro de 2021 o preço de liquidação passou a ser definido para cada hora. Na mesma data passou a valer o teto horário, ao lado do teto estrutural, que já valia desde 1º de janeiro de 2020.;A vigência do PLDmax_estrutural deu-se a partir de 1º de janeiro de 2020 e a do PLDmax_horáo, prevista para ocorrer a partir de 1º de janeiro de 2021, data de implementação do PLD horário no Mercado de Curto Prazo (MCP);;preco;/setor-eletrico/pld|/setor-eletrico/pld/previsoes;nreh20212994;documento_oficial_que_cita_o_ato;1;curadoria
bandeiras-2019-11-01;;;2019-11-01;dia;0;ANEEL;REH nº 2.628/2019;Resolução Homologatória;"não lido: o texto do ato não foi acessado; valores do recurso 'Bandeira Tarifária - Adicional'";Novos valores dos adicionais das bandeiras tarifárias;"Adicionais por patamar a partir de 01/11/2019: Amarela R$ 13,43/MWh; Vermelha P1 R$ 41,69/MWh; Vermelha P2 R$ 62,43/MWh.";;;tarifa|bandeiras;/setor-eletrico/conta-de-luz;;registro_em_conjunto_de_dados_oficial;;conjunto_de_dados
bandeiras-2019-06-01;;;2019-06-01;dia;0;ANEEL;REH nº 2.551/2019;Resolução Homologatória;"não lido: o texto do ato não foi acessado; valores do recurso 'Bandeira Tarifária - Adicional'";Novos valores dos adicionais das bandeiras tarifárias;"Adicionais por patamar a partir de 01/06/2019: Amarela R$ 15,00/MWh; Vermelha P1 R$ 40,00/MWh; Vermelha P2 R$ 60,00/MWh.";;;tarifa|bandeiras;/setor-eletrico/conta-de-luz;;registro_em_conjunto_de_dados_oficial;;conjunto_de_dados
bandeiras-2018-05-01;;;2018-05-01;dia;0;ANEEL;REH nº 2.392/2018;Resolução Homologatória;"não lido: o texto do ato não foi acessado; valores do recurso 'Bandeira Tarifária - Adicional'";Novos valores dos adicionais das bandeiras tarifárias;"Adicionais por patamar a partir de 01/05/2018: Amarela R$ 10,00/MWh; Vermelha P1 R$ 30,00/MWh; Vermelha P2 R$ 50,00/MWh.";;;tarifa|bandeiras;/setor-eletrico/conta-de-luz;;registro_em_conjunto_de_dados_oficial;;conjunto_de_dados
bandeiras-acionamento-2017-11-vermelha-p2;;;2017-11-01;mes;0;ANEEL;;Registro mensal de acionamento;não identificado: nenhuma resolução do recurso 'Bandeira Tarifária - Adicional' fixa este valor para o patamar no período;Valor observado no Acionamento sem resolução no recurso Adicional;"Vermelha P2 acionada a R$ 50,00/MWh em 2017-11 (1 mês) segundo o recurso Acionamento; o recurso Adicional fixava R$ 35,00/MWh pela REH nº 2.203/2017 (vigência desde 01/02/2017).";;;tarifa|bandeiras;/setor-eletrico/conta-de-luz;;registro_em_conjunto_de_dados_oficial;;conjunto_de_dados
bandeiras-2017-02-01;;;2017-02-01;dia;0;ANEEL;REH nº 2.203/2017;Resolução Homologatória;"não lido: o texto do ato não foi acessado; valores do recurso 'Bandeira Tarifária - Adicional'";Novos valores dos adicionais das bandeiras tarifárias;"Adicionais por patamar a partir de 01/02/2017: Amarela R$ 20,00/MWh; Vermelha P1 R$ 30,00/MWh; Vermelha P2 R$ 35,00/MWh.";;;tarifa|bandeiras;/setor-eletrico/conta-de-luz;;registro_em_conjunto_de_dados_oficial;;conjunto_de_dados
bandeiras-2016-02-01;;;2016-02-01;dia;0;ANEEL;REH nº 2.016/2016;Resolução Homologatória;"não lido: o texto do ato não foi acessado; valores do recurso 'Bandeira Tarifária - Adicional'";Novos valores dos adicionais das bandeiras tarifárias;"Adicionais por patamar a partir de 01/02/2016: Amarela R$ 15,00/MWh; Vermelha P1 R$ 30,00/MWh; Vermelha P2 R$ 45,00/MWh.";;;tarifa|bandeiras;/setor-eletrico/conta-de-luz;;registro_em_conjunto_de_dados_oficial;;conjunto_de_dados
bandeiras-acionamento-2015-09-vermelha-p1;;;2015-09-01;mes;0;ANEEL;;Registro mensal de acionamento;não identificado: nenhuma resolução do recurso 'Bandeira Tarifária - Adicional' fixa este valor para o patamar no período;Valor observado no Acionamento sem resolução no recurso Adicional;"Vermelha P1 acionada a R$ 45,00/MWh de 2015-09 a 2016-01 (5 meses) segundo o recurso Acionamento; o recurso Adicional fixava R$ 55,00/MWh pela REH nº 1.859/2015 (vigência desde 02/03/2015).";;;tarifa|bandeiras;/setor-eletrico/conta-de-luz;;registro_em_conjunto_de_dados_oficial;;conjunto_de_dados
bandeiras-2015-03-02;;;2015-03-02;dia;0;ANEEL;REH nº 1.859/2015;Resolução Homologatória;"não lido: o texto do ato não foi acessado; valores do recurso 'Bandeira Tarifária - Adicional'";Novos valores dos adicionais das bandeiras tarifárias;"Adicionais por patamar a partir de 02/03/2015: Amarela R$ 25,00/MWh; Vermelha P1 R$ 55,00/MWh.";;;tarifa|bandeiras;/setor-eletrico/conta-de-luz;;registro_em_conjunto_de_dados_oficial;;conjunto_de_dados
bandeiras-acionamento-2015-01-vermelha-p1;;;2015-01-01;mes;0;ANEEL;;Registro mensal de acionamento;não identificado: nenhuma resolução do recurso 'Bandeira Tarifária - Adicional' fixa este valor para o patamar no período;Valor observado no Acionamento sem resolução no recurso Adicional;"Vermelha P1 acionada a R$ 30,00/MWh de 2015-01 a 2015-02 (2 meses) segundo o recurso Acionamento; nenhuma resolução do recurso Adicional cobre esses meses.";;;tarifa|bandeiras;/setor-eletrico/conta-de-luz;;registro_em_conjunto_de_dados_oficial;;conjunto_de_dados
