d;preco_SE;preco_S;preco_NE;preco_N;agua_SIN;agua_p10;agua_p90;geracao_termica_7d;carga_SIN;carga_ano_anterior;rede_N_NE;rede_N_SE;rede_NE_SE;rede_S_SE
2026-07-03;138.66;138.66;138.66;138.66;71.71;40.37;84.58;12.6;77875.0;76035.0;-3219.0;2574.0;5156.0;-2771.0
2026-07-04;91.39;91.39;91.39;91.39;71.81;40.32;84.52;12.76;71579.0;75431.0;-2639.0;1231.0;4316.0;-1870.0
2026-07-05;85.6;82.71;85.6;85.61;71.9;40.21;84.47;12.93;64628.0;68711.0;-2599.0;660.0;2405.0;-857.0
2026-07-06;110.46;110.46;110.46;110.46;71.85;40.11;84.36;13.02;76005.0;63037.0;-3429.0;1483.0;4024.0;-2177.0
2026-07-07;128.45;128.45;128.45;128.46;71.74;40.0;84.29;13.35;77609.0;75553.0;-2696.0;1566.0;3213.0;-1169.0
2026-07-08;136.56;136.56;136.56;136.56;71.69;39.91;84.17;13.72;78082.0;75053.0;-3062.0;1911.0;3596.0;-1291.0
2026-07-09;124.83;124.82;124.82;124.83;71.61;39.79;84.15;13.91;77022.0;74810.0;-3525.0;1668.0;4963.0;-1960.0
2026-07-10;132.75;132.75;132.75;132.76;71.52;39.69;84.11;13.85;77949.0;76391.0;-3706.0;1756.0;5020.0;-2872.0
2026-07-11;142.8;142.8;142.8;142.81;71.54;39.65;84.08;13.94;72666.0;76529.0;-3291.0;1211.0;3346.0;-907.0
2026-07-12;126.75;126.75;126.75;126.76;71.56;39.73;83.85;14.09;67480.0;70589.0;-2954.0;1100.0;2396.0;503.0
2026-07-13;163.13;163.04;163.13;163.14;71.42;39.78;83.77;14.17;77273.0;64098.0;-1299.0;1994.0;427.0;267.0
2026-07-14;151.49;151.06;151.49;151.49;71.23;39.97;83.58;14.06;77984.0;74481.0;-1152.0;415.0;647.0;103.0
2026-07-15;112.7;112.7;112.7;112.7;71.16;40.1;83.44;13.83;77354.0;76572.0;-3820.0;982.0;5055.0;-1151.0
2026-07-16;117.9;117.89;117.89;117.9;71.05;40.02;83.29;13.71;76594.0;76631.0;-4283.0;1751.0;5792.0;-711.0
2026-07-17;132.83;132.82;132.82;132.83;70.94;39.88;83.25;13.71;76638.0;77536.0;-4314.0;1830.0;5884.0;-777.0
2026-07-18;90.51;90.5;90.5;90.51;70.82;39.67;83.14;14.02;71227.0;77179.0;-3082.0;1273.0;4482.0;24.0
2026-07-19;97.16;97.16;97.16;97.16;70.7;39.47;82.96;14.26;65806.0;70785.0;-2907.0;1021.0;3966.0;-347.0
2026-07-20;129.37;129.36;129.36;129.37;70.5;39.25;82.82;14.55;77037.0;64662.0;-3774.0;1945.0;5904.0;-1937.0
2026-07-21;161.41;161.4;160.78;160.78;70.44;39.07;82.72;14.82;79942.0;75429.0;-3621.0;2109.0;5455.0;-1179.0
2026-07-22;184.99;186.53;177.85;180.93;70.45;38.97;82.54;15.15;79445.0;77810.0;-3813.0;3141.0;6271.0;-1053.0
2026-07-23;196.24;196.24;196.24;196.24;70.28;38.81;82.46;15.2;80121.0;79514.0;-3688.0;2225.0;5081.0;935.0
2026-07-24;182.21;182.2;182.2;182.21;70.1;38.56;82.45;15.23;80516.0;79059.0;-3312.0;2236.0;4369.0;1485.0
2026-07-25;132.73;132.73;132.73;132.73;70.02;38.34;82.29;14.92;74631.0;77377.0;-3668.0;1071.0;3804.0;2216.0
2026-07-26;95.88;95.87;95.87;95.88;69.99;38.1;82.12;14.67;68167.0;70954.0;-3371.0;228.0;3131.0;1858.0
2026-07-27;123.91;123.9;123.9;123.91;69.9;37.86;81.92;14.38;78557.0;66015.0;-4448.0;1364.0;5321.0;-316.0
2026-07-28;156.48;156.48;156.48;156.49;69.82;37.69;81.71;14.14;80776.0;76193.0;-4009.0;1505.0;5094.0;382.0
2026-07-29;189.79;189.78;188.74;188.74;69.82;37.58;81.55;13.85;80664.0;76282.0;-4050.0;1595.0;4815.0;162.0
2026-07-30;185.41;185.41;183.65;184.0;69.68;37.4;81.38;13.75;80832.0;75572.0;-4409.0;2155.0;5371.0;526.0
2026-07-31;141.58;141.57;141.57;141.58;69.55;37.16;81.34;13.62;79467.0;75894.0;-4345.0;1168.0;5587.0;1472.0
2026-08-01;81.78;81.78;81.78;81.79;69.45;36.93;81.16;13.61;72830.0;75789.0;-3298.0;678.0;4757.0;1872.0
2026-08-02;79.44;79.43;79.43;79.44;69.39;36.72;80.93;13.37;66601.0;70157.0;-3128.0;603.0;4323.0;774.0
2026-08-03;108.59;108.59;108.59;108.6;69.28;36.5;80.66;13.35;77672.0;64974.0;-4205.0;1644.0;5324.0;-208.0
2026-08-04;124.63;124.62;124.63;124.63;69.18;36.3;80.41;13.24;79495.0;75365.0;-4187.0;1846.0;5237.0;103.0
2026-08-05;130.61;130.6;130.05;130.42;69.02;36.21;80.18;13.15;80865.0;77469.0;-4160.0;1938.0;5090.0;-140.0
2026-08-06;154.26;154.26;154.26;154.27;68.82;36.08;79.99;13.16;82185.0;76840.0;-4109.0;1684.0;4049.0;849.0
2026-08-07;146.0;145.62;145.99;146.0;68.64;35.87;79.89;13.17;83166.0;77288.0;-3976.0;1619.0;4701.0;1365.0
2026-08-08;104.69;104.69;104.69;104.7;68.51;35.64;79.58;12.62;77967.0;77759.0;-3855.0;932.0;4796.0;2446.0
2026-08-09;119.57;119.57;119.57;119.57;68.42;35.38;79.27;12.32;71869.0;70154.0;-3264.0;653.0;4168.0;3241.0
2026-08-10;134.44;134.44;134.44;134.44;68.24;35.13;79.0;11.91;82079.0;62938.0;-4443.0;1249.0;6568.0;886.0
2026-08-11;112.34;112.33;112.33;112.34;68.04;34.91;78.73;11.53;82374.0;73772.0;-4794.0;1818.0;6904.0;-246.0
2026-08-12;121.43;121.43;121.43;121.44;67.92;34.79;78.47;11.19;81936.0;75484.0;-4649.0;1887.0;6775.0;-200.0
2026-08-13;180.87;180.86;180.05;180.59;67.75;34.66;78.36;10.86;83738.0;76063.0;-4400.0;2323.0;6217.0;-594.0
2026-08-14;126.29;126.28;126.28;126.29;67.52;34.4;78.29;10.59;84323.0;77032.0;-3932.0;1728.0;6019.0;686.0
2026-08-15;108.34;108.34;108.34;108.35;67.43;34.19;78.01;10.93;76928.0;76747.0;-4036.0;1528.0;5616.0;1876.0
2026-08-16;97.83;97.83;97.83;97.84;67.32;33.95;77.77;11.29;70120.0;71155.0;-3580.0;1111.0;5341.0;882.0
2026-08-17;121.05;121.04;112.42;117.17;67.14;33.7;77.51;11.6;81704.0;65441.0;-4637.0;2121.0;7060.0;-7.0
2026-08-18;122.85;122.84;118.87;120.68;66.96;33.47;77.23;11.97;84008.0;76626.0;-4682.0;2054.0;7218.0;-519.0
2026-08-19;133.98;133.97;128.29;131.22;66.77;33.38;76.91;12.31;85100.0;78794.0;-4834.0;2297.0;7267.0;-837.0
2026-08-20;128.8;128.79;122.84;125.95;66.57;33.25;76.67;12.7;84729.0;79175.0;-4735.0;2170.0;7060.0;140.0
2026-08-21;127.1;127.1;121.03;124.22;66.35;33.04;76.59;12.92;83380.0;80433.0;-4138.0;1697.0;5770.0;1086.0
2026-08-22;116.35;116.34;115.95;116.18;66.18;32.87;76.42;12.81;75438.0;80554.0;-3137.0;334.0;3936.0;3057.0
2026-08-23;109.04;109.03;109.03;109.04;66.07;32.67;76.22;12.62;69923.0;75391.0;-3046.0;29.0;4148.0;2065.0
2026-08-24;124.95;124.94;114.96;120.78;65.9;32.46;76.06;12.52;81432.0;68481.0;-5110.0;1386.0;6871.0;346.0
2026-08-25;134.16;134.15;119.63;127.0;65.66;32.3;75.84;12.47;83864.0;78037.0;-5176.0;1550.0;7240.0;-422.0
2026-08-26;145.47;145.47;131.67;137.52;65.3;32.23;75.61;12.34;85296.0;79652.0;-4609.0;1617.0;6702.0;150.0
2026-08-27;138.89;138.89;132.13;134.81;64.96;32.08;75.44;12.27;85277.0;78987.0;-4059.0;1328.0;5870.0;-105.0
2026-08-28;136.71;136.7;128.5;132.28;64.64;31.85;75.2;12.08;86546.0;79246.0;-4024.0;1819.0;6253.0;-684.0
2026-08-29;135.34;135.33;135.34;135.34;64.39;31.61;74.98;12.04;81832.0;79209.0;-4133.0;1555.0;6188.0;685.0
2026-08-30;124.12;124.12;124.12;124.13;64.24;31.37;74.76;12.05;76120.0;71918.0;-3927.0;1387.0;5590.0;1569.0
2026-08-31;241.72;241.72;238.89;240.76;64.17;31.14;74.48;12.11;87052.0;66091.0;-4081.0;1517.0;5919.0;550.0
2026-09-01;239.92;239.91;235.82;237.93;64.04;31.01;74.21;12.11;87153.0;77311.0;-3851.0;1486.0;4880.0;1811.0
2026-09-02;212.82;212.81;212.81;212.82;63.77;31.0;73.93;12.23;85041.0;79669.0;-3139.0;350.0;2783.0;2347.0
2026-09-03;154.29;154.28;152.63;153.73;63.52;30.95;73.64;12.18;83266.0;79780.0;-3508.0;304.0;4908.0;1565.0
2026-09-04;168.93;168.92;166.05;167.95;63.23;30.77;73.43;12.29;84461.0;80249.0;-3632.0;746.0;4734.0;966.0
2026-09-05;146.41;146.41;146.41;146.41;63.1;30.55;73.24;12.23;77334.0;80012.0;-3795.0;343.0;3813.0;2016.0
2026-09-06;118.05;118.04;118.04;118.05;63.01;30.32;73.07;12.17;70659.0;72035.0;-3198.0;-264.0;2693.0;3201.0
2026-09-07;113.68;113.68;113.68;113.69;62.98;30.19;72.91;12.28;70641.0;66048.0;-3674.0;388.0;4678.0;2190.0
2026-09-08;97.79;97.78;97.78;97.79;62.82;29.98;72.83;12.36;79384.0;78214.0;-4804.0;1378.0;6640.0;149.0
2026-09-09;114.11;114.1;114.11;114.11;62.62;29.86;72.54;12.26;84075.0;81399.0;-4842.0;1713.0;6735.0;452.0
2026-09-10;142.68;142.67;142.67;142.68;62.55;29.67;72.23;12.24;85334.0;80241.0;-4897.0;1710.0;6961.0;-236.0
2026-09-11;179.15;179.14;179.14;179.15;62.61;29.37;71.95;12.27;85720.0;81189.0;-4501.0;1626.0;5901.0;515.0
2026-09-12;130.69;130.68;130.69;130.69;62.76;29.08;71.57;12.65;79409.0;80678.0;-3583.0;1054.0;3575.0;2794.0
2026-09-13;87.64;87.63;87.63;87.64;62.83;28.79;71.36;12.95;71689.0;74400.0;-3715.0;1135.0;4405.0;2192.0
2026-09-14;90.97;90.97;90.97;90.97;62.85;28.46;71.08;12.91;82008.0;68521.0;-4500.0;1617.0;6541.0;380.0
2026-09-15;94.04;94.04;94.04;94.05;62.77;28.17;70.84;12.96;83025.0;80075.0;-4401.0;963.0;5244.0;602.0
2026-09-16;119.09;110.49;119.09;119.09;62.71;28.01;70.48;13.0;82123.0;80854.0;-4554.0;494.0;4881.0;303.0
2026-09-17;95.14;94.67;95.14;95.14;62.62;27.83;70.21;12.92;82956.0;80486.0;-4723.0;532.0;5734.0;875.0
2026-09-18;89.56;89.08;89.56;89.56;62.54;27.53;70.03;12.83;82500.0;80560.0;-4408.0;-78.0;4586.0;2639.0
2026-09-19;74.34;69.39;74.33;74.34;62.55;27.25;69.74;12.43;77214.0;82101.0;-4452.0;155.0;4851.0;2252.0
2026-09-20;77.12;75.33;77.12;77.12;62.56;26.98;69.5;12.14;71842.0;76677.0;-4063.0;89.0;3838.0;2749.0
2026-09-21;116.73;116.73;116.73;116.73;62.46;26.71;69.19;11.73;84491.0;72251.0;-4628.0;906.0;5922.0;658.0
2026-09-22;186.87;186.86;186.86;186.87;62.42;26.58;68.87;11.4;86698.0;81881.0;-4402.0;746.0;4783.0;1702.0
2026-09-23;199.79;199.79;199.79;199.8;62.32;26.47;68.64;11.26;85620.0;79863.0;-3738.0;-140.0;3273.0;2143.0
2026-09-24;107.19;96.2;107.18;107.19;62.21;26.25;68.42;11.16;84241.0;79451.0;-4159.0;-250.0;4169.0;1335.0
2026-09-25;106.61;101.75;106.6;106.61;62.05;26.11;68.22;10.94;84675.0;77461.0;-3974.0;121.0;4592.0;1561.0
2026-09-26;75.07;70.99;75.07;75.08;61.93;25.96;68.02;10.74;80068.0;76097.0;-3557.0;-172.0;3808.0;2835.0
2026-09-27;71.82;68.28;71.82;71.83;61.78;25.74;67.75;10.57;76200.0;69905.0;-4024.0;12.0;3633.0;2668.0
2026-09-28;105.27;99.01;105.27;105.27;61.65;25.53;67.51;10.63;88896.0;65828.0;-3861.0;668.0;5184.0;849.0
2026-09-29;122.41;114.82;122.4;122.41;;25.31;67.21;;;77549.0;;;;
2026-09-30;135.25;127.86;124.93;135.25;;25.15;67.0;;;81767.0;;;;
