cnpj;sigla;nome;municipios;confirmados;so_mmgd;nao_confirmados;exclusivos;compartilhados;municipios_fora_do_sin;municipios_com_localidade_isolada;ufs;submercados;submercado_unico;perdas_ano;perdas_ano_parcial;perdas_taxa_total_pct;perdas_totais_mwh;injetada_mwh;pnt_bt_pct;qualidade_ano;dec_h;fec;dec_limite_h;fec_limite;tarifa_data;tarifa_b1_total_rs_mwh;te_rs_mwh;tusd_rs_mwh;tarifa_ato;mmgd_data_cadastro;mmgd_unidades;mmgd_potencia_mw;tsee_mes;tsee_unidades;tsee_participacao_pct
61584140000149;CAIUÁ;CAIUÁ SERVIÇOS DE ELETRICIDADE S/A.;0;0;0;0;0;0;0;0;;;;;;;;;;;;;;;;;;;;;;;;;
30460297000139;CASTRO-DIS;COOPERATIVA DE DISTRIBUICAO DE ENERGIA ELETRICA DE CASTRO;4;2;0;2;0;2;0;0;PR;S:2;S;2025;0;0.4;257;64725;;;;;;;2026-09-30;769.17;301.96;467.21;REH 2.813/2026;2026-09-29;137;6.938;2025-05;517.0;31.64
05965546000109;CEA;COMPANHIA DE ELETRICIDADE DO AMAPA CEA;16;16;0;0;16;0;1;0;AP;N:15;N;2025;0;31.25;634081;2029154;;2025;28.09;12.34;44.96;30.42;2026-09-30;825.15;41.05;784.1;sem ato informado;2026-09-29;13876;164.789;2025-05;94516.0;43.4
04355657000122;CEAM;COMPANHIA ENERGÉTICA DO AMAZONAS;0;0;0;0;0;0;0;0;;;;;;;;;;;;;;;;;;;;;;;;;
00070698000111;CEB;COMPANHIA ENERGÉTICA DE BRASÍLIA;0;0;0;0;0;0;0;0;;;;;;;;;;;;;;;;;;;;;;;;;
60196987000193;CEDRAP;COOPERATIVA DE ELETRIFICACAO DA REGIAO DO ALTO PARAIBA;5;3;0;2;0;3;0;0;SP;SE:3;SE;2025;0;17.23;8284;48073;;2025;23.9;11.6;36.0;21.0;2026-09-30;1090.84;265.4;825.44;REH 3.549/2025;2026-09-29;424;3.231;2025-05;595.0;8.99
50105865000190;CEDRI;COOPERATIVA DE ELETRIFICAÇÃO E DISTRIBUIÇÃO DA REGIÃO DE ITARIRI;4;4;0;0;0;4;0;0;SP;SE:4;SE;2025;0;0.5;172;34183;;2025;14.26;7.69;36.0;11.0;;;;;;2026-09-29;154;1.124;2025-05;353.0;9.16
08467115000100;CEEE-D;COMPANHIA ESTADUAL DE DISTRIBUICAO DE ENERGIA ELETRICA - CEEE-D;72;72;0;0;60;12;0;0;RS;S:72;S;2025;0;13.8;1471068;10657382;;2025;9.84;4.47;8.24;5.79;2026-09-30;822.0;343.37;478.63;REH 3.547/2025;2026-09-29;71268;743.195;2025-05;229293.0;13.5
86444163000189;CEGERO;COOPERATIVA DE ELETRICIDADE DE SÃO LUDGERO;5;5;0;0;1;4;0;0;SC;S:5;S;2025;0;4.94;10969;222136;;2025;8.08;4.77;10.0;9.0;;;;;;2026-09-29;274;5.765;2025-05;308.0;5.48
85665990000130;CEJAMA;CEJAMA - COOPERATIVA DE ELETRICIDADE JACINTO MACHADO;7;1;0;6;0;1;0;0;SC;S:1;S;2025;1;6.47;3248;50213;;2025;7.25;5.54;13.0;9.0;;;;;;2026-09-29;537;6.696;2025-05;257.0;7.38
83878892000155;CELESC;CENTRAIS ELÉTRICAS SANTA CATARINA S/A;0;0;0;0;0;0;0;0;;;;;;;;;;;;;;;;;;;;;;;;;
08336783000190;CELESC-DIS;CELESC DISTRIBUICAO S.A;274;268;1;5;216;53;0;0;PR SC;S:269;S;2025;0;7.13;2404399;33727720;;2025;8.4;5.31;9.18;7.09;2026-09-30;759.75;345.71;414.04;REH 3.602/2026;2026-09-29;180853;2065.623;2025-05;130165.0;4.63
87776043000141;CELETRO;COOPERATIVA DE ELETRIFICAÇÃO CENTRO JACUÍ LTDA;30;27;0;3;0;27;0;0;RS;S:27;S;2025;0;16.85;22158;131526;;2025;30.86;12.19;75.0;17.0;2026-09-30;969.25;331.65;637.6;REH 2.812/2026;2026-09-29;3310;27.649;2025-05;781.0;7.9
06981180000116;CEMIG-D;CEMIG DISTRIBUIÇÃO S.A;800;776;0;24;769;7;0;0;MG;SE:776;SE;2025;0;12.12;7394845;60989117;;2025;8.98;5.14;9.5;5.84;2026-09-30;903.29;310.21;593.08;REH 3.589/2026;2026-09-29;426729;5840.078;2025-05;1245606.0;16.08
52777034000190;CEMIRIM;COOPERATIVA DE ELETRIFICAÇÃO E DESENVOLVIMENTO DA REGIÃO DE MOGI MIRIM;13;11;0;2;1;10;0;0;SP;SE:11;SE;2025;0;30.99;95330;307635;;2025;7.8;4.71;10.0;9.0;2026-09-30;732.23;237.76;494.47;REH 1.901/2026;2026-09-29;1449;23.563;2025-05;840.0;5.68
33249046000289;CENF;COMPANHIA DE ELETRICIDADE NOVA FRIBURGO;0;0;0;0;0;0;0;0;;;;;;;;;;;;;;;;;;;;;;;;;
78274610000170;CEPRAG;COOPERATIVA DE ELETRICIDADE PRAIA GRANDE;3;3;0;0;1;2;0;0;SC;S:3;S;2025;0;16.56;14661;88516;;2025;6.67;6.52;17.0;9.0;2026-09-30;863.85;221.77;642.08;REH 3.563/2025;2026-09-29;927;9.084;2025-05;862.0;5.01
75826404000138;CERAL ANITÁPOLIS;COOPERATIVA DE DISTRIBUICAO DE ENERGIA ELETRICA DE ANITAPOLIS - CERAL;2;2;0;0;2;0;0;0;SC;S:2;S;;;;;;;;;;;;2026-09-30;1001.9;220.97;780.93;REH 3.550/2025;2026-09-29;261;3.582;2025-05;131.0;5.71
28610236000169;CERAL ARARUAMA;COOPERATIVA DE ELETRIFICAÇÃO RURAL DE ARARUAMA LTDA;3;3;0;0;0;3;0;0;RJ;SE:3;SE;2025;0;22.33;6519;29187;;2025;26.67;18.95;32.0;25.0;2026-09-30;1206.34;148.44;1057.9;REH 1.463/2026;2026-09-29;416;2.537;2025-05;748.0;10.26
10532365000110;CERAL-DIS;COOPERATIVA DE DISTRIBUICAO DE ENERGIA ELETRICA DE ARAPOTI;4;3;0;1;0;3;0;0;PR;S:3;S;;;;;;;2025;20.52;7.44;23.0;9.0;2026-09-30;730.64;172.97;557.67;REH 2.811/2026;2026-09-29;67;3.156;2025-05;21.0;6.19
09364804000144;CERAÇÁ;CERACA - COOPERATIVA DISTRIBUIDORA DE ENERGIA VALE DO ARACA;13;11;0;2;0;11;0;0;SC;S:11;S;2025;0;11.38;14952;131384;;;;;;;;;;;;2026-09-29;1508;33.374;2025-05;108.0;1.83
86433042000131;CERBRANORTE;COOPERATIVA DE ELETRIFICAÇÃO DE BRAÇO DO NORTE;6;5;0;1;0;5;0;0;SC;S:5;S;2025;0;12.36;26213;212059;;2025;6.4;4.6;10.0;9.0;;;;;;2026-09-29;1258;23.857;2025-05;362.0;2.83
27707397000102;CERCI;COOPERATIVA DE ELETRIFICACAO RURAL CACHOEIRAS ITABORAI LTDA;6;5;0;1;0;5;0;0;RJ;SE:5;SE;2025;0;16.56;10055;60720;;2025;20.95;10.76;32.0;16.0;2026-09-30;1500.89;374.65;1126.24;REH 1.464/2026;2026-09-29;2369;15.413;2025-05;3979.0;23.55
13107842000199;CERCOS;COOPERATIVA DE ELETRIFICACAO E DESENVOLVIMENTO RURAL CENTRO SUL DE SERGIPE LTDA;1;1;0;0;0;1;0;0;SE;NE:1;NE;2025;0;12.55;1990;15860;3.0;2025;8.37;4.28;13.0;9.0;2026-09-30;1014.4;297.64;716.76;REH 1.902/2026;2026-09-29;245;2.211;2025-05;2895.0;52.28
82574864000181;CEREJ;COOPERATIVA DE PRESTACAO DE SERVICOS PUBLICOS DE DISTRIBUICAO DE ENERGIA ELETRICA SENADOR ESTEVES JUNIOR - CEREJ;15;15;0;0;0;15;0;0;SC;S:15;S;2025;0;23.18;19778;85325;;2025;23.56;10.41;53.0;19.0;;;;;;2026-09-29;1553;14.195;2025-05;171.0;1.63
31465487000101;CERES;COOPERATIVA DE ELETRIFICACAO RURAL DE RESENDE LTDA;3;3;0;0;0;3;0;0;MG RJ;SE:3;SE;2025;0;7.86;1940;24675;;2025;14.2;10.25;21.0;9.0;2026-09-30;1569.23;405.56;1163.67;REH 1.454/2026;2026-09-29;194;2.839;2025-05;436.0;8.3
97505838000179;CERFOX;CERFOX - COOPERATIVA DE DISTRIBUICAO DE ENERGIA FONTOURA XAVIER;34;31;0;3;2;29;0;0;RS;S:31;S;2025;0;11.14;9286;83352;;2025;39.21;21.0;26.0;13.0;2026-09-30;840.77;222.63;618.14;REH 2.840/2026;2026-09-29;1600;19.464;2025-05;321.0;3.79
86439510000185;CERGAL;COOPERATIVA DE ELETRIFICACAO ANITA GARIBALDI;4;3;0;1;0;3;0;0;SC;S:3;S;2025;0;9.1;8561;94066;;2025;3.32;3.81;10.0;9.0;;;;;;2026-09-29;1173;9.544;2025-05;1388.0;7.29
01229747000189;CERGAPA;COOPERATIVA DE ELETRICIDADE GRÃO PARÁ;3;3;0;0;0;3;0;0;SC;S:3;S;2025;0;3.5;1436;41018;;2025;6.2;7.26;30.0;29.0;;;;;;2026-09-29;329;6.809;2025-05;49.0;2.23
86449170000173;CERGRAL;COOPERATIVA DE ELETRICIDADE DE GRAVATAL;4;3;0;1;0;3;0;0;SC;S:3;S;2025;0;8.85;3383;38227;;2025;7.58;7.05;14.0;9.0;;;;;;2026-09-29;553;5.337;2025-05;247.0;4.29
87656989000174;CERILUZ;COOPERATIVA REGIONAL DE ENERGIA E DESENVOLVIMENTO IJUÍ LTDA;24;18;0;6;1;17;0;0;RS;S:18;S;2025;0;7.14;15264;213875;;2025;8.66;8.68;25.0;22.0;2026-09-30;649.21;234.84;414.37;REH 2.854/2026;2026-09-29;1043;18.842;2025-05;384.0;7.99
50235449000107;CERIM;COOPERATIVA DE ELETRIFICAO E DESENVOLVIMENTO DA REGIAO DE ITU MAIRINQUE;7;6;0;1;0;6;0;0;SP;SE:6;SE;2025;0;14.16;10594;74829;;2025;14.83;8.28;39.0;27.0;2026-09-30;882.26;259.2;623.06;REH 3.551/2025;2026-09-29;993;6.26;2025-05;787.0;4.96
49606312000132;CERIPA;COOP DE ELET RURAL DE ITAI PARANAPANEMA AVARE LTDA;10;9;0;1;0;9;0;0;SP;SE:9;SE;2025;0;10.28;23844;231983;;;;;;;2026-09-30;821.18;174.01;647.17;REH 1.462/2026;2026-09-29;1292;40.23;2025-05;65.0;0.55
57384943000182;CERIS;COOPERATIVA DE ELETRIFICAÇÃO DA REGIÃO DE ITAPECERICA DA SERRA;5;5;0;0;0;5;0;0;SP;SE:5;SE;2025;0;30.74;7608;24748;;2025;36.5;14.35;95.0;26.0;2026-09-30;1115.12;360.83;754.29;REH 2.814/2026;2026-09-29;148;1.164;2025-05;498.0;7.4
52548732000114;CERMC;COOPERATIVA DE ELETRIFICACAO E DESENVOLVIMENTO DA REGIAO DE MOGI DAS CRUZES;2;2;0;0;0;2;0;0;SP;SE:2;SE;2025;1;24.64;6161;25000;;2025;28.06;12.81;28.0;20.0;2026-09-30;969.08;345.91;623.17;REH 3.552/2025;2026-09-29;207;2.246;2025-05;195.0;6.22
97081434000103;CERMISSÕES;COOPERATIVA DE DISTRIBUIÇÃO E GERAÇÃO DE ENERGIA DAS MISSÕES - CERMISSÕES;26;24;0;2;2;22;0;0;RS;S:24;S;2025;0;10.47;24714;236114;;2025;13.21;9.17;35.64;21.96;2026-09-30;890.89;271.55;619.34;REH 2.815/2026;2026-09-29;4281;44.992;2025-05;1660.0;12.74
86533346000170;CERMOFUL;COOPERATIVA FUMACENSE DE ELETRICIDADE - CERMOFUL ENERGIA;6;6;0;0;0;6;0;0;SC;S:6;S;2025;0;7.58;13554;178861;;2025;1.78;1.92;10.0;9.0;;;;;;2026-09-29;834;8.858;2025-05;449.0;3.34
53176038000186;CERNHE;COOPERATIVA DE ELETRIFICACAO E DESENVOLVIMENTO RURAL DA REGIAO DE NOVO HORIZONTE;10;7;0;3;0;7;0;0;SP;SE:7;SE;2025;0;11.7;3329;28446;;2025;15.26;8.41;29.0;23.0;;;;;;2026-09-29;507;3.887;2025-05;42.0;1.21
85318640000105;CERPALO;COOPERATIVA DE ELETRICIDADE DE PAULO LOPES;4;4;0;0;1;3;0;0;SC;S:4;S;2025;0;19.7;18892;95896;;2025;3.28;5.83;10.0;9.0;;;;;;2026-09-29;1156;10.428;2025-05;400.0;2.54
44560381000139;CERPRO;COOPERATIVA DE ELETRIFICACAO RURAL DA REGIAO DE PROMISSAO;11;8;0;3;0;8;0;0;SP;SE:8;SE;2025;0;-10.44;-4541;43496;;2025;11.94;7.78;14.0;10.0;2026-09-30;742.53;222.55;519.98;REH 1.906/2026;2026-09-29;194;1.881;2025-05;14.0;1.58
05938444000196;CERR;COMPANHIA ENERGÉTICA DE RORAIMA;0;0;0;0;0;0;0;0;;;;;;;;;;;;;;;;;;;;;;;;;
46598678000119;CERRP;COOPERATIVA DE ELETRIFICAÇÃO E DESENVOLVIMENTO DA REGIÃO DE SÃO JOSÉ DO RIO PRETO-CERRP;13;8;0;5;0;8;0;0;SP;SE:8;SE;2025;0;21.06;26066;123767;;2025;10.32;9.11;29.0;14.0;2026-09-30;742.54;168.54;574.0;REH 1.904/2026;2026-09-29;2001;13.93;2025-05;839.0;5.86
11615872000180;CERSAD DISTRIBUIDORA;COOPERATIVA DE DISTRIBUIÇÃO DE ENERGIA ELÉTRICA SALTO DONNER;2;2;0;0;0;2;0;0;SC;S:2;S;2025;0;9.37;1066;11378;;2025;2.88;4.36;27.0;17.0;;;;;;2026-09-29;75;0.573;2025-05;27.0;2.55
86512670000102;CERSUL;CERSUL - COOPERATIVA DE DISTRIBUIÇÃO DE ENERGIA;12;10;0;2;2;8;0;0;SC;S:10;S;2025;0;8.76;15291;174529;;2025;4.04;3.66;10.0;9.0;;;;;;2026-09-29;584;16.046;2025-05;596.0;5.07
97839922000129;CERTAJA;COOPERATIVA REGIONAL DE ENERGIA TAQUARI JACUÍ;19;17;0;2;1;16;0;0;RS;S:17;S;2025;0;21.4;37874;177002;;2025;24.76;12.09;48.0;22.0;2026-09-30;780.42;281.96;498.46;REH 2.822/2026;2026-09-29;2159;19.832;2025-05;1507.0;9.84
09257558000121;CERTEL ENERGIA;COOPERATIVA DE DISTRIBUIÇÃO DE ENERGIA TEUTÔNIA;47;39;0;8;8;31;0;0;RS;S:39;S;2025;0;8.17;45797;560891;;2025;10.34;6.64;13.74;12.3;2026-09-30;913.5;325.85;587.65;REH 2.842/2026;2026-09-29;8764;87.685;2025-05;1456.0;2.67
98042963000152;CERTHIL;COOPERATIVA DE DISTRIBUIÇÃO DE ENERGIA ENTRE RIOS LTDA;16;12;0;4;0;12;0;0;RS;S:12;S;2025;0;-17.31;-16600;95897;;2025;18.26;13.32;24.0;18.0;2026-09-30;729.93;317.08;412.85;REH 2.844/2026;2026-09-29;914;9.97;2025-05;134.0;8.02
76583962000182;CERTREL;COOPERATIVA DE ENERGIA TREVISO;3;3;0;0;1;2;0;0;SC;S:3;S;2025;0;4.75;1942;40916;;2025;9.92;7.29;17.0;14.0;;;;;;2026-09-29;607;5.806;2025-05;244.0;6.65
55188502000180;CERVAM;COOPERATIVA DE ENERGIZAÇÃO E DE DESENVOLVIMENTO DO VALE DO MOGI;6;5;0;1;0;5;0;0;SP;SE:5;SE;2025;0;8.57;3550;41442;;2025;9.63;5.28;10.0;9.0;;;;;;2026-09-29;350;3.42;2025-05;221.0;5.36
49313653000110;CETRIL;COOPERATIVA DE ELETRIFICACAO DE IBIUNA E REGIAO;2;2;0;0;0;2;0;0;SP;SE:2;SE;2025;0;14.96;17717;118432;;2025;15.57;9.4;16.0;10.0;2026-09-30;909.98;257.88;652.1;REH 3.553/2025;2026-09-29;1586;12.382;2025-05;3244.0;10.13
77882504000107;CFLO;COMPANHIA FORCA E LUZ DO OESTE;0;0;0;0;0;0;0;0;;;;;;;;;;;;;;;;;;;;;;;;;
01377555000110;CHESP;COMPANHIA HIDROELETRICA SAO PATRICIO - CHESP;10;10;0;0;3;7;0;0;GO;SE:10;SE;2025;0;10.76;19669;182823;;2025;6.05;4.89;11.52;8.53;2026-09-30;819.75;290.69;529.06;REH 3.545/2025;2026-09-29;3613;34.989;2025-05;2766.0;8.52
61416244000144;CNEE;COMPANHIA NACIONAL DE ENERGIA ELETRICA;0;0;0;0;0;0;0;0;;;;;;;;;;;;;;;;;;;;;;;;;
75805895000130;COCEL;COMPANHIA CAMPOLARGUENSE DE ENERGIA COCEL;1;1;0;0;1;0;0;0;PR;S:1;S;2025;0;8.13;34153;419835;5.77;2025;8.25;6.11;9.1;6.55;2026-09-30;734.37;293.03;441.34;REH 3.595/2026;2026-09-29;1266;15.944;2025-05;4980.0;9.33
11810343000138;CODESAM;COOPERATIVA DE DISTRIBUIÇÃO DE ENERGIA ELÉTRICA SANTA MARIA;1;1;0;0;0;1;0;0;SC;S:1;S;2025;1;3.83;2214;57815;;;;;;;;;;;;2026-09-29;20;0.332;;;
15139629000194;COELBA;COMPANHIA DE ELETRICIDADE DO ESTADO DA BAHIA COELBA;415;415;0;0;415;0;0;0;BA;NE:415;NE;2025;0;18.11;5546544;30627490;18.63;2025;9.39;3.76;12.22;6.24;2026-09-30;877.73;257.65;620.08;REH 3.578/2026;2026-09-29;328132;2979.501;2025-05;1815015.0;29.77
83646653000170;COOPERA;COOPERATIVA PIONEIRA DE ELETRIFICAÇÃO - COOPERA;3;3;0;0;0;3;0;0;SC;S:3;S;2025;0;6.54;26284;401768;;2025;2.72;2.75;10.0;9.0;;;;;;2026-09-29;802;10.758;2025-05;461.0;1.91
83647990000181;COOPERALIANÇA;COOPERATIVA ALIANCA;5;2;1;2;1;2;0;0;SC;S:3;S;2025;0;8.69;28929;332786;3.81;2025;6.35;5.83;5.0;4.0;2026-09-30;757.73;258.29;499.44;REH 3.398/2026;2026-09-29;1155;15.099;2025-05;1329.0;3.33
86532348000145;COOPERCOCAL;COOPERATIVA ENERGÉTICA COCAL;9;7;0;2;0;7;0;0;SC;S:7;S;2025;0;4.09;7126;174058;;2025;4.21;4.07;10.0;20.0;;;;;;2026-09-29;534;6.02;2025-05;237.0;2.52
95824322000161;COOPERLUZ;COOPERLUZ - COOPERATIVA DISTRIBUIDORA DE ENERGIA FRONTEIRA NOROESTE;17;12;0;5;0;12;0;0;RS;S:12;S;2025;0;15.43;16950;109862;;2025;23.74;15.0;52.0;22.0;2026-09-30;622.02;324.33;297.69;REH 2.823/2026;2026-09-29;1462;13.431;2025-05;209.0;3.44
75568154000183;COOPERMILA;COOPERATIVA DE ELETRIFICAÇÃO LAURO MULLER;3;3;0;0;0;3;0;0;SC;S:3;S;2025;0;5.59;1215;21744;;2025;7.46;5.89;14.0;9.0;;;;;;2026-09-29;80;2.422;2025-05;19.0;4.99
88022918000182;COOPERNORTE;COOPERATIVA REGIONAL DE DISTRIBUICAO DE ENERGIA DO LITORAL NORTE - COOPERNORTE;2;2;0;0;0;2;0;0;RS;S:2;S;2025;0;10.49;2311;22022;;2025;19.24;12.01;38.0;28.0;2026-09-30;1371.13;396.87;974.26;REH 3.561/2025;2026-09-29;684;4.679;2025-05;356.0;5.72
87462750000163;COOPERSUL;COOPERATIVA REGIONAL DE ELETRIFICAÇÃO RURAL FRONTEIRA SUL LTDA;4;4;0;0;1;3;0;0;RS;S:4;S;2025;0;17.61;5217;29632;;2025;28.28;16.2;29.0;16.0;2026-09-30;737.71;178.63;559.08;REH 3.562/2025;2026-09-29;223;2.431;2025-05;400.0;10.49
78829843000192;COOPERZEM;COOPERZEM COOPERATIVA DE DISTRIBUIÇÃO DE ENERGIA ELÉTRICA;5;5;0;0;2;3;0;0;SC;S:5;S;2025;0;14.33;11625;81123;;2025;5.76;5.18;14.0;9.0;;;;;;2026-09-29;931;16.682;2025-05;166.0;2.89
86448057000173;COORSEL;COOPERATIVA REGIONAL SUL DE ELETRIFICACAO RURAL;4;4;0;0;1;3;0;0;SC;S:4;S;2025;1;-18.24;-7995;43842;;2025;7.91;8.8;10.0;9.0;;;;;;2026-09-29;827;10.969;2025-05;189.0;3.35
04368898000106;COPEL-DIS;COPEL DISTRIBUIÇÃO S.A.;406;396;0;10;385;11;0;0;PR SC;S:396;S;2025;0;7.87;3126821;39732243;4.64;2025;7.18;4.65;8.15;5.81;2026-09-30;768.02;310.85;457.17;REH 3.592/2026;2026-09-29;329727;6821.548;2025-05;605042.0;13.85
90660754000160;COPREL;COPREL COOPERATIVA DE ENERGIA;77;66;1;10;9;58;0;0;PR RS;S:67;S;2025;0;16.22;118941;733264;2.36;2025;17.45;9.73;33.33;19.25;2026-09-30;716.32;316.51;399.81;REH 2.825/2026;2026-09-29;4102;70.12;2025-05;666.0;4.66
08324196000181;COSERN;COMPANHIA ENERGÉTICA DO RIO GRANDE DO NORTE COSERN;167;167;0;0;167;0;0;0;RN;NE:167;NE;2025;0;10.44;816988;7822365;5.55;2025;6.07;2.91;9.71;5.9;2026-09-30;775.8;293.44;482.36;REH 3.573/2026;2026-09-29;124120;1065.143;2025-05;384658.0;26.98
53859112000169;CPFL JAGUARI;COMPANHIA JAGUARI DE ENERGIA;45;45;0;0;39;6;0;0;MG PR SP;SE:42 S:3;;2025;0;8.16;319573;3918255;;2025;4.64;2.69;7.35;6.01;2026-09-30;812.58;252.19;560.39;REH 3.580/2026;2026-09-29;25442;216.403;2025-05;52573.0;11.34
61015582000174;CPFL LESTE PAULI;COMPANHIA LESTE PAULISTA DE ENERGIA;0;0;0;0;0;0;0;0;;;;;;;;;;;;;;;;;;;;;;;;;
52503802000118;CPFL MOCOCA;COMPANHIA LUZ E FORCA DE MOCOCA;0;0;0;0;0;0;0;0;;;;;;;;;;;;;;;;;;;;;;;;;
61116265000144;CPFL SANTA CRUZ;COMPANHIA LUZ E FORCA SANTA CRUZ;0;0;0;0;0;0;0;0;;;;;;;;;;;;;;;;;;;;;;;;;
60855608000120;CPFL SUL PAULISTA;COMPANHIA SUL PAULISTA DE ENERGIA;0;0;0;0;0;0;0;0;;;;;;;;;;;;;;;;;;;;;;;;;
92715812000131;CPFL TRANSMISSÃO;CPFL TRANSMISSAO S.A.;0;0;0;0;0;0;0;0;;;;;;;;;;;;;;;;;;;;;;;;;
33050196000188;CPFL-PAULISTA;COMPANHIA PAULISTA DE FORCA E LUZ;234;234;0;0;214;20;0;0;SP;SE:234;SE;2025;0;9.92;3950238;39830380;;2025;4.71;2.83;6.36;5.07;2026-09-30;739.45;290.2;449.25;REH 3.579/2026;2026-09-29;327974;3089.966;2025-05;410699.0;8.75
04172213000151;CPFL-PIRATINING;COMPANHIA PIRATININGA DE FORCA E LUZ;27;27;0;0;18;9;0;0;SP;SE:27;SE;2025;0;8.34;1492266;17903280;;2025;3.86;2.77;5.97;4.95;2026-09-30;739.69;344.05;395.64;REH 3.543/2025;2026-09-29;60244;523.434;2025-05;119438.0;6.38
91950261000128;CRELUZ-D;CRELUZ - COOPERATIVA DE DISTRIBUICAO DE ENERGIA;36;32;0;4;4;28;0;0;RS;S:32;S;2025;0;9.23;15626;169225;;2025;10.43;7.01;26.0;21.0;2026-09-30;785.61;241.9;543.71;REH 2.847/2026;2026-09-29;2093;33.996;2025-05;1897.0;16.69
89435598000155;CRERAL;COOPERATIVA REGIONAL DE ELETRIFICACAO RURAL DO ALTO URUGUAI;39;29;0;10;1;28;0;0;RS;S:29;S;2025;0;9.85;10464;106178;;2025;28.22;12.3;25.0;15.0;2026-09-30;1053.8;327.38;726.42;REH 2.845/2026;2026-09-29;432;7.383;2025-05;71.0;2.4
83855973000130;DCELT;DCELT DISTRIBUIDORA CATARINENSE DE ENERGIA ELETRICA S/A;11;8;0;3;6;2;0;0;SC;S:8;S;2025;0;11.21;48384;431618;9.18;2025;10.54;6.79;9.0;7.0;2026-09-30;759.75;345.71;414.04;REH 3.380/2026;2026-09-29;2373;36.592;2025-05;715.0;2.36
95289500000100;DEMEI;DEPARTAMENTO MUNICIPAL DE ENERGIA DE IJUI;1;1;0;0;0;1;0;0;RS;S:1;S;2025;0;7.38;14161;191925;;2025;4.37;4.3;7.0;6.0;2026-09-30;764.15;286.48;477.67;REH 2.675/2026;2026-09-29;4234;27.994;2025-05;1639.0;5.11
23664303000104;DMED;DME DISTRIBUICAO S.A. - DMED;1;1;0;0;1;0;0;0;MG;SE:1;SE;2025;0;4.15;27563;664406;-1.06;2025;3.45;2.85;6.23;4.68;2026-09-30;617.57;221.14;396.43;REH 3.548/2025;2026-09-29;2118;23.009;2025-05;5778.0;7.14
04065033000170;EAC;ENERGISA ACRE - DISTRIBUIDORA DE ENERGIA S.A;22;22;0;0;22;0;4;0;AC;SE:18;SE;2025;0;15.11;240850;1593668;;2025;23.58;8.47;41.09;29.71;2026-09-30;829.71;113.86;715.85;REH 3.318/2026;2026-09-29;19325;207.531;2025-05;77715.0;30.3
08826596000195;EBO;ENERGISA BORBOREMA - DISTRIBUIDORA DE ENERGIA S.A;0;0;0;0;0;0;0;0;;;;;;;;;;;;;;;;;;;;;;;;;
07297359000111;EDEVP;EMPRESA DE DISTRIBUICAO DE ENERGIA VALE PARANAPANEMA S.A.;0;0;0;0;0;0;0;0;;;;;;;;;;;;;;;;;;;;;;;;;
28152650000171;EDP ES;EDP ESPIRITO SANTO DISTRIBUICAO DE ENERGIA S.A.;77;75;0;2;67;8;0;0;ES;SE:75;SE;2025;0;11.31;1568592;13872817;11.0;2025;6.94;3.14;8.4;5.52;2026-09-30;843.71;337.39;506.32;REH 3.600/2026;2026-09-29;96646;1212.598;2025-05;276214.0;19.17
02302100000106;EDP SP;EDP SAO PAULO DISTRIBUICAO DE ENERGIA S.A.;28;28;0;0;24;4;0;0;SP;SE:28;SE;2025;0;8.1;1530164;18897129;12.31;2025;5.89;2.84;6.74;5.15;2026-09-30;786.7;330.03;456.67;REH 3.541/2025;2026-09-29;65918;1020.182;2025-05;359606.0;17.9
60942281000123;EEB;EMPRESA ELETRICA BRAGANTINA S A;0;0;0;0;0;0;0;0;;;;;;;;;;;;;;;;;;;;;;;;;
60876075000162;EEVP;EMPRESA DE ELETRICIDADE VALE PARANAPANEMA S/A;0;0;0;0;0;0;0;0;;;;;;;;;;;;;;;;;;;;;;;;;
86301124000122;EFLJC;EMPRESA FORCA E LUZ JOAO CESA LTDA;1;1;0;0;0;1;0;0;SC;S:1;S;2025;0;5.59;1396;24959;2.1;2025;4.01;3.42;8.0;6.0;2026-09-30;759.75;345.71;414.04;REH 3.392/2026;2026-09-29;229;2.379;2025-05;295.0;8.54
86531175000140;EFLUL;EMPRESA FORCA E LUZ DE URUSSANGA LTDA;1;1;0;0;0;1;0;0;SC;S:1;S;2025;0;3.25;3743;115227;-1.97;2025;3.83;3.11;8.0;6.0;2026-09-30;759.75;345.71;414.04;REH 3.395/2026;2026-09-29;738;7.918;2025-05;428.0;7.4
02328280000197;ELEKTRO;ELEKTRO REDES S.A.;232;232;0;0;204;28;0;0;MS SP;SE:232;SE;2025;0;8.53;1939885;22740262;6.75;2025;6.15;3.25;7.67;5.62;2026-09-30;891.63;326.36;565.27;REH 3.605/2026;2026-09-29;183993;1618.779;2025-05;247622.0;9.49
88446034000155;ELETROCAR;CENTRAIS ELÉTRICAS DE CARAZINHO SA;19;9;1;9;3;7;0;0;RS;S:10;S;2025;0;9.62;26403;274549;5.61;2025;6.03;5.42;10.3;6.72;2026-09-30;796.43;286.88;509.55;REH 2.673/2026;2026-09-29;6851;64.439;2025-05;1360.0;4.25
61695227000193;ELETROPAULO;ELETROPAULO METROPOLITANA ELETRICIDADE DE SAO PAULO S.A.;24;24;0;0;19;5;0;0;SP;SE:24;SE;2025;0;12.35;6266260;50735802;;2025;6.83;3.82;6.94;4.74;2026-09-30;789.38;316.96;472.42;REH 3.596/2026;2026-09-29;49690;478.494;2025-05;1058561.0;13.48
27485069000109;ELFSM;EMPRESA LUZ E FORCA SANTA MARIA S A;11;11;0;0;3;8;0;0;ES;SE:11;SE;2025;0;11.44;92510;808745;3.45;2025;7.79;4.38;11.01;6.93;2026-09-30;824.89;334.36;490.53;REH 3.678/2026;2026-09-29;13133;158.956;2025-05;10363.0;13.25
19527639000158;EMR;ENERGISA MINAS RIO - DISTRIBUIDORA DE ENERGIA S.A.;70;69;0;1;63;6;0;0;MG RJ;SE:69;SE;2025;0;8.97;224853;2505397;;2025;7.97;4.02;9.97;6.67;2026-09-30;918.99;360.89;558.1;REH 3.591/2026;2026-09-29;57371;613.603;2025-05;89888.0;17.85
15413826000150;EMS;ENERGISA MATO GROSSO DO SUL - DISTRIBUIDORA DE ENERGIA S.A.;74;74;0;0;74;0;0;0;MS;SE:74;SE;2025;0;12.06;981954;8139493;;2025;9.13;4.33;9.92;6.43;2026-09-30;986.6;324.59;662.01;REH 3.582/2026;2026-09-29;165149;1806.66;2025-05;187190.0;19.43
03467321000199;EMT;ENERGISA MATO GROSSO - DISTRIBUIDORA DE ENERGIA S.A.;142;141;1;0;142;0;0;0;MT;SE:142;SE;2025;0;14.43;2222641;15402470;;2025;14.45;6.43;17.19;11.63;2026-09-30;899.42;294.14;605.28;REH 3.581/2026;2026-09-29;239053;3182.399;2025-05;171785.0;13.02
07047251000170;ENEL CE;COMPANHIA ENERGETICA DO CEARA;184;182;2;0;184;0;0;0;CE;NE:184;NE;2025;0;18.59;3491036;18777875;18.63;2025;8.64;4.5;9.49;6.19;2026-09-30;701.75;213.26;488.49;REH 3.324/2026;2026-09-29;152766;1824.923;2025-05;1597569.0;48.8
33050071000158;ENEL RJ;AMPLA ENERGIA E SERVICOS S.A.;66;66;0;0;50;16;0;0;MG RJ;SE:66;SE;2025;0;26.15;4303431;16457562;43.11;2025;8.1;4.34;8.84;5.92;2026-09-30;1061.1;329.38;731.72;REH 3.570/2026;2026-09-29;128948;1062.173;2025-05;647763.0;26.34
33249046000106;ENF;ENERGISA NOVA FRIBURGO - DISTRIBUIDORA DE ENERGIA S.A.;1;0;0;1;0;0;0;0;;;;;;;;;;;;;;;;;;;;;;;;;
09095183000140;EPB;ENERGISA PARAIBA - DISTRIBUIDORA DE ENERGIA S.A;230;221;2;7;222;1;0;0;PB;NE:223;NE;2025;0;13.17;1012626;7690614;;2025;9.4;3.61;12.63;6.91;2026-09-30;709.7;249.38;460.32;REH 3.603/2026;2026-09-29;56059;657.857;2025-05;618585.0;38.09
12272084000100;EQUATORIAL AL;EQUATORIAL ALAGOAS DISTRIBUIDORA DE ENERGIA S.A.;102;102;0;0;102;0;0;0;AL;NE:102;NE;2025;0;16.65;980119;5886950;;2025;13.85;5.43;14.78;11.85;2026-09-30;851.41;201.07;650.34;REH 3.584/2026;2026-09-29;56402;628.243;2025-05;470914.0;39.94
01543032000104;EQUATORIAL GO;EQUATORIAL GOIAS DISTRIBUIDORA DE ENERGIA S/A;246;243;0;3;236;7;0;0;GO;SE:243;SE;2025;0;10.76;2227297;20708004;;2025;12.66;5.87;11.24;7.39;2026-09-30;891.81;324.14;567.67;REH 3.544/2025;2026-09-29;182805;2394.192;2025-05;512533.0;17.18
06272793000184;EQUATORIAL MA;EQUATORIAL MARANHÃO DISTRIBUIDORA DE ENERGIA S.A;216;205;11;0;216;0;0;0;MA;N:216;N;2025;0;19.23;2130291;11079638;;2025;13.21;5.99;13.8;7.86;2026-09-30;888.84;281.3;607.54;REH 3.604/2026;2026-09-29;97254;1110.345;2025-05;934975.0;39.75
04895728000180;EQUATORIAL PA;EQUATORIAL PARA DISTRIBUIDORA DE ENERGIA S.A.;144;144;0;0;144;0;12;2;PA;N:132;N;2025;0;29.83;4994640;16742175;;2025;15.85;6.92;21.47;15.76;2026-09-30;978.3;286.22;692.08;REH 3.507/2025;2026-09-29;162114;1673.94;2025-05;899769.0;38.95
06840748000189;EQUATORIAL PI;EQUATORIAL PIAUI DISTRIBUIDORA DE ENERGIA S.A;224;223;1;0;224;0;0;0;PI;NE:224;NE;2025;0;18.31;1148245;6269806;;2025;17.38;6.26;19.19;12.2;2026-09-30;946.69;299.47;647.22;REH 3.555/2025;2026-09-29;91585;890.298;2025-05;487649.0;40.56
05914650000166;ERO;ENERGISA RONDONIA - DISTRIBUIDORA DE ENERGIA S.A;52;52;0;0;52;0;0;5;RO;SE:52;SE;2025;0;20.52;1110915;5413965;;2025;20.56;7.42;25.02;16.1;2026-09-30;762.44;58.85;703.59;REH 3.320/2026;2026-09-29;66756;783.873;2025-05;101690.0;18.9
13017462000163;ESE;ENERGISA SERGIPE - DISTRIBUIDORA DE ENERGIA S.A;63;63;0;0;62;1;0;0;SE;NE:63;NE;2025;0;11.53;458721;3979545;;2025;9.06;4.03;10.53;6.42;2026-09-30;754.61;271.81;482.8;REH 3.575/2026;2026-09-29;25159;296.208;2025-05;246197.0;30.03
07282377000120;ESS;ENERGISA SUL-SUDESTE - DISTRIBUIDORA DE ENERGIA S.A.;92;84;0;8;70;14;0;0;MG PR SP;SE:83 S:1;;2025;0;7.2;418553;5816725;;2025;5.34;3.2;6.74;5.41;2026-09-30;814.24;321.56;492.68;REH 3.599/2026;2026-09-29;82042;729.224;2025-05;88200.0;11.46
25086034000171;ETO;ENERGISA TOCANTINS DISTRIBUIDORA DE ENERGIA S.A.;139;137;2;0;139;0;0;0;TO;N:139;N;2025;0;10.21;419782;4111354;;2025;14.53;5.32;16.85;10.29;2026-09-30;992.78;309.51;683.27;REH 3.323/2026;2026-09-29;65892;745.956;2025-05;133140.0;22.82
91982348000187;HIDROPAN;HIDROPAN DISTRIBUIÇÃO DE ENERGIA S.A.;2;2;0;0;0;2;0;0;RS;S:2;S;2025;0;4.42;7740;175303;0.22;2025;4.86;4.31;9.0;6.0;2026-09-30;728.97;272.71;456.26;REH 2.678/2026;2026-09-29;2072;15.296;2025-05;559.0;3.04
60444437000146;LIGHT SESA;LIGHT SERVICOS DE ELETRICIDADE S A;46;34;0;12;27;7;0;0;MG RJ;SE:34;SE;2025;0;31.75;11637963;36654236;;2025;6.53;3.26;6.79;4.48;2026-09-30;880.56;302.0;578.56;REH 3.571/2026;2026-09-29;64251;846.581;2025-05;939697.0;25.73
02341467100020;MANAUS ENERGIA;MANAUS ENERGIA S/A;0;0;0;0;0;0;0;0;;;;;;;;;;;;;;;;;;;;;;;;;
97578090000134;MUXENERGIA;MUXFELDT MARIN E CIA LTDA;2;2;0;0;1;1;0;0;RS;S:2;S;2025;0;7.51;7457;99286;;2025;2.38;1.87;8.0;6.0;2026-09-30;744.58;272.86;471.72;REH 2.680/2026;2026-09-29;1982;14.996;2025-05;541.0;4.91
07522669000192;NEOENERGIA BRASÍLIA;NEOENERGIA DISTRIBUICAO BRASILIA S.A.;1;1;0;0;1;0;0;0;DF;SE:1;SE;2025;0;14.23;1198189;8422847;12.73;2025;5.72;3.92;6.83;4.76;2026-09-30;826.72;402.8;423.92;REH 3.542/2025;2026-09-29;36278;594.216;2025-05;106297.0;9.93
10835932000108;NEOENERGIA PE;COMPANHIA ENERGETICA DE PERNAMBUCO;186;186;0;0;185;1;1;0;PB PE;NE:185;NE;2025;0;19.53;3918671;20065507;23.98;2025;10.36;4.24;11.72;6.72;2026-09-30;798.86;263.65;535.21;REH 3.583/2026;2026-09-29;172993;1576.501;2025-05;1169820.0;31.19
79850574000109;PACTO ENERGIA PR;FORCA E LUZ CORONEL VIVIDA LTDA;1;1;0;0;0;1;0;0;PR;S:1;S;2025;0;6.11;5590;91485;;2025;4.05;4.66;7.0;6.0;2026-09-30;768.02;310.85;457.17;REH 3.606/2026;2026-09-29;634;6.939;2025-05;461.0;6.62
02016439000138;RGE;RIO GRANDE ENERGIA SA;0;0;0;0;0;0;0;0;;;;;;;;;;;;;;;;;;;;;;;;;
02016440000162;RGE SUL;RGE SUL DISTRIBUIDORA DE ENERGIA S.A.;382;375;1;6;148;228;0;0;RS;S:376;S;2025;0;9.26;2179959;23542814;;2025;9.03;4.45;10.4;6.97;2026-09-30;944.61;356.11;588.5;REH 3.590/2026;2026-09-29;312649;2750.928;2025-05;305900.0;11.31
13255658000196;SULGIPE;COMPANHIA SUL SERGIPANA DE ELETRICIDADE;14;14;0;0;14;0;0;0;BA SE;NE:14;NE;2025;0;11.83;77382;654140;;2025;9.39;5.17;14.96;8.3;2026-09-30;718.81;189.72;529.09;REH 3.321/2026;2026-09-29;2297;24.343;2025-05;68599.0;42.45
89889604000144;UHENPAL;NOVA PALMA ENERGIA LTDA;9;9;0;0;3;6;0;0;RS;S:9;S;2025;0;7.71;8179;106143;;2025;5.59;4.87;15.0;9.0;2026-09-30;835.15;286.38;548.77;REH 2.674/2026;2026-09-29;1218;11.319;2025-05;1628.0;14.71
02341467000120;ÂMBAR AMAZONAS;AMBAR ENERGIA AMAZONAS S.A.;62;58;0;4;58;0;49;3;AM;N:9;N;2025;0;43.19;5914903;13693926;;2025;40.43;25.09;45.29;43.25;2026-09-30;875.71;281.11;594.6;REH 3.588/2026;2026-09-29;25943;454.677;2025-05;251426.0;27.92
02341470000144;ÂMBAR ENERGIA RR;RORAIMA ENERGIA S.A;15;15;0;0;15;0;3;5;RR;N:12;N;2025;0;16.75;275169;1642577;;2025;18.44;12.85;47.78;53.92;2026-09-30;789.47;344.69;444.78;REH 3.565/2026;2026-09-29;8897;121.296;2025-05;44571.0;23.2
