capital;uf;populacao_pdf_ibge_22_12_2023;populacao_2022_modulo;populacao_2023_modulo;referencia_ministerio_dez_2023_ano_base_2022;referencia_ministerio_dez_2024_ano_base_2023;modulo_igual_ao_pdf;modulo_2023_igual_a_referencia_do_ministerio_origem_DOU
Aracaju;SE;602757;602757;602757;602757;602757;sim;sim
Belém;PA;1303403;1303403;1303403;1303403;1303403;sim;sim
Belo Horizonte;MG;2315560;2315560;2315560;2315560;2315560;sim;sim
Boa Vista;RR;413486;413486;413486;413486;413486;sim;sim
Campo Grande;MS;898100;898100;898100;898100;898100;sim;sim
Cuiabá;MT;650877;650877;650877;650877;650877;sim;sim
Curitiba;PR;1773718;1773718;1773718;1773718;1773718;sim;sim
Florianópolis;SC;537211;537211;537211;537211;537211;sim;sim
Fortaleza;CE;2428708;2428708;2428708;2428708;2428708;sim;sim
Goiânia;GO;1437366;1437366;1437366;1437366;1437366;sim;sim
João Pessoa;PB;833932;833932;833932;833932;833932;sim;sim
Macapá;AP;442933;442933;442933;442933;442933;sim;sim
Maceió;AL;957916;957916;957916;957916;957916;sim;sim
Manaus;AM;2063689;2063689;2063689;2063689;2063689;sim;sim
Natal;RN;751300;751300;751300;751300;751300;sim;sim
Palmas;TO;302692;302692;302692;302692;302692;sim;sim
Porto Alegre;RS;1332845;1332845;1332845;1332833;1332833;sim;NAO
Porto Velho;RO;460434;460434;460434;460434;460434;sim;sim
Recife;PE;1488920;1488920;1488920;1488920;1488920;sim;sim
Rio Branco;AC;364756;364756;364756;364756;364756;sim;sim
Rio de Janeiro;RJ;6211223;6211223;6211223;6211223;6211223;sim;sim
Salvador;BA;2417678;2417678;2417678;2417678;2417678;sim;sim
São Luís;MA;1037775;1037775;1037775;1037775;1037775;sim;sim
São Paulo;SP;11451999;11451999;11451999;11451999;11451999;sim;sim
Teresina;PI;866300;866300;866300;866300;866300;sim;sim
Vitória;ES;322869;322869;322869;322869;322869;sim;sim
