capital;ano;dca_liquidada_funcao_10;rreo_liquidada_ate_o_6o_bimestre;msc_liquidada_funcao_10_saldo_liquido;msc_modalidade_91;situacao_recalculada;situacao_no_csv;quebra_perimetro_recalculada;quebra_perimetro_no_csv;elegivel_no_csv;confere
Aracaju;2021;541656667.9;541259720.05;610527350.07;68870682.17;DIFERENCA_MENOR;DIFERENCA_MENOR;nao;nao;sim;sim
Aracaju;2022;551538290.35;551538290.35;620088678.41;67362853.07;CONFERE;CONFERE;nao;nao;sim;sim
Aracaju;2023;613682463.32;613682463.32;689372686.38;75690223.06;CONFERE;CONFERE;nao;nao;sim;sim
Aracaju;2024;641088866.98;641088866.98;714797164.57;73708297.59;CONFERE;CONFERE;nao;nao;sim;sim
Aracaju;2025;675771594.34;675771594.34;749751797.72;73980203.38;CONFERE;CONFERE;nao;nao;sim;sim
Belém;2021;1064191599.42;1064191599.42;1122555755.62;58364156.2;CONFERE;CONFERE;nao;nao;sim;sim
Belém;2022;1152880529.39;1152880529.39;1198565884.75;45685355.36;CONFERE;CONFERE;nao;nao;sim;sim
Belém;2023;1322049231.47;1322049231.47;1362808977.34;40759745.87;CONFERE;CONFERE;nao;nao;sim;sim
Belém;2024;1441659055.31;1441659055.31;1482221861.16;40562805.85;CONFERE;CONFERE;nao;nao;sim;sim
Belém;2025;1532777091.5;1532777091.5;1572082729.5;39305638.0;CONFERE;CONFERE;nao;nao;sim;sim
Belo Horizonte;2021;4193517290.55;4193517290.55;4665428565.0;471911274.45;CONFERE;CONFERE;nao;nao;sim;sim
Belo Horizonte;2022;4268424474.46;4268424474.46;4815154370.99;546729896.53;CONFERE;CONFERE;nao;nao;sim;sim
Belo Horizonte;2023;4657073648.73;4657073648.73;5232163313.47;575089664.74;CONFERE;CONFERE;nao;nao;sim;sim
Belo Horizonte;2024;5632387856.14;5632387856.14;6321330429.62;688942573.48;CONFERE;CONFERE;nao;nao;sim;sim
Belo Horizonte;2025;6164530838.18;6164530838.18;6832242605.34;667711767.16;CONFERE;CONFERE;nao;nao;sim;sim
Boa Vista;2021;261215597.35;261215597.35;273448325.72;12232728.37;CONFERE;CONFERE;nao;nao;sim;sim
Boa Vista;2022;331790922.15;331790922.15;347676305.7;15885383.55;CONFERE;CONFERE;nao;nao;sim;sim
Boa Vista;2023;395091171.93;395091171.93;413242586.98;18151415.05;CONFERE;CONFERE;nao;nao;sim;sim
Boa Vista;2024;503187172.75;93508841.73;523558424.82;20371252.07;RECONCILIADA_MSC;RECONCILIADA_MSC;nao;nao;sim;sim
Boa Vista;2025;518272796.81;518272796.81;550891958.93;32619162.12;CONFERE;CONFERE;nao;nao;sim;sim
Campo Grande;2021;1573583018.36;1499131890.72;1573583018.36;74451127.64;PERIMETRO_INTRA_MSC;PERIMETRO_INTRA_MSC;sim;sim;nao;sim
Campo Grande;2022;1617698847.98;1617698847.98;1751625350.78;133926502.8;CONFERE;CONFERE;nao;nao;sim;sim
Campo Grande;2023;1672338596.7;1672338596.7;1808153466.77;135814870.07;CONFERE;CONFERE;nao;nao;sim;sim
Campo Grande;2024;1804790622.04;1804790622.04;1977290000.19;172499378.15;CONFERE;CONFERE;nao;nao;sim;sim
Campo Grande;2025;1815077091.98;1815077091.98;1951940554.31;136863462.33;CONFERE;CONFERE;nao;nao;sim;sim
Cuiabá;2021;1155823332.28;1155823332.28;1480802521.17;324979188.89;CONFERE;CONFERE;nao;nao;sim;sim
Cuiabá;2022;1169757284.28;1169757284.28;1469652761.15;299895476.87;CONFERE;CONFERE;nao;nao;sim;sim
Cuiabá;2023;1183817126.19;1183817126.19;1547764559.02;363947432.83;CONFERE;CONFERE;nao;nao;sim;sim
Cuiabá;2024;1158165121.39;1158165121.39;1470787907.31;312622785.92;CONFERE;CONFERE;nao;nao;sim;sim
Cuiabá;2025;1340435281.69;1340435281.69;1721281937.45;380846655.76;CONFERE;CONFERE;nao;nao;sim;sim
Curitiba;2021;2371603853.62;2371603853.62;2479518386.5;107914532.88;CONFERE;CONFERE;nao;nao;sim;sim
Curitiba;2022;2339850127.98;2339850127.98;2464844697.76;124994569.78;CONFERE;CONFERE;nao;nao;sim;sim
Curitiba;2023;2724702017.17;2724702017.17;2862755513.27;138053496.1;CONFERE;CONFERE;nao;nao;sim;sim
Curitiba;2024;3034516084.97;3034516084.97;3190200725.45;155684640.48;CONFERE;CONFERE;nao;nao;sim;sim
Curitiba;2025;3238388804.17;3238388804.17;3393329447.09;154940642.92;CONFERE;CONFERE;nao;nao;sim;sim
Florianópolis;2021;398244698.17;398244698.17;431216834.58;32972136.41;CONFERE;CONFERE;nao;nao;sim;sim
Florianópolis;2022;466493256.91;466493256.91;500433217.17;33939960.26;CONFERE;CONFERE;nao;nao;sim;sim
Florianópolis;2023;524465670.09;524465670.09;562551821.42;38086151.33;CONFERE;CONFERE;nao;nao;sim;sim
Florianópolis;2024;571520675.12;571520675.12;616927369.15;45406694.03;CONFERE;CONFERE;nao;nao;sim;sim
Florianópolis;2025;623160510.48;623160510.48;694150117.01;70989606.53;CONFERE;CONFERE;nao;nao;sim;sim
Fortaleza;2021;2433667960.22;2433667960.22;2625714895.21;192046934.99;CONFERE;CONFERE;nao;nao;sim;sim
Fortaleza;2022;2622872951.56;2622872951.56;2864270732.7;241397781.14;CONFERE;CONFERE;nao;nao;sim;sim
Fortaleza;2023;3132685718.89;3132685718.89;3403221644.64;270535925.75;CONFERE;CONFERE;nao;nao;sim;sim
Fortaleza;2024;3519620467.8;3519620467.8;3812532828.89;292912361.09;CONFERE;CONFERE;nao;nao;sim;sim
Fortaleza;2025;3560561177.85;3560561177.85;3877686058.81;317124880.96;CONFERE;CONFERE;nao;nao;sim;sim
Goiânia;2021;1669191901.8;1669191901.8;1864793138.05;87085190.25;CONFERE;CONFERE;nao;nao;sim;sim
Goiânia;2022;1689530499.01;1689530499.01;1773842916.8;84312417.82;CONFERE;CONFERE;nao;nao;sim;sim
Goiânia;2023;1898340888.53;1898340888.53;2008970722.19;110629833.66;CONFERE;CONFERE;nao;nao;sim;sim
Goiânia;2024;2156666960.32;2156666960.32;2246055059.12;89388098.8;CONFERE;CONFERE;nao;nao;sim;sim
Goiânia;2025;2111242839.69;2111242839.69;2270808213.44;159565373.75;CONFERE;CONFERE;nao;nao;sim;sim
João Pessoa;2021;790236601.63;790236601.63;833446181.43;43209579.8;CONFERE;CONFERE;nao;nao;sim;sim
João Pessoa;2022;897324538.73;897324538.73;937712615.27;40388076.54;CONFERE;CONFERE;nao;nao;sim;sim
João Pessoa;2023;1045766081.36;1045766081.36;1101923683.14;56157601.78;CONFERE;CONFERE;nao;nao;sim;sim
João Pessoa;2024;1188215535.76;1188215535.76;1241831364.18;53615828.42;CONFERE;CONFERE;nao;nao;sim;sim
João Pessoa;2025;1215781925.45;1215781925.45;1269515707.79;53733782.34;CONFERE;CONFERE;nao;nao;sim;sim
Macapá;2021;243913189.57;243913189.57;248879034.29;4965844.72;CONFERE;CONFERE;nao;nao;sim;sim
Macapá;2022;189424439.49;189424439.49;192822527.34;3398087.85;CONFERE;CONFERE;nao;nao;sim;sim
Macapá;2023;332735772.02;332735772.02;350138040.44;17402268.42;CONFERE;CONFERE;nao;nao;sim;sim
Macapá;2024;454710797.16;454710797.16;475490612.31;20779815.15;CONFERE;CONFERE;nao;nao;sim;sim
Macapá;2025;495269686.89;503269686.89;515141570.96;11871884.07;PENDENTE;PENDENTE;nao;nao;nao;sim
Maceió;2021;757830612.74;757830612.74;816908666.97;59078054.23;CONFERE;CONFERE;nao;nao;sim;sim
Maceió;2022;862104716.54;862104716.54;926746633.34;64641916.8;CONFERE;CONFERE;nao;nao;sim;sim
Maceió;2023;1286780710.63;1286780710.63;1353567486.62;66786775.99;CONFERE;CONFERE;nao;nao;sim;sim
Maceió;2024;1283611068.76;1283611068.76;1358338175.42;74727106.66;CONFERE;CONFERE;nao;nao;sim;sim
Maceió;2025;1288774313.96;1288774313.96;1368250042.12;79475728.16;CONFERE;CONFERE;nao;nao;sim;sim
Manaus;2021;1020801741.09;1020801741.09;1108482471.16;87680730.07;CONFERE;CONFERE;nao;nao;sim;sim
Manaus;2022;1271335371.59;1271335371.59;1387889038.41;116553666.82;CONFERE;CONFERE;nao;nao;sim;sim
Manaus;2023;1406614441.14;1406614441.14;1528765574.34;122151133.2;CONFERE;CONFERE;nao;nao;sim;sim
Manaus;2024;1649109338.87;1649109338.87;1808510063.85;159400724.98;CONFERE;CONFERE;nao;nao;sim;sim
Manaus;2025;1757677831.63;1757677831.63;1943271118.61;185593286.98;CONFERE;CONFERE;nao;nao;sim;sim
Natal;2021;879576948.05;879576948.05;918986446.74;39409498.69;CONFERE;CONFERE;nao;nao;sim;sim
Natal;2022;1017229799.17;1017229799.17;845874330.0;30000000.0;CONFERE;CONFERE;nao;nao;sim;sim
Natal;2023;1172913052.74;1172913052.74;284359076.39;5838373.52;CONFERE;CONFERE;nao;nao;sim;sim
Natal;2024;1371084400.02;1371084400.02;1412461319.25;41376919.23;CONFERE;CONFERE;nao;nao;sim;sim
Natal;2025;1342779988.53;1342779988.53;1397928116.49;55148127.96;CONFERE;CONFERE;nao;nao;sim;sim
Palmas;2021;295691886.78;295582128.31;308977127.82;13394999.51;DIFERENCA_MENOR;DIFERENCA_MENOR;nao;nao;sim;sim
Palmas;2022;332730970.63;332730970.63;349754850.98;17023880.35;CONFERE;CONFERE;nao;nao;sim;sim
Palmas;2023;348460543.8;348460543.8;365855540.31;17394996.51;CONFERE;CONFERE;nao;nao;sim;sim
Palmas;2024;381527482.87;381527482.87;409977932.67;28450449.8;CONFERE;CONFERE;nao;nao;sim;sim
Palmas;2025;406289408.93;406289408.93;439544936.52;33255527.59;CONFERE;CONFERE;nao;nao;sim;sim
Porto Alegre;2021;1779050572.19;1779050572.19;2132196648.77;353146076.58;CONFERE;CONFERE;nao;nao;sim;sim
Porto Alegre;2022;1870346847.15;1870346847.15;2172606158.9;302259311.75;CONFERE;CONFERE;nao;nao;sim;sim
Porto Alegre;2023;2616254988.7;2616254988.7;2936421403.05;320166414.35;CONFERE;CONFERE;nao;nao;sim;sim
Porto Alegre;2024;2457019653.98;2457019653.98;2808120162.4;351100508.42;CONFERE;CONFERE;nao;nao;sim;sim
Porto Alegre;2025;2673436620.99;2673436620.99;3050484048.2;377047427.21;CONFERE;CONFERE;nao;nao;sim;sim
Porto Velho;2021;436307569.94;436307569.94;463059398.09;26751828.15;CONFERE;CONFERE;nao;nao;sim;sim
Porto Velho;2022;476001139.93;476001139.93;506723389.32;30722249.39;CONFERE;CONFERE;nao;nao;sim;sim
Porto Velho;2023;529753314.43;529753314.43;562652556.29;32899241.86;CONFERE;CONFERE;nao;nao;sim;sim
Porto Velho;2024;558298101.82;558298101.82;592742354.36;34444252.54;CONFERE;CONFERE;nao;nao;sim;sim
Porto Velho;2025;585497265.83;585497265.83;621248387.5;35751121.67;CONFERE;CONFERE;nao;nao;sim;sim
Recife;2021;1459890173.13;1459890173.13;1532965341.24;73075168.11;CONFERE;CONFERE;nao;nao;sim;sim
Recife;2022;1515238196.67;1515238196.67;1581379961.54;66141764.87;CONFERE;CONFERE;nao;nao;sim;sim
Recife;2023;1659837896.2;1659837896.2;1736351653.96;76513757.76;CONFERE;CONFERE;nao;nao;sim;sim
Recife;2024;1937953959.8;1937953959.8;2035715846.18;97761886.38;CONFERE;CONFERE;nao;nao;sim;sim
Recife;2025;2103812026.05;2103812026.05;2191080232.23;87268206.18;CONFERE;CONFERE;nao;nao;sim;sim
Rio Branco;2021;139128302.19;139128302.19;155100797.21;15972495.02;CONFERE;CONFERE;nao;nao;sim;sim
Rio Branco;2022;203671644.25;203671644.25;226395663.89;22724019.64;CONFERE;CONFERE;nao;nao;sim;sim
Rio Branco;2023;261263040.06;261263040.06;286957850.8;25694810.74;CONFERE;CONFERE;nao;nao;sim;sim
Rio Branco;2024;315067526.23;315067526.23;353861653.17;38794126.94;CONFERE;CONFERE;nao;nao;sim;sim
Rio Branco;2025;284168920.59;284168920.59;328772360.87;44603440.28;CONFERE;CONFERE;nao;nao;sim;sim
Rio de Janeiro;2021;5008023132.59;5008023132.59;4798704184.94;1057707860.8;CONFERE;CONFERE;nao;nao;sim;sim
Rio de Janeiro;2022;6544885413.18;6544885413.18;0.0;0.0;CONFERE;CONFERE;nao;nao;sim;sim
Rio de Janeiro;2023;6795149190.68;6795149190.68;8398374565.22;1603225374.54;CONFERE;CONFERE;nao;nao;sim;sim
Rio de Janeiro;2024;7481203147.38;7481203147.38;9238983352.5;1757780205.12;CONFERE;CONFERE;nao;nao;sim;sim
Rio de Janeiro;2025;7645003822.44;7645003822.44;9554311904.46;1909308082.02;CONFERE;CONFERE;nao;nao;sim;sim
Salvador;2021;1980520161.04;1980520161.04;2079466902.95;98946741.91;CONFERE;CONFERE;nao;nao;sim;sim
Salvador;2022;1966587612.56;1966587612.56;2072629879.5;106042266.94;CONFERE;CONFERE;nao;nao;sim;sim
Salvador;2023;2329346926.19;2329346926.19;2465786483.52;136439557.33;CONFERE;CONFERE;nao;nao;sim;sim
Salvador;2024;2864498343.6;2864498343.6;3001710668.07;137212324.47;CONFERE;CONFERE;nao;nao;sim;sim
Salvador;2025;2881440964.62;2881440964.62;3031009263.21;149568298.59;CONFERE;CONFERE;nao;nao;sim;sim
São Luís;2021;978258313.88;978258313.88;264067003.66;15392760.15;CONFERE;CONFERE;nao;nao;sim;sim
São Luís;2022;1041712262.3;1041712262.3;0.0;0.0;CONFERE;CONFERE;nao;nao;sim;sim
São Luís;2023;1211676329.24;1211676329.24;0.0;0.0;CONFERE;CONFERE;nao;nao;sim;sim
São Luís;2024;1327248238.3;1327248238.3;1346320470.21;19072231.91;CONFERE;CONFERE;nao;nao;sim;sim
São Luís;2025;1508601585.28;1508601585.28;1528383054.37;19781469.09;CONFERE;CONFERE;nao;nao;sim;sim
São Paulo;2021;14598986643.15;14598986643.15;14644375992.67;45389349.52;CONFERE;CONFERE;nao;nao;sim;sim
São Paulo;2022;16712380276.24;16712380276.24;16776648264.12;64267987.88;CONFERE;CONFERE;nao;nao;sim;sim
São Paulo;2023;18588049995.7;18588049995.7;18671745172.35;83695176.65;CONFERE;CONFERE;nao;nao;sim;sim
São Paulo;2024;21927842055.5;21927842055.5;22778736119.54;850894064.04;CONFERE;CONFERE;nao;nao;sim;sim
São Paulo;2025;23342248911.99;23342248911.99;24099774787.65;757525875.66;CONFERE;CONFERE;nao;nao;sim;sim
Teresina;2021;1328254321.81;1328254321.81;1398622472.72;70368150.91;CONFERE;CONFERE;nao;nao;sim;sim
Teresina;2022;1388085617.82;1388085617.82;1479004583.77;90918965.95;CONFERE;CONFERE;nao;nao;sim;sim
Teresina;2023;1501475726.55;1501475726.55;1577340636.32;75864909.77;CONFERE;CONFERE;nao;nao;sim;sim
Teresina;2024;1778415518.42;1778415518.42;1834738785.02;56323266.6;CONFERE;CONFERE;nao;nao;sim;sim
Teresina;2025;1650917455.82;1650917455.82;1775367614.02;124450158.2;CONFERE;CONFERE;nao;nao;sim;sim
Vitória;2021;267719962.68;267719962.68;284915545.4;17195582.72;CONFERE;CONFERE;nao;nao;sim;sim
Vitória;2022;306901629.61;306901629.61;326725478.8;19823849.19;CONFERE;CONFERE;nao;nao;sim;sim
Vitória;2023;380379779.01;380379779.01;407587231.18;27207452.17;CONFERE;CONFERE;nao;nao;sim;sim
Vitória;2024;457454941.6;457454941.6;495208758.63;37753817.03;CONFERE;CONFERE;nao;nao;sim;sim
Vitória;2025;471857624.14;471857624.14;510772461.6;38914837.46;CONFERE;CONFERE;nao;nao;sim;sim
