grupo_de_checagem,checagens,confere,nao_confere,nao_confere_em,observacao
despesa_nominal,130,130,0,,
despesa_real_2025,130,130,0,,
despesa_por_habitante,260,260,0,,
populacao,130,130,0,,
soma_subfuncoes_vs_total_dca,130,130,0,,
soma_subfuncoes_gold_vs_total_gold,130,130,0,,
subfuncao,837,837,0,,
asps_percentual_publicado,130,130,0,,
asps_percentual_recalculado_XVI_sobre_III,130,130,0,,"Em 64 de 130 pares o percentual publicado pelo SIOPS é 0,01 ponto menor que XVI÷III arredondado (truncamento na fonte); a gold reproduz o valor da fonte."
asps_valor_aplicado,130,130,0,,
asps_base_receita,130,130,0,,
ubs_serie_total_ativas,130,130,0,,
ubs_serie_publicas,130,130,0,,
ubs_serie_gestao_municipal,130,130,0,,
ubs_por_10mil,130,130,0,,
ubs_retrato_total_ativas,26,26,0,,
ubs_retrato_publicas,26,26,0,,
ubs_retrato_gestao_municipal,26,26,0,,
aps_esf,130,130,0,,
aps_eap20,130,130,0,,
aps_eap30,130,130,0,,
aps_esf_por_10mil,130,130,0,,
aps_eap_por_10mil,130,130,0,,
aps_cobertura_potencial_serv,130,130,0,,
aps_cobertura_potencial_formula_NT2,130,107,23,Aracaju 2021; Belém 2021; Belo Horizonte 2021; Boa Vista 2021; Campo Grande 2021; Cuiabá 2021 ...,Esperado: fórmula da NT 2/2025 não reproduz dezembro de 2021 (23 de 26 capitais; 3 coincidem); 2022 a 2025 reproduzem (104 de 104). 2021 fica fora das comparações na gold.
icsap_numero,104,104,0,,
icsap_taxa_ripsa,104,104,0,,
icsap_taxa_pop_ibge,104,104,0,,
icsap_soma_grupos_vs_total,104,104,0,,
icsap_soma_grupos_gold_vs_total_gold,104,104,0,,
icsap_grupo,1976,1976,0,,
icsap_participacao,104,104,0,,
natureza_publicacao_coerente,130,128,2,Florianópolis 2022; Florianópolis 2023,"Florianópolis 2022 e 2023: a soma líquida da MSC iguala a DCA, mas há 24 e 30 linhas D e C sem natureza da despesa que se compensam (R$ 48,9 e 50,4 milhões em módulo). O executor não publica a abertura (decisão conservadora defensável); o texto da nota diz ""diferença de R$ 0,00"", o que confunde."
natureza_valor,348,348,0,,
fonte_publicacao_coerente,130,130,0,,
fonte_valor,1152,1152,0,,
