capital,exercicio,asps_aplicado_empenhado_XVI,asps_aplicado_liquidado_XVI,empenhado_acima_do_liquidado_pct,percentual_oficial_empenhado,percentual_com_liquidado,diferenca_pp,despesa_liquidada_funcao_saude_dca,asps_empenhado_sobre_dca_liquidada_pct
Rio Branco,2021,132665880.68,114936521.83,15.43,15.63,13.54,2.09,139128302.19,95.4
Vitória,2022,312256225.65,278286279.28,12.21,16.88,15.04,1.84,306901629.61,101.7
Vitória,2023,368030653.88,329650991.09,11.64,17.45,15.63,1.82,380379779.01,96.8
Vitória,2021,270096175.25,242678019.95,11.3,16.36,14.7,1.66,267719962.68,100.9
Curitiba,2025,1815431544.42,1687724476.46,7.57,21.2,19.71,1.49,3238388804.17,56.1
Vitória,2024,425070433.52,391346910.98,8.62,17.98,16.55,1.43,457454941.6,92.9
Palmas,2021,190712997.01,178098392.09,7.08,21.41,19.99,1.42,295691886.78,64.5
Vitória,2025,432597552.77,398826436.73,8.47,17.68,16.3,1.38,471857624.14,91.7
Rio Branco,2022,171873209.03,159465185.66,7.78,16.34,15.16,1.18,203671644.25,84.4
Palmas,2022,211572040.81,199462532.46,6.07,19.89,18.75,1.14,332730970.63,63.6
Aracaju,2025,460516866.62,434532156.29,5.98,19.21,18.12,1.09,675771594.34,68.1
Porto Alegre,2023,1049280120.84,1001460747.52,4.77,21.58,20.59,0.99,2616254988.7,40.1
Vitória,2021,270096175.25,242678019.95,11.3,16.36,14.7,1.66,267719962.68,100.9
Vitória,2022,312256225.65,278286279.28,12.21,16.88,15.04,1.84,306901629.61,101.7
